Datetime,Exchange,Symbol_Pair,Low,High,Open,Close,Volume_in_MATIC,Volume_USD
2022-12-27,Coinbase,MATIC/USD,0.7971,0.8193,0.8152,0.8054,13784830.1,11102302.16254
2022-12-26,Coinbase,MATIC/USD,0.7935,0.8167,0.7949,0.8152,13577514.0,11068389.4128
2022-12-25,Coinbase,MATIC/USD,0.7856,0.799,0.7957,0.7949,9379587.6,7455834.18324
2022-12-24,Coinbase,MATIC/USD,0.7928,0.8011,0.7991,0.7956,8808185.1,7007792.065559999
2022-12-23,Coinbase,MATIC/USD,0.7913,0.8073,0.7964,0.7991,17075520.2,13645048.19182
2022-12-22,Coinbase,MATIC/USD,0.7697,0.7975,0.7938,0.7963,23214566.0,18485758.9058
2022-12-21,Coinbase,MATIC/USD,0.7855,0.8035,0.8015,0.7938,26873457.3,21332150.40474
2022-12-20,Coinbase,MATIC/USD,0.7678,0.809,0.7737,0.8013,36145189.7,28963140.50661
2022-12-19,Coinbase,MATIC/USD,0.7576,0.8218,0.8137,0.7738,36414695.0,28177690.991
2022-12-18,Coinbase,MATIC/USD,0.8019,0.8263,0.8164,0.8138,14618173.2,11896269.35016
2022-12-17,Coinbase,MATIC/USD,0.7817,0.8189,0.7956,0.816,28976877.4,23645131.9584
2022-12-16,Coinbase,MATIC/USD,0.7817,0.891,0.8784,0.7956,43655822.6,34732572.46056
2022-12-15,Coinbase,MATIC/USD,0.8717,0.9064,0.9031,0.8786,28092301.7,24681896.27362
2022-12-14,Coinbase,MATIC/USD,0.8932,0.9383,0.9238,0.903,29573398.2,26704778.5746
2022-12-13,Coinbase,MATIC/USD,0.8795,0.9424,0.9112,0.924,43050772.1,39778913.4204
2022-12-12,Coinbase,MATIC/USD,0.8696,0.913,0.892,0.9111,25759143.9,23469156.00729
2022-12-11,Coinbase,MATIC/USD,0.8885,0.9151,0.9085,0.8921,17559138.1,15664507.099010002
2022-12-10,Coinbase,MATIC/USD,0.9006,0.9165,0.9095,0.9084,14893056.2,13528852.25208
2022-12-09,Coinbase,MATIC/USD,0.908,0.9346,0.9278,0.9097,21652345.5,19697138.70135
2022-12-08,Coinbase,MATIC/USD,0.8874,0.9301,0.8979,0.9278,29494131.3,27364655.02014
2022-12-07,Coinbase,MATIC/USD,0.8707,0.9198,0.9177,0.8978,37556021.2,33717795.83336
2022-12-06,Coinbase,MATIC/USD,0.8965,0.9214,0.9117,0.9176,25489220.1,23388908.36376
2022-12-05,Coinbase,MATIC/USD,0.8999,0.9452,0.9213,0.9115,39634758.5,36127082.37275
2022-12-04,Coinbase,MATIC/USD,0.9013,0.9237,0.9029,0.9214,18055276.5,16636131.7671
2022-12-03,Coinbase,MATIC/USD,0.8997,0.95,0.9489,0.9027,22897373.2,20669458.78764
2022-12-02,Coinbase,MATIC/USD,0.8984,0.9493,0.9087,0.9489,47404296.5,44981936.94885
2022-12-01,Coinbase,MATIC/USD,0.9057,0.9454,0.9331,0.9087,58028558.7,52730551.29069
2022-11-30,Coinbase,MATIC/USD,0.8369,0.9446,0.8383,0.933,69784755.8,65109177.1614
2022-11-29,Coinbase,MATIC/USD,0.8129,0.8497,0.8213,0.8382,22869382.6,19169116.49532
2022-11-28,Coinbase,MATIC/USD,0.8036,0.8486,0.8433,0.8209,37928981.3,31135900.74917
2022-11-27,Coinbase,MATIC/USD,0.8402,0.8655,0.846,0.8435,22478308.9,18960453.55715
2022-11-26,Coinbase,MATIC/USD,0.8382,0.8712,0.8439,0.8459,21987508.9,18599233.77851
2022-11-25,Coinbase,MATIC/USD,0.8188,0.8491,0.8483,0.8436,23960885.1,20213402.670360003
2022-11-24,Coinbase,MATIC/USD,0.8412,0.8905,0.8607,0.8482,36270103.7,30764301.95834
2022-11-23,Coinbase,MATIC/USD,0.8354,0.8721,0.8504,0.8607,46994493.9,40448160.89973
2022-11-22,Coinbase,MATIC/USD,0.7775,0.8659,0.7953,0.8502,66460644.7,56504840.12394
2022-11-21,Coinbase,MATIC/USD,0.7633,0.8204,0.8058,0.7953,53919069.8,42881836.21194
2022-11-20,Coinbase,MATIC/USD,0.7983,0.8806,0.8752,0.8058,41184594.7,33186546.40926
2022-11-19,Coinbase,MATIC/USD,0.8487,0.8826,0.8783,0.8753,24949704.5,21838476.34885
2022-11-18,Coinbase,MATIC/USD,0.8669,0.8993,0.873,0.8783,31240474.9,27438509.10467
2022-11-17,Coinbase,MATIC/USD,0.861,0.9115,0.8974,0.8732,46018567.6,40183413.22832
2022-11-16,Coinbase,MATIC/USD,0.878,0.9551,0.9409,0.897,48368306.9,43386371.2893
2022-11-15,Coinbase,MATIC/USD,0.9058,0.9726,0.917,0.9409,58748589.9,55276548.23690999
2022-11-14,Coinbase,MATIC/USD,0.8308,0.9641,0.8886,0.9164,77098800.7,70653340.96148
2022-11-13,Coinbase,MATIC/USD,0.8641,0.9668,0.938,0.8883,60329732.0,53590900.9356
2022-11-12,Coinbase,MATIC/USD,0.924,1.0653,1.0626,0.9379,71584140.8,67138765.65631999
2022-11-11,Coinbase,MATIC/USD,0.9671,1.1565,1.1209,1.0624,104878297.1,111422702.83904
2022-11-10,Coinbase,MATIC/USD,0.8004,1.1574,0.8152,1.1213,154965739.5,173763083.70135
2022-11-09,Coinbase,MATIC/USD,0.761,1.0717,1.0442,0.8152,158005227.9,128805861.78408
2022-11-08,Coinbase,MATIC/USD,0.9,1.275,1.2573,1.0447,154787851.7,161706868.67099
2022-11-07,Coinbase,MATIC/USD,1.1288,1.2918,1.1345,1.2572,82450932.3,103657312.08756
2022-11-06,Coinbase,MATIC/USD,1.1311,1.2152,1.185,1.135,50837298.9,57700334.2515
2022-11-05,Coinbase,MATIC/USD,1.1526,1.3042,1.1694,1.1847,74108030.5,87795783.73335001
2022-11-04,Coinbase,MATIC/USD,0.9503,1.1984,0.9509,1.1692,115621165.7,135184266.93644
2022-11-03,Coinbase,MATIC/USD,0.8684,0.9912,0.8736,0.9511,77211789.1,73436132.61300999
2022-11-02,Coinbase,MATIC/USD,0.8364,0.897,0.874,0.8735,53435758.3,46676134.87505
2022-11-01,Coinbase,MATIC/USD,0.873,0.9096,0.9028,0.874,21563877.8,18846829.1972
2022-10-31,Coinbase,MATIC/USD,0.893,0.93,0.9087,0.9029,23696544.1,21395609.66789
2022-10-30,Coinbase,MATIC/USD,0.8989,0.95,0.934,0.9085,24654116.4,22398264.7494
2022-10-29,Coinbase,MATIC/USD,0.9263,0.9592,0.9444,0.934,26251269.7,24518685.8998
2022-10-28,Coinbase,MATIC/USD,0.8946,0.9475,0.9036,0.9445,27849732.9,26304072.72405
2022-10-27,Coinbase,MATIC/USD,0.8938,0.9477,0.9405,0.9037,30664542.2,27711546.78614
2022-10-26,Coinbase,MATIC/USD,0.9177,0.9678,0.9179,0.9384,34554391.3,32425840.79592
2022-10-25,Coinbase,MATIC/USD,0.8746,0.9485,0.8931,0.9176,43310484.7,39741700.76072
2022-10-24,Coinbase,MATIC/USD,0.872,0.9088,0.8985,0.8931,37760791.7,33724163.06727
2022-10-23,Coinbase,MATIC/USD,0.8206,0.9043,0.8319,0.8987,18777966.1,16875758.13407
2022-10-22,Coinbase,MATIC/USD,0.8131,0.84,0.8321,0.8319,10812020.2,8994519.604379999
2022-10-21,Coinbase,MATIC/USD,0.7751,0.8339,0.8086,0.832,30579920.2,25442493.6064
2022-10-20,Coinbase,MATIC/USD,0.8054,0.8483,0.8444,0.8087,32854447.0,26569391.2889
2022-10-19,Coinbase,MATIC/USD,0.8397,0.8815,0.864,0.8445,31370172.9,26492111.01405
2022-10-18,Coinbase,MATIC/USD,0.8355,0.88,0.8484,0.8642,38795563.2,33527125.71744
2022-10-17,Coinbase,MATIC/USD,0.796,0.8505,0.7985,0.8484,24238810.7,20564206.99788
2022-10-16,Coinbase,MATIC/USD,0.788,0.81,0.7893,0.7987,8238069.0,6579745.710299999
2022-10-15,Coinbase,MATIC/USD,0.7859,0.8101,0.7931,0.7894,10877346.0,8586576.9324
2022-10-14,Coinbase,MATIC/USD,0.7755,0.8225,0.7755,0.793,23615975.4,18727468.4922
2022-10-13,Coinbase,MATIC/USD,0.7159,0.7876,0.7828,0.7756,48792508.7,37843469.74772
2022-10-12,Coinbase,MATIC/USD,0.7822,0.8019,0.7907,0.783,11477183.5,8986634.6805
2022-10-11,Coinbase,MATIC/USD,0.7844,0.8137,0.8137,0.7908,18000181.3,14234543.37204
2022-10-10,Coinbase,MATIC/USD,0.8117,0.8431,0.8257,0.8137,22507562.6,18314403.68762
2022-10-09,Coinbase,MATIC/USD,0.8079,0.8304,0.8147,0.8257,7109902.7,5870646.65939
2022-10-08,Coinbase,MATIC/USD,0.8081,0.8348,0.8314,0.8148,8105691.1,6604517.108279999
2022-10-07,Coinbase,MATIC/USD,0.8184,0.8484,0.8338,0.8315,19729229.3,16404854.162950002
2022-10-06,Coinbase,MATIC/USD,0.8304,0.8598,0.8515,0.8338,31222620.8,26033421.22304
2022-10-05,Coinbase,MATIC/USD,0.8208,0.8611,0.8356,0.8517,28325771.6,24125059.67172
2022-10-04,Coinbase,MATIC/USD,0.8001,0.8437,0.8002,0.8357,41849246.5,34973415.30005
2022-10-03,Coinbase,MATIC/USD,0.7548,0.808,0.7633,0.8005,28333410.9,22680895.42545
2022-10-02,Coinbase,MATIC/USD,0.7612,0.7836,0.7669,0.7633,10120177.5,7724731.48575
2022-10-01,Coinbase,MATIC/USD,0.7596,0.7814,0.7779,0.7669,7679406.8,5889337.0749200005
2022-09-30,Coinbase,MATIC/USD,0.7609,0.7898,0.7634,0.7781,24130879.6,18776237.41676
2022-09-29,Coinbase,MATIC/USD,0.7314,0.7648,0.7473,0.763,18649124.7,14229282.1461
2022-09-28,Coinbase,MATIC/USD,0.7121,0.7544,0.739,0.7474,24648760.2,18422483.37348
2022-09-27,Coinbase,MATIC/USD,0.7262,0.7937,0.7559,0.7389,40601976.9,30000800.73141
2022-09-26,Coinbase,MATIC/USD,0.7262,0.762,0.7396,0.7559,32675122.2,24699124.87098
2022-09-25,Coinbase,MATIC/USD,0.731,0.7671,0.7527,0.7397,17744065.2,13125285.02844
2022-09-24,Coinbase,MATIC/USD,0.7498,0.7822,0.7785,0.753,20125966.4,15154852.6992
2022-09-23,Coinbase,MATIC/USD,0.7227,0.7851,0.7522,0.7783,36232202.9,28199523.51707
2022-09-22,Coinbase,MATIC/USD,0.7001,0.7627,0.7005,0.7519,30936521.1,23261170.215090003
2022-09-21,Coinbase,MATIC/USD,0.6901,0.7784,0.7336,0.7006,47786435.9,33479176.99154
2022-09-20,Coinbase,MATIC/USD,0.73,0.7695,0.7656,0.7335,30723571.6,22535739.7686
2022-09-19,Coinbase,MATIC/USD,0.725,0.7759,0.7533,0.7657,27748083.2,21246707.30624
2022-09-18,Coinbase,MATIC/USD,0.75,0.8363,0.8286,0.7533,19718623.5,14854039.08255
2022-09-17,Coinbase,MATIC/USD,0.805,0.8312,0.8066,0.8286,8843702.9,7327892.222940001
2022-09-16,Coinbase,MATIC/USD,0.7867,0.8309,0.8248,0.8067,27075375.0,21841705.0125
2022-09-15,Coinbase,MATIC/USD,0.8171,0.876,0.864,0.8247,31814932.4,26237774.75028
2022-09-14,Coinbase,MATIC/USD,0.8302,0.8684,0.8463,0.8644,31022801.3,26816109.44372
2022-09-13,Coinbase,MATIC/USD,0.8396,0.9439,0.9313,0.846,56233730.7,47573736.1722
2022-09-12,Coinbase,MATIC/USD,0.8719,0.94,0.8938,0.9309,43196734.9,40211840.51841
2022-09-11,Coinbase,MATIC/USD,0.8761,0.9178,0.9058,0.8937,13431938.0,12004122.9906
2022-09-10,Coinbase,MATIC/USD,0.8785,0.9123,0.8901,0.906,21829545.6,19777568.313600004
2022-09-09,Coinbase,MATIC/USD,0.8428,0.9007,0.8457,0.8901,27782378.4,24729095.01384
2022-09-08,Coinbase,MATIC/USD,0.8154,0.8499,0.8405,0.8456,31938651.0,27007323.2856
2022-09-07,Coinbase,MATIC/USD,0.7914,0.8515,0.8159,0.8403,31559139.5,26519144.921850003
2022-09-06,Coinbase,MATIC/USD,0.812,0.9235,0.8829,0.8162,47207586.7,38530832.26454
2022-09-05,Coinbase,MATIC/USD,0.8622,0.9028,0.895,0.8829,20145284.3,17786271.508470003
2022-09-04,Coinbase,MATIC/USD,0.8724,0.8986,0.8893,0.8952,17516450.4,15680726.39808
2022-09-03,Coinbase,MATIC/USD,0.8665,0.8904,0.8721,0.8893,20362117.3,18108030.91489
2022-09-02,Coinbase,MATIC/USD,0.8629,0.9135,0.8849,0.8721,40315425.1,35159082.22971
2022-09-01,Coinbase,MATIC/USD,0.8223,0.8957,0.8327,0.8847,42978723.9,38023277.03433
2022-08-31,Coinbase,MATIC/USD,0.816,0.8588,0.816,0.8326,30208771.2,25151822.90112
2022-08-30,Coinbase,MATIC/USD,0.7829,0.844,0.8168,0.8157,34107791.5,27821725.52655
2022-08-29,Coinbase,MATIC/USD,0.7621,0.8216,0.7826,0.817,34846024.6,28469202.0982
2022-08-28,Coinbase,MATIC/USD,0.7777,0.8337,0.8062,0.7827,30160499.1,23606622.64557
2022-08-27,Coinbase,MATIC/USD,0.757,0.8147,0.7666,0.806,34756485.9,28013727.6354
2022-08-26,Coinbase,MATIC/USD,0.7562,0.8484,0.8193,0.7667,58825306.5,45101362.49355
2022-08-25,Coinbase,MATIC/USD,0.8052,0.8321,0.8135,0.819,22782683.0,18659017.377
2022-08-24,Coinbase,MATIC/USD,0.8019,0.8406,0.832,0.8135,25232711.6,20526810.886600003
2022-08-23,Coinbase,MATIC/USD,0.7912,0.8371,0.8101,0.832,27758836.9,23095352.3008
2022-08-22,Coinbase,MATIC/USD,0.7685,0.823,0.8207,0.8097,24708442.1,20006425.56837
2022-08-21,Coinbase,MATIC/USD,0.7786,0.8307,0.7861,0.8207,32870108.7,26976498.21009
2022-08-20,Coinbase,MATIC/USD,0.7584,0.8168,0.7694,0.7861,54828775.5,43100900.42055
2022-08-19,Coinbase,MATIC/USD,0.7636,0.8576,0.8572,0.7694,68137698.6,52425145.30284
2022-08-18,Coinbase,MATIC/USD,0.8551,0.9094,0.8849,0.8571,21279823.0,18238936.2933
2022-08-17,Coinbase,MATIC/USD,0.8769,0.9643,0.9344,0.8847,38539657.5,34096034.99025
2022-08-16,Coinbase,MATIC/USD,0.9241,0.968,0.9511,0.9345,23531363.9,21990059.56455
2022-08-15,Coinbase,MATIC/USD,0.9311,1.035,1.001,0.9517,48065440.3,45743879.53351
2022-08-14,Coinbase,MATIC/USD,0.9856,1.055,1.026,1.0013,32998790.6,33041689.027780004
2022-08-13,Coinbase,MATIC/USD,0.9298,1.0337,0.9354,1.026,58303951.5,59819854.239
2022-08-12,Coinbase,MATIC/USD,0.9062,0.9358,0.9215,0.9354,20693585.7,19356780.06378
2022-08-11,Coinbase,MATIC/USD,0.916,0.9568,0.9386,0.9215,25134393.9,23161343.97885
2022-08-10,Coinbase,MATIC/USD,0.8706,0.9419,0.8912,0.9383,34519467.9,32389616.73057
2022-08-09,Coinbase,MATIC/USD,0.8694,0.9314,0.9222,0.8915,28019752.7,24979609.53205
2022-08-08,Coinbase,MATIC/USD,0.9047,0.9519,0.9072,0.922,25962116.1,23937071.044200003
2022-08-07,Coinbase,MATIC/USD,0.8926,0.9254,0.908,0.9072,19462683.5,17656546.4712
2022-08-06,Coinbase,MATIC/USD,0.9028,0.9411,0.9276,0.9078,29770344.1,27025518.373980004
2022-08-05,Coinbase,MATIC/USD,0.889,0.9382,0.8918,0.9276,30545321.8,28333840.50168
2022-08-04,Coinbase,MATIC/USD,0.8755,0.9131,0.8886,0.8918,25180236.7,22455735.08906
2022-08-03,Coinbase,MATIC/USD,0.8566,0.9263,0.8773,0.8886,34423364.1,30588601.33926
2022-08-02,Coinbase,MATIC/USD,0.8488,0.907,0.8922,0.877,42804357.4,37539421.4398
2022-08-01,Coinbase,MATIC/USD,0.878,0.9471,0.9286,0.8919,64693032.1,57699715.32999
2022-07-31,Coinbase,MATIC/USD,0.9105,1.0166,0.9316,0.9288,62579263.2,58123619.66016
2022-07-30,Coinbase,MATIC/USD,0.9142,0.984,0.9388,0.9312,51282734.0,47754481.900800005
2022-07-29,Coinbase,MATIC/USD,0.905,0.9937,0.9345,0.939,92556880.6,86910910.8834
2022-07-28,Coinbase,MATIC/USD,0.8467,0.9779,0.8969,0.934,121950166.8,113901455.7912
2022-07-27,Coinbase,MATIC/USD,0.762,0.8992,0.784,0.8975,93798937.1,84184546.04724999
2022-07-26,Coinbase,MATIC/USD,0.7222,0.7854,0.77,0.784,69231049.7,54277142.96480001
2022-07-25,Coinbase,MATIC/USD,0.7681,0.885,0.8794,0.7697,71342404.0,54912248.3588
2022-07-24,Coinbase,MATIC/USD,0.8451,0.9092,0.8713,0.8794,46887493.2,41232861.52008
2022-07-23,Coinbase,MATIC/USD,0.8137,0.8883,0.8511,0.8714,49582263.5,43205984.4139
2022-07-22,Coinbase,MATIC/USD,0.8443,0.9348,0.9054,0.851,68139855.8,57987017.2858
2022-07-21,Coinbase,MATIC/USD,0.7966,0.9291,0.8319,0.9057,95112252.7,86143167.27039
2022-07-20,Coinbase,MATIC/USD,0.8113,0.9528,0.9254,0.832,129504651.3,107747869.8816
2022-07-19,Coinbase,MATIC/USD,0.8833,0.9795,0.9582,0.9257,121382876.7,112364128.96119
2022-07-18,Coinbase,MATIC/USD,0.7451,0.9846,0.7525,0.9584,177190234.5,169819120.7448
2022-07-17,Coinbase,MATIC/USD,0.7184,0.7902,0.729,0.7528,81557066.8,61396159.88704
2022-07-16,Coinbase,MATIC/USD,0.6821,0.744,0.703,0.7292,50922798.0,37132904.3016
2022-07-15,Coinbase,MATIC/USD,0.6743,0.7353,0.7091,0.7034,90559927.4,63699852.93316001
2022-07-14,Coinbase,MATIC/USD,0.613,0.7183,0.6385,0.709,117686996.1,83440080.2349
2022-07-13,Coinbase,MATIC/USD,0.5193,0.6477,0.5358,0.6388,95734092.9,61154938.544520006
2022-07-12,Coinbase,MATIC/USD,0.5337,0.5928,0.5624,0.5356,56219056.2,30110926.50072
2022-07-11,Coinbase,MATIC/USD,0.5363,0.5978,0.5713,0.5628,60546459.9,34075547.63172
2022-07-10,Coinbase,MATIC/USD,0.5521,0.5901,0.5898,0.5713,28938116.4,16532345.89932
2022-07-09,Coinbase,MATIC/USD,0.582,0.6114,0.6056,0.5896,23599947.5,13914529.046
2022-07-08,Coinbase,MATIC/USD,0.555,0.6196,0.563,0.6054,72847614.7,44101945.939380005
2022-07-07,Coinbase,MATIC/USD,0.511,0.5741,0.5253,0.5626,53077324.7,29861302.876220003
2022-07-06,Coinbase,MATIC/USD,0.4918,0.5303,0.5123,0.5253,54699234.8,28733508.04044
2022-07-05,Coinbase,MATIC/USD,0.4854,0.5354,0.4913,0.5124,77577573.5,39750748.6614
2022-07-04,Coinbase,MATIC/USD,0.4508,0.495,0.4616,0.4913,31842911.0,15644422.1743
2022-07-03,Coinbase,MATIC/USD,0.4482,0.4942,0.4926,0.4616,31691657.8,14628869.24048
2022-07-02,Coinbase,MATIC/USD,0.448,0.4955,0.4616,0.4922,25031285.3,12320398.62466
2022-07-01,Coinbase,MATIC/USD,0.449,0.4976,0.4816,0.4611,73934878.6,34091372.52246
2022-06-30,Coinbase,MATIC/USD,0.4173,0.4971,0.4969,0.4815,96251692.3,46345189.84245
2022-06-29,Coinbase,MATIC/USD,0.4845,0.5457,0.5102,0.4968,75005412.0,37262688.6816
2022-06-28,Coinbase,MATIC/USD,0.5033,0.5744,0.5318,0.5099,66037258.7,33672398.21113
2022-06-27,Coinbase,MATIC/USD,0.5197,0.5966,0.5581,0.5321,55116517.7,29327499.068170004
2022-06-26,Coinbase,MATIC/USD,0.556,0.6268,0.6009,0.5584,39087674.4,21826557.38496
2022-06-25,Coinbase,MATIC/USD,0.566,0.6263,0.6067,0.6007,41669654.0,25030961.1578
2022-06-24,Coinbase,MATIC/USD,0.5617,0.6274,0.5624,0.6067,100467956.9,60953909.45123
2022-06-23,Coinbase,MATIC/USD,0.4552,0.5737,0.4555,0.5623,133768643.6,75218108.29628
2022-06-22,Coinbase,MATIC/USD,0.3942,0.4712,0.4197,0.4554,80260934.5,36550829.5713
2022-06-21,Coinbase,MATIC/USD,0.392,0.4544,0.4005,0.4197,64445218.7,27047658.288390003
2022-06-20,Coinbase,MATIC/USD,0.3584,0.411,0.3837,0.4007,60137266.0,24097002.4862
2022-06-19,Coinbase,MATIC/USD,0.3262,0.3847,0.3452,0.3837,55934209.1,21461956.03167
2022-06-18,Coinbase,MATIC/USD,0.3162,0.4068,0.3994,0.3453,72167955.4,24919594.99962
2022-06-17,Coinbase,MATIC/USD,0.3778,0.4076,0.3828,0.3994,46389124.0,18527816.1256
2022-06-16,Coinbase,MATIC/USD,0.3751,0.445,0.4393,0.3826,58713387.8,22463742.17228
2022-06-15,Coinbase,MATIC/USD,0.3628,0.4398,0.4149,0.4395,114493037.6,50319690.0252
2022-06-14,Coinbase,MATIC/USD,0.3951,0.4523,0.43,0.4149,78143364.1,32421681.76509
2022-06-13,Coinbase,MATIC/USD,0.4037,0.5035,0.4962,0.4296,144163182.2,61932503.07311999
2022-06-12,Coinbase,MATIC/USD,0.4953,0.5463,0.5402,0.4964,46291455.7,22979078.60948
2022-06-11,Coinbase,MATIC/USD,0.5306,0.6062,0.5938,0.5397,37272625.1,20116035.76647
2022-06-10,Coinbase,MATIC/USD,0.5894,0.6624,0.6331,0.5939,49794630.4,29573030.99456
2022-06-09,Coinbase,MATIC/USD,0.6017,0.6521,0.6064,0.6332,23864995.9,15111315.403879998
2022-06-08,Coinbase,MATIC/USD,0.6011,0.6326,0.6172,0.6063,20908906.3,12677069.88969
2022-06-07,Coinbase,MATIC/USD,0.5746,0.633,0.6324,0.6167,38453331.7,23714169.65939
2022-06-06,Coinbase,MATIC/USD,0.5953,0.6556,0.5973,0.6324,36183864.5,22882675.9098
2022-06-05,Coinbase,MATIC/USD,0.5837,0.6061,0.5955,0.5974,16796398.9,10034168.70286
2022-06-04,Coinbase,MATIC/USD,0.5748,0.6,0.5886,0.5954,12070529.0,7186792.966600001
2022-06-03,Coinbase,MATIC/USD,0.5757,0.6203,0.619,0.5886,28462539.6,16753050.80856
2022-06-02,Coinbase,MATIC/USD,0.59,0.6218,0.5997,0.6185,23843122.5,14746971.26625
2022-06-01,Coinbase,MATIC/USD,0.585,0.6707,0.662,0.5994,39284552.0,23547160.4688
2022-05-31,Coinbase,MATIC/USD,0.6426,0.6835,0.6572,0.6618,39345448.3,26038817.68494
2022-05-30,Coinbase,MATIC/USD,0.5944,0.6606,0.5991,0.6572,28168427.4,18512290.48728
2022-05-29,Coinbase,MATIC/USD,0.5739,0.601,0.5875,0.599,16087904.9,9636655.0351
2022-05-28,Coinbase,MATIC/USD,0.5681,0.5961,0.5739,0.5871,18710707.7,10985056.49067
2022-05-27,Coinbase,MATIC/USD,0.5639,0.6106,0.598,0.5743,44374327.5,25484176.28325
2022-05-26,Coinbase,MATIC/USD,0.5766,0.6591,0.6449,0.5984,46976266.2,28110597.694080003
2022-05-25,Coinbase,MATIC/USD,0.6272,0.6731,0.6624,0.6448,28970482.9,18680167.37392
2022-05-24,Coinbase,MATIC/USD,0.61,0.6677,0.6411,0.6624,40606796.7,26897942.13408
2022-05-23,Coinbase,MATIC/USD,0.6348,0.6998,0.675,0.641,29240437.0,18743120.117
2022-05-22,Coinbase,MATIC/USD,0.6397,0.6816,0.6485,0.6755,18599578.2,12564015.0741
2022-05-21,Coinbase,MATIC/USD,0.62,0.6597,0.6333,0.6482,21710980.9,14073057.819379998
2022-05-20,Coinbase,MATIC/USD,0.6159,0.6785,0.6576,0.6333,28168186.8,17838912.70044
2022-05-19,Coinbase,MATIC/USD,0.6082,0.6724,0.6255,0.6575,32369488.1,21282938.42575
2022-05-18,Coinbase,MATIC/USD,0.623,0.7372,0.7256,0.6258,36403820.6,22781510.93148
2022-05-17,Coinbase,MATIC/USD,0.6735,0.7349,0.6772,0.726,33595843.2,24390582.1632
2022-05-16,Coinbase,MATIC/USD,0.6573,0.7416,0.7414,0.6768,38305058.2,25924863.38976
2022-05-15,Coinbase,MATIC/USD,0.6552,0.7426,0.6844,0.7418,33364191.3,24749557.10634
2022-05-14,Coinbase,MATIC/USD,0.6143,0.711,0.6658,0.6844,35299651.6,24159081.55504
2022-05-13,Coinbase,MATIC/USD,0.5887,0.755,0.5997,0.6654,75208352.9,50043638.01966
2022-05-12,Coinbase,MATIC/USD,0.4769,0.7155,0.6723,0.5994,116327160.6,69726500.06364
2022-05-11,Coinbase,MATIC/USD,0.6016,0.9118,0.8891,0.6729,119851460.7,80648047.90503001
2022-05-10,Coinbase,MATIC/USD,0.7904,0.9895,0.8101,0.889,88991474.0,79113420.386
2022-05-09,Coinbase,MATIC/USD,0.7868,0.991,0.9758,0.8106,70946669.8,57509370.53988
2022-05-08,Coinbase,MATIC/USD,0.9603,1.0296,1.0188,0.9754,31298807.6,30528856.933040004
2022-05-07,Coinbase,MATIC/USD,0.9922,1.0664,1.0417,1.019,26809913.5,27319301.8565
2022-05-06,Coinbase,MATIC/USD,1.011,1.0765,1.0644,1.0418,28710668.1,29910774.02658
2022-05-05,Coinbase,MATIC/USD,1.0295,1.1869,1.1724,1.0644,28418795.5,30248965.9302
2022-05-04,Coinbase,MATIC/USD,1.0694,1.1745,1.076,1.1718,24523996.8,28737219.45024
2022-05-03,Coinbase,MATIC/USD,1.0532,1.1164,1.0768,1.076,18261136.9,19648983.3044
2022-05-02,Coinbase,MATIC/USD,1.0366,1.1208,1.0991,1.0761,28973590.1,31178480.306610003
2022-05-01,Coinbase,MATIC/USD,1.0146,1.1231,1.0327,1.0991,27376944.5,30089999.69995
2022-04-30,Coinbase,MATIC/USD,1.0118,1.1658,1.1407,1.0327,28870070.4,29814121.70208
2022-04-29,Coinbase,MATIC/USD,1.1275,1.2461,1.2378,1.1403,26136664.2,29803638.18726
2022-04-28,Coinbase,MATIC/USD,1.2267,1.2797,1.2571,1.2373,13896495.7,17194134.12961
2022-04-27,Coinbase,MATIC/USD,1.2346,1.2926,1.2446,1.2574,12677646.2,15940872.33188
2022-04-26,Coinbase,MATIC/USD,1.2237,1.3618,1.3525,1.2447,17838568.7,22203666.46089
2022-04-25,Coinbase,MATIC/USD,1.2634,1.3555,1.3439,1.352,24748632.7,33460151.4104
2022-04-24,Coinbase,MATIC/USD,1.3324,1.3747,1.3633,1.344,8228432.6,11059013.4144
2022-04-23,Coinbase,MATIC/USD,1.3444,1.4125,1.3978,1.3633,10120159.7,13796813.71901
2022-04-22,Coinbase,MATIC/USD,1.372,1.5053,1.3776,1.3978,36725423.2,51334796.54896
2022-04-21,Coinbase,MATIC/USD,1.3596,1.468,1.4176,1.3781,16962146.5,23375534.09165
2022-04-20,Coinbase,MATIC/USD,1.3956,1.4662,1.4279,1.4176,15466629.9,21925494.54624
2022-04-19,Coinbase,MATIC/USD,1.3938,1.45,1.4189,1.4278,15624898.2,22309229.64996
2022-04-18,Coinbase,MATIC/USD,1.2933,1.4265,1.3371,1.4187,23912581.9,33924779.94153
2022-04-17,Coinbase,MATIC/USD,1.3323,1.3909,1.3886,1.3371,7840464.9,10483485.61779
2022-04-16,Coinbase,MATIC/USD,1.3652,1.4035,1.3975,1.3892,5499057.5,7639290.679
2022-04-15,Coinbase,MATIC/USD,1.3666,1.3989,1.374,1.3974,7987032.1,11161078.65654
2022-04-14,Coinbase,MATIC/USD,1.3524,1.4442,1.4198,1.3739,14481354.7,19895933.22233
2022-04-13,Coinbase,MATIC/USD,1.3658,1.4388,1.3935,1.4198,19116763.7,27141981.10126
2022-04-12,Coinbase,MATIC/USD,1.3265,1.4765,1.3348,1.3938,33197652.6,46270888.19388
2022-04-11,Coinbase,MATIC/USD,1.3131,1.4395,1.4262,1.3354,26714404.4,35674415.635759994
2022-04-10,Coinbase,MATIC/USD,1.42,1.4901,1.4632,1.4264,9051931.3,12911674.80632
2022-04-09,Coinbase,MATIC/USD,1.4266,1.4678,1.4345,1.4629,8591762.2,12568888.92238
2022-04-08,Coinbase,MATIC/USD,1.4234,1.5273,1.5116,1.4345,17986398.0,25801487.931
2022-04-07,Coinbase,MATIC/USD,1.4377,1.5201,1.4573,1.5114,20097034.1,30374657.33874
2022-04-06,Coinbase,MATIC/USD,1.4534,1.5934,1.5929,1.4574,31171601.7,45429492.31758
2022-04-05,Coinbase,MATIC/USD,1.5873,1.6763,1.6478,1.5921,14395358.9,22918850.90469
2022-04-04,Coinbase,MATIC/USD,1.6068,1.6895,1.6876,1.6478,16778985.3,27648411.97734
2022-04-03,Coinbase,MATIC/USD,1.6333,1.7141,1.6526,1.688,15381653.5,25964231.108
2022-04-02,Coinbase,MATIC/USD,1.6459,1.729,1.6955,1.6527,16946261.5,28007086.38105
2022-04-01,Coinbase,MATIC/USD,1.5604,1.7128,1.6188,1.6961,22121109.7,37519614.16217
2022-03-31,Coinbase,MATIC/USD,1.6079,1.7498,1.6829,1.6189,30000131.1,48567212.23779
2022-03-30,Coinbase,MATIC/USD,1.6242,1.7266,1.6755,1.6827,21821891.0,36719695.9857
2022-03-29,Coinbase,MATIC/USD,1.6359,1.7374,1.6574,1.676,22997335.8,38543534.8008
2022-03-28,Coinbase,MATIC/USD,1.6518,1.7466,1.6955,1.6575,27927818.9,46290359.82675
2022-03-27,Coinbase,MATIC/USD,1.6023,1.6973,1.6121,1.6949,14935711.0,25314536.5739
2022-03-26,Coinbase,MATIC/USD,1.5682,1.6163,1.5785,1.6121,9426163.3,15195917.855930002
2022-03-25,Coinbase,MATIC/USD,1.5644,1.664,1.6309,1.5783,24246492.2,38268238.63926
2022-03-24,Coinbase,MATIC/USD,1.5451,1.6393,1.5567,1.6307,26034771.7,42454902.21119
2022-03-23,Coinbase,MATIC/USD,1.4933,1.56,1.5068,1.5562,17804729.6,27707720.203520004
2022-03-22,Coinbase,MATIC/USD,1.4581,1.5345,1.4646,1.5072,17591207.5,26513467.944
2022-03-21,Coinbase,MATIC/USD,1.4426,1.4994,1.466,1.4646,15225389.8,22299105.90108
2022-03-20,Coinbase,MATIC/USD,1.4592,1.5374,1.5307,1.4658,12822568.9,18795321.49362
2022-03-19,Coinbase,MATIC/USD,1.4985,1.5425,1.4985,1.5302,18697425.0,28610799.735
2022-03-18,Coinbase,MATIC/USD,1.4179,1.5115,1.4473,1.4984,18761947.8,28112902.58352
2022-03-17,Coinbase,MATIC/USD,1.4381,1.4996,1.4684,1.4472,17975226.9,26013748.36968
2022-03-16,Coinbase,MATIC/USD,1.3553,1.4711,1.3788,1.4683,25386673.3,37275252.40639
2022-03-15,Coinbase,MATIC/USD,1.3311,1.41,1.3786,1.3788,17606465.0,24275793.942
2022-03-14,Coinbase,MATIC/USD,1.3302,1.3939,1.3606,1.379,20886888.2,28803018.8278
2022-03-13,Coinbase,MATIC/USD,1.3526,1.4205,1.3971,1.3608,13715985.6,18664713.20448
2022-03-12,Coinbase,MATIC/USD,1.3936,1.4346,1.4049,1.3974,12452183.5,17400681.2229
2022-03-11,Coinbase,MATIC/USD,1.4037,1.4738,1.4366,1.405,25702622.1,36112184.050500005
2022-03-10,Coinbase,MATIC/USD,1.4011,1.5117,1.5066,1.437,25333181.2,36403781.3844
2022-03-09,Coinbase,MATIC/USD,1.4441,1.5454,1.4467,1.5061,30487542.3,45917287.45803
2022-03-08,Coinbase,MATIC/USD,1.403,1.4764,1.4105,1.4468,26718620.8,38656500.57344
2022-03-07,Coinbase,MATIC/USD,1.37,1.4968,1.4352,1.4105,38076104.4,53706345.2562
2022-03-06,Coinbase,MATIC/USD,1.4307,1.5192,1.5083,1.4346,14673808.8,21051046.10448
2022-03-05,Coinbase,MATIC/USD,1.448,1.5158,1.478,1.5092,14342618.2,21645879.38744
2022-03-04,Coinbase,MATIC/USD,1.4525,1.5878,1.5854,1.4778,30460958.2,45015204.02796
2022-03-03,Coinbase,MATIC/USD,1.5416,1.6521,1.6372,1.5856,32315601.7,51239618.05552
