Datetime,Exchange,Symbol_Pair,Low,High,Open,Close,Volume_in_DOGE,Volume_USD
2022-12-27,Coinbase,DOGE/USD,0.07255,0.07613,0.07568,0.07345,242619635.0,17820412.19075
2022-12-26,Coinbase,DOGE/USD,0.07426,0.07661,0.07596,0.07566,181269092.9,13714819.568814002
2022-12-25,Coinbase,DOGE/USD,0.07314,0.07766,0.07749,0.07599,376647040.3,28621408.592397
2022-12-24,Coinbase,DOGE/USD,0.07663,0.07816,0.07718,0.07749,168273814.7,13039537.901103
2022-12-23,Coinbase,DOGE/USD,0.07618,0.07904,0.07684,0.0772,409085885.2,31581430.337440003
2022-12-22,Coinbase,DOGE/USD,0.07326,0.0778,0.07368,0.07685,577847575.9,44407586.207915
2022-12-21,Coinbase,DOGE/USD,0.07135,0.07504,0.0749,0.07371,481515163.6,35492482.708956
2022-12-20,Coinbase,DOGE/USD,0.07107,0.07566,0.07135,0.07488,452636738.9,33893439.008832
2022-12-19,Coinbase,DOGE/USD,0.06984,0.07952,0.07851,0.07136,763743275.1,54500720.111136
2022-12-18,Coinbase,DOGE/USD,0.07758,0.08007,0.0792,0.07845,273399050.9,21448155.543105
2022-12-17,Coinbase,DOGE/USD,0.07555,0.07951,0.07575,0.07923,620913645.2,49194988.109196
2022-12-16,Coinbase,DOGE/USD,0.07395,0.08683,0.08483,0.07579,834877231.9,63275345.405701
2022-12-15,Coinbase,DOGE/USD,0.08405,0.08884,0.08829,0.08486,365652925.5,31029307.257930003
2022-12-14,Coinbase,DOGE/USD,0.08696,0.09248,0.09101,0.08825,490939557.3,43325415.931725
2022-12-13,Coinbase,DOGE/USD,0.08701,0.09573,0.0903,0.09103,564364599.6,51374109.501588
2022-12-12,Coinbase,DOGE/USD,0.08471,0.09299,0.09264,0.09029,691555357.6,62440533.237704
2022-12-11,Coinbase,DOGE/USD,0.09155,0.09716,0.09628,0.09264,185273891.7,17163773.327088
2022-12-10,Coinbase,DOGE/USD,0.09603,0.09741,0.0967,0.09629,166833998.7,16064445.734823
2022-12-09,Coinbase,DOGE/USD,0.09562,0.09944,0.09849,0.0967,231108350.8,22348177.52236
2022-12-08,Coinbase,DOGE/USD,0.09468,0.09919,0.09575,0.0985,250308915.9,24655428.21615
2022-12-07,Coinbase,DOGE/USD,0.093,0.10122,0.1002,0.09575,355516628.4,34040717.1693
2022-12-06,Coinbase,DOGE/USD,0.098,0.10278,0.1015,0.1002,334588001.5,33525717.7503
2022-12-05,Coinbase,DOGE/USD,0.09926,0.11172,0.10408,0.10149,518565138.1,52629175.865769
2022-12-04,Coinbase,DOGE/USD,0.09954,0.10574,0.09973,0.1041,387657297.0,40355124.6177
2022-12-03,Coinbase,DOGE/USD,0.09809,0.10312,0.10211,0.09969,412731523.7,41145205.597653
2022-12-02,Coinbase,DOGE/USD,0.09639,0.10361,0.10159,0.10213,455118910.8,46481294.360004
2022-12-01,Coinbase,DOGE/USD,0.10019,0.10777,0.10672,0.10163,517942706.2,52638517.231106
2022-11-30,Coinbase,DOGE/USD,0.09937,0.11,0.10143,0.10676,944111800.5,100793375.82138
2022-11-29,Coinbase,DOGE/USD,0.09357,0.10578,0.09505,0.10142,861347595.3,87357873.11532599
2022-11-28,Coinbase,DOGE/USD,0.09053,0.09963,0.0986,0.09506,862598173.9,81998582.410934
2022-11-27,Coinbase,DOGE/USD,0.08877,0.10784,0.08885,0.09861,1151566348.0,113555957.57628
2022-11-26,Coinbase,DOGE/USD,0.08707,0.09548,0.08944,0.08887,600142146.5,53334632.559455
2022-11-25,Coinbase,DOGE/USD,0.08046,0.09179,0.08138,0.08947,675193600.5,60409571.436735
2022-11-24,Coinbase,DOGE/USD,0.0804,0.08414,0.08187,0.08138,210013509.7,17090899.419386
2022-11-23,Coinbase,DOGE/USD,0.07768,0.08343,0.07864,0.08187,363433893.4,29754332.852658
2022-11-22,Coinbase,DOGE/USD,0.07298,0.07954,0.07459,0.07866,403937953.6,31773759.430176
2022-11-21,Coinbase,DOGE/USD,0.07117,0.0773,0.07694,0.07458,495051782.8,36920961.961224
2022-11-20,Coinbase,DOGE/USD,0.07623,0.08574,0.08442,0.07692,335160871.6,25780574.243472
2022-11-19,Coinbase,DOGE/USD,0.08295,0.0849,0.08459,0.0844,129046302.4,10891507.92256
2022-11-18,Coinbase,DOGE/USD,0.08349,0.0867,0.08457,0.08465,196284214.1,16615458.723565
2022-11-17,Coinbase,DOGE/USD,0.0824,0.08723,0.0854,0.08457,277759543.6,23490124.602252003
2022-11-16,Coinbase,DOGE/USD,0.08329,0.09103,0.08696,0.08543,335036739.6,28622188.664028004
2022-11-15,Coinbase,DOGE/USD,0.08469,0.08949,0.0858,0.08695,459914069.3,39989528.325635
2022-11-14,Coinbase,DOGE/USD,0.0791,0.09123,0.08484,0.0858,663161944.6,56899294.84668
2022-11-13,Coinbase,DOGE/USD,0.08261,0.09139,0.08803,0.08483,582048401.2,49375165.87379601
2022-11-12,Coinbase,DOGE/USD,0.07828,0.09488,0.08491,0.08806,850468901.6,74892291.474896
2022-11-11,Coinbase,DOGE/USD,0.07981,0.093,0.08955,0.08488,703401238.1,59704697.089928
2022-11-10,Coinbase,DOGE/USD,0.07292,0.094,0.07445,0.08959,1041438896.9,93302510.773271
2022-11-09,Coinbase,DOGE/USD,0.07035,0.09257,0.08827,0.07446,1340095954.2,99783544.749732
2022-11-08,Coinbase,DOGE/USD,0.07748,0.113,0.11128,0.08835,1555759607.8,137451361.34913
2022-11-07,Coinbase,DOGE/USD,0.107,0.11907,0.11479,0.11128,707755806.5,78759066.14732
2022-11-06,Coinbase,DOGE/USD,0.11194,0.12771,0.1245,0.11479,552981398.1,63476734.687899
2022-11-05,Coinbase,DOGE/USD,0.12034,0.1359,0.12613,0.12448,828320540.3,103109340.856544
2022-11-04,Coinbase,DOGE/USD,0.11545,0.12916,0.12256,0.12616,1567806553.6,197794474.802176
2022-11-03,Coinbase,DOGE/USD,0.11953,0.13698,0.12764,0.12261,1260318587.9,154527662.062419
2022-11-02,Coinbase,DOGE/USD,0.12177,0.148,0.14221,0.1276,1940760073.8,247640985.41688
2022-11-01,Coinbase,DOGE/USD,0.12442,0.1588,0.12688,0.14219,2382098261.8,338710551.84534204
2022-10-31,Coinbase,DOGE/USD,0.11388,0.1316,0.11781,0.12685,1705399336.8,216329905.87308
2022-10-30,Coinbase,DOGE/USD,0.11112,0.1437,0.12172,0.11779,1872742922.0,220590388.78238
2022-10-29,Coinbase,DOGE/USD,0.08268,0.15162,0.0839,0.12185,2977248580.4,362777739.52174
2022-10-28,Coinbase,DOGE/USD,0.0725,0.08857,0.07689,0.08387,1339960929.0,112382523.11523
2022-10-27,Coinbase,DOGE/USD,0.07174,0.08557,0.07268,0.07688,1230764380.4,94621165.56515202
2022-10-26,Coinbase,DOGE/USD,0.06261,0.07368,0.06306,0.07276,634817671.1,46189333.749236
2022-10-25,Coinbase,DOGE/USD,0.05915,0.065,0.05946,0.06305,301118019.7,18985491.142085
2022-10-24,Coinbase,DOGE/USD,0.05867,0.06092,0.06039,0.05946,110948357.6,6596989.342896
2022-10-23,Coinbase,DOGE/USD,0.05867,0.06048,0.0597,0.06038,92437097.0,5581351.91686
2022-10-22,Coinbase,DOGE/USD,0.05911,0.05991,0.05933,0.05971,78806277.8,4705522.847438
2022-10-21,Coinbase,DOGE/USD,0.05714,0.05951,0.05944,0.05933,133532916.7,7922507.947811
2022-10-20,Coinbase,DOGE/USD,0.05824,0.06038,0.05869,0.05945,303239099.2,18027564.44744
2022-10-19,Coinbase,DOGE/USD,0.05821,0.06079,0.05975,0.05869,208317283.9,12226141.392091
2022-10-18,Coinbase,DOGE/USD,0.05853,0.06112,0.05997,0.05975,139532974.5,8337095.226375
2022-10-17,Coinbase,DOGE/USD,0.05855,0.06019,0.05887,0.06,79717252.9,4783035.174000001
2022-10-16,Coinbase,DOGE/USD,0.05846,0.05946,0.0586,0.05891,62318342.3,3671173.544893
2022-10-15,Coinbase,DOGE/USD,0.05797,0.0598,0.05864,0.0586,88242453.2,5171007.75752
2022-10-14,Coinbase,DOGE/USD,0.05806,0.06103,0.05963,0.05866,158700913.1,9309395.562446
2022-10-13,Coinbase,DOGE/USD,0.05501,0.0604,0.0598,0.05967,288595880.7,17220516.201369
2022-10-12,Coinbase,DOGE/USD,0.05927,0.06099,0.06024,0.0598,108502512.5,6488450.2475
2022-10-11,Coinbase,DOGE/USD,0.05752,0.06087,0.05939,0.06024,211741795.4,12755325.754896
2022-10-10,Coinbase,DOGE/USD,0.0592,0.06252,0.0621,0.0594,213230767.7,12665907.60138
2022-10-09,Coinbase,DOGE/USD,0.06117,0.0624,0.06164,0.06211,92666031.2,5755487.197832
2022-10-08,Coinbase,DOGE/USD,0.06121,0.06267,0.06238,0.06165,95235091.6,5871243.39714
2022-10-07,Coinbase,DOGE/USD,0.06134,0.06384,0.06344,0.06238,211149927.5,13171532.47745
2022-10-06,Coinbase,DOGE/USD,0.06284,0.06688,0.0648,0.06345,292510138.7,18559768.300515
2022-10-05,Coinbase,DOGE/USD,0.06264,0.06688,0.06586,0.06478,348445643.7,22572308.798886
2022-10-04,Coinbase,DOGE/USD,0.05993,0.0665,0.06032,0.06586,476804147.6,31402321.160936
2022-10-03,Coinbase,DOGE/USD,0.0588,0.06058,0.05928,0.06032,139239929.9,8398952.571568001
2022-10-02,Coinbase,DOGE/USD,0.0588,0.06096,0.06056,0.05926,111672190.4,6617694.003104
2022-10-01,Coinbase,DOGE/USD,0.06026,0.06314,0.06167,0.06057,218923254.2,13260181.506894
2022-09-30,Coinbase,DOGE/USD,0.05959,0.06225,0.06087,0.06168,201010580.4,12398332.599072
2022-09-29,Coinbase,DOGE/USD,0.05927,0.06108,0.06049,0.06087,100076924.3,6091682.382141
2022-09-28,Coinbase,DOGE/USD,0.05849,0.06112,0.0605,0.06049,140863616.0,8520840.13184
2022-09-27,Coinbase,DOGE/USD,0.05975,0.06307,0.06114,0.0605,266352137.5,16114304.31875
2022-09-26,Coinbase,DOGE/USD,0.05978,0.06187,0.06117,0.06114,180521696.6,11037096.530124
2022-09-25,Coinbase,DOGE/USD,0.06006,0.06389,0.06308,0.06119,192438544.8,11775314.556312
2022-09-24,Coinbase,DOGE/USD,0.06246,0.06832,0.06332,0.06308,447487284.3,28227497.893644
2022-09-23,Coinbase,DOGE/USD,0.05911,0.06432,0.05958,0.06335,536670713.0,33998089.66855
2022-09-22,Coinbase,DOGE/USD,0.05684,0.06011,0.05717,0.0596,250665152.4,14939643.08304
2022-09-21,Coinbase,DOGE/USD,0.05607,0.06094,0.05841,0.05718,406989260.1,23271645.892518003
2022-09-20,Coinbase,DOGE/USD,0.05759,0.06063,0.05855,0.05843,292597482.9,17096470.925846998
2022-09-19,Coinbase,DOGE/USD,0.05589,0.05885,0.05745,0.05856,204254941.4,11961169.368384
2022-09-18,Coinbase,DOGE/USD,0.05635,0.06224,0.06222,0.05743,151792593.0,8717448.61599
2022-09-17,Coinbase,DOGE/USD,0.06024,0.06241,0.06048,0.06221,201265868.3,12520749.666943
2022-09-16,Coinbase,DOGE/USD,0.05814,0.06055,0.05866,0.06049,247796881.0,14989233.33169
2022-09-15,Coinbase,DOGE/USD,0.05851,0.06124,0.06117,0.05865,259043001.6,15192872.04384
2022-09-14,Coinbase,DOGE/USD,0.05918,0.06156,0.05967,0.06118,264423185.5,16177410.48889
2022-09-13,Coinbase,DOGE/USD,0.05923,0.06419,0.06395,0.05967,260943603.3,15570504.808911
2022-09-12,Coinbase,DOGE/USD,0.06261,0.06544,0.06372,0.06397,177047419.8,11325723.444606
2022-09-11,Coinbase,DOGE/USD,0.06263,0.06533,0.06475,0.06371,182493803.5,11626680.220985
2022-09-10,Coinbase,DOGE/USD,0.06316,0.06557,0.06388,0.06472,246941145.4,15982030.930288
2022-09-09,Coinbase,DOGE/USD,0.06089,0.06493,0.061,0.06388,266931725.2,17051598.605776
2022-09-08,Coinbase,DOGE/USD,0.05964,0.06142,0.06099,0.06098,127799080.7,7793187.941086
2022-09-07,Coinbase,DOGE/USD,0.05739,0.06155,0.05886,0.06098,170841971.8,10417943.440364
2022-09-06,Coinbase,DOGE/USD,0.05803,0.06525,0.06273,0.0589,315809170.2,18601160.12478
2022-09-05,Coinbase,DOGE/USD,0.06093,0.06374,0.06322,0.06275,129984701.0,8156539.98775
2022-09-04,Coinbase,DOGE/USD,0.06187,0.06391,0.06273,0.06321,142489292.0,9006748.14732
2022-09-03,Coinbase,DOGE/USD,0.06114,0.06403,0.06164,0.06273,176378732.3,11064237.877179
2022-09-02,Coinbase,DOGE/USD,0.0607,0.06288,0.06238,0.06167,128248988.1,7909115.096127
2022-09-01,Coinbase,DOGE/USD,0.05988,0.06262,0.06133,0.06238,168079123.4,10484775.717692
2022-08-31,Coinbase,DOGE/USD,0.06072,0.06348,0.06156,0.06133,176599398.0,10830841.07934
2022-08-30,Coinbase,DOGE/USD,0.06007,0.06449,0.06386,0.06157,153516653.5,9452020.355995
2022-08-29,Coinbase,DOGE/USD,0.06086,0.0641,0.06178,0.06387,167462303.0,10695817.29261
2022-08-28,Coinbase,DOGE/USD,0.0613,0.06433,0.06351,0.06178,186392890.8,11515352.793624
2022-08-27,Coinbase,DOGE/USD,0.06221,0.06415,0.06351,0.06353,238265430.7,15137002.812371
2022-08-26,Coinbase,DOGE/USD,0.06274,0.07022,0.06898,0.06354,395618167.7,25137578.375658
2022-08-25,Coinbase,DOGE/USD,0.06763,0.07183,0.06791,0.06899,203145816.3,14015029.866537
2022-08-24,Coinbase,DOGE/USD,0.06703,0.06965,0.06884,0.06791,173316707.5,11769937.606325
2022-08-23,Coinbase,DOGE/USD,0.06686,0.06924,0.0684,0.06881,167529656.8,11527715.684408
2022-08-22,Coinbase,DOGE/USD,0.06518,0.06944,0.0693,0.06839,268953944.9,18393760.291711
2022-08-21,Coinbase,DOGE/USD,0.06737,0.07075,0.06932,0.06935,234799811.7,16283366.941394998
2022-08-20,Coinbase,DOGE/USD,0.06762,0.07121,0.06774,0.06936,356612522.8,24734644.581408
2022-08-19,Coinbase,DOGE/USD,0.06704,0.07532,0.07472,0.06774,594237271.7,40253632.784958
2022-08-18,Coinbase,DOGE/USD,0.07344,0.08228,0.08022,0.07474,336070310.5,25117895.00677
2022-08-17,Coinbase,DOGE/USD,0.07937,0.08895,0.08676,0.08022,603724198.6,48430755.211692005
2022-08-16,Coinbase,DOGE/USD,0.07617,0.09,0.07662,0.08679,1176815546.0,102135821.23734
2022-08-15,Coinbase,DOGE/USD,0.07472,0.0821,0.08173,0.07664,550844238.2,42216702.415648006
2022-08-14,Coinbase,DOGE/USD,0.07264,0.08472,0.07298,0.08169,852474935.0,69638677.44015
2022-08-13,Coinbase,DOGE/USD,0.07185,0.0752,0.07234,0.07295,246962097.4,18015885.00533
2022-08-12,Coinbase,DOGE/USD,0.06972,0.07276,0.0709,0.07235,152581575.4,11039276.98019
2022-08-11,Coinbase,DOGE/USD,0.07043,0.0755,0.07129,0.0709,250472396.9,17758492.940210003
2022-08-10,Coinbase,DOGE/USD,0.06659,0.07151,0.06905,0.07129,265759297.3,18945980.304517
2022-08-09,Coinbase,DOGE/USD,0.06777,0.07427,0.07013,0.06906,359548885.9,24830446.060254
2022-08-08,Coinbase,DOGE/USD,0.06884,0.07257,0.06896,0.07015,236966343.1,16623188.968465
2022-08-07,Coinbase,DOGE/USD,0.06738,0.07003,0.06864,0.06896,114994882.0,7930047.062719999
2022-08-06,Coinbase,DOGE/USD,0.06841,0.07131,0.0698,0.06864,174260119.9,11961214.629936002
2022-08-05,Coinbase,DOGE/USD,0.06718,0.07031,0.06727,0.0698,203664002.5,14215747.3745
2022-08-04,Coinbase,DOGE/USD,0.06573,0.06764,0.06625,0.06725,145496443.4,9784635.818650002
2022-08-03,Coinbase,DOGE/USD,0.06511,0.06845,0.06653,0.06626,149724167.4,9920723.331924
2022-08-02,Coinbase,DOGE/USD,0.06548,0.06914,0.06849,0.06654,189130183.2,12584722.390128
2022-08-01,Coinbase,DOGE/USD,0.06682,0.07132,0.0681,0.06845,274306714.7,18776294.621215
2022-07-31,Coinbase,DOGE/USD,0.06782,0.07226,0.0697,0.06808,231652380.2,15770894.044016
2022-07-30,Coinbase,DOGE/USD,0.06792,0.0746,0.06881,0.06966,392219623.7,27322018.986942
2022-07-29,Coinbase,DOGE/USD,0.0669,0.07249,0.06911,0.06881,396291737.2,27268834.436732
2022-07-28,Coinbase,DOGE/USD,0.06517,0.07088,0.06724,0.06909,414286494.9,28623053.932641
2022-07-27,Coinbase,DOGE/USD,0.06178,0.06726,0.06255,0.06726,223383955.5,15024804.84693
2022-07-26,Coinbase,DOGE/USD,0.06008,0.06271,0.06193,0.06255,161645421.0,10110921.08355
2022-07-25,Coinbase,DOGE/USD,0.06176,0.06803,0.06754,0.06196,194729162.9,12065418.933284
2022-07-24,Coinbase,DOGE/USD,0.06723,0.06895,0.06804,0.06754,114551590.8,7736814.442632
2022-07-23,Coinbase,DOGE/USD,0.06596,0.06952,0.06744,0.06803,124087260.5,8441656.331814999
2022-07-22,Coinbase,DOGE/USD,0.06671,0.07144,0.06996,0.06745,174999993.0,11803749.52785
2022-07-21,Coinbase,DOGE/USD,0.06692,0.07094,0.07014,0.06999,205926981.7,14412829.449182998
2022-07-20,Coinbase,DOGE/USD,0.06767,0.07699,0.06903,0.07015,610755585.2,42844504.30178001
2022-07-19,Coinbase,DOGE/USD,0.06538,0.0703,0.06755,0.06902,303253635.6,20930565.929112
2022-07-18,Coinbase,DOGE/USD,0.06297,0.06895,0.06306,0.06757,343792332.1,23230047.879997004
2022-07-17,Coinbase,DOGE/USD,0.06286,0.06549,0.06437,0.06306,156436628.2,9864893.774292
2022-07-16,Coinbase,DOGE/USD,0.06171,0.06481,0.06291,0.06435,180211482.7,11596608.911745
2022-07-15,Coinbase,DOGE/USD,0.06157,0.06439,0.06245,0.06293,221068449.1,13911837.501863
2022-07-14,Coinbase,DOGE/USD,0.05944,0.06278,0.06191,0.06243,189491374.0,11829946.47882
2022-07-13,Coinbase,DOGE/USD,0.05745,0.0623,0.05972,0.0619,305908100.6,18935711.42714
2022-07-12,Coinbase,DOGE/USD,0.05966,0.06304,0.06172,0.05977,147920233.0,8841192.32641
2022-07-11,Coinbase,DOGE/USD,0.06112,0.06725,0.06725,0.0617,229084806.9,14134532.58573
2022-07-10,Coinbase,DOGE/USD,0.06619,0.06947,0.06945,0.06725,138611472.2,9321621.50545
2022-07-09,Coinbase,DOGE/USD,0.06879,0.07014,0.06901,0.06944,89831413.3,6237893.339552
2022-07-08,Coinbase,DOGE/USD,0.06819,0.07349,0.07052,0.06907,251004930.1,17336910.522007
2022-07-07,Coinbase,DOGE/USD,0.06782,0.07119,0.06833,0.07051,172371492.2,12153913.915022
2022-07-06,Coinbase,DOGE/USD,0.06609,0.0692,0.06708,0.06833,198287996.3,13549018.787179
2022-07-05,Coinbase,DOGE/USD,0.0654,0.06995,0.06929,0.06709,168749672.7,11321415.541442998
2022-07-04,Coinbase,DOGE/USD,0.06559,0.06973,0.06711,0.0693,175010053.7,12128196.72141
2022-07-03,Coinbase,DOGE/USD,0.06474,0.06745,0.06657,0.06711,154264646.0,10352700.39306
2022-07-02,Coinbase,DOGE/USD,0.0654,0.06793,0.06641,0.06658,181748466.7,12100812.912886
2022-07-01,Coinbase,DOGE/USD,0.06377,0.06876,0.0664,0.06641,305531094.4,20290319.979104
2022-06-30,Coinbase,DOGE/USD,0.06221,0.06964,0.0695,0.0664,415931718.1,27617866.08184
2022-06-29,Coinbase,DOGE/USD,0.06402,0.07168,0.06599,0.06939,394321431.1,27361964.104029
2022-06-28,Coinbase,DOGE/USD,0.0653,0.07328,0.07208,0.06602,322578673.0,21296643.99146
2022-06-27,Coinbase,DOGE/USD,0.07047,0.07876,0.07294,0.07206,645926332.5,46545451.51995
2022-06-26,Coinbase,DOGE/USD,0.06712,0.07776,0.06849,0.07295,648353981.3,47297422.935835
2022-06-25,Coinbase,DOGE/USD,0.06504,0.06932,0.06687,0.0685,274996305.1,18837246.89935
2022-06-24,Coinbase,DOGE/USD,0.06388,0.06853,0.06395,0.0669,316480056.4,21172515.77316
2022-06-23,Coinbase,DOGE/USD,0.0615,0.0647,0.06163,0.06396,317428670.3,20302737.752388
2022-06-22,Coinbase,DOGE/USD,0.061,0.06579,0.06578,0.06162,546145021.1,33653456.200182006
2022-06-21,Coinbase,DOGE/USD,0.05891,0.06988,0.05994,0.06572,746047884.2,49030266.949624
2022-06-20,Coinbase,DOGE/USD,0.05736,0.06145,0.0604,0.05994,382670463.9,22937267.606166
2022-06-19,Coinbase,DOGE/USD,0.05108,0.0629,0.05283,0.0604,791478594.4,47805307.10176
2022-06-18,Coinbase,DOGE/USD,0.04908,0.05783,0.05683,0.05282,601671131.6,31780269.171112
2022-06-17,Coinbase,DOGE/USD,0.05454,0.05806,0.05518,0.05683,362982618.3,20628302.197989
2022-06-16,Coinbase,DOGE/USD,0.05413,0.06283,0.06283,0.05514,629937789.3,34734769.702002
2022-06-15,Coinbase,DOGE/USD,0.05032,0.06388,0.0555,0.06282,916424549.8,57569790.218436
2022-06-14,Coinbase,DOGE/USD,0.04973,0.05837,0.0541,0.05553,666535320.3,37012706.336259
2022-06-13,Coinbase,DOGE/USD,0.05221,0.06616,0.0634,0.05417,1016472903.7,55062337.19342901
2022-06-12,Coinbase,DOGE/USD,0.06336,0.0703,0.06987,0.06339,453023242.6,28717143.348414004
2022-06-11,Coinbase,DOGE/USD,0.06783,0.07644,0.0753,0.06983,406837164.6,28409439.204018004
2022-06-10,Coinbase,DOGE/USD,0.07413,0.07969,0.07931,0.07532,215131244.9,16203685.365868
2022-06-09,Coinbase,DOGE/USD,0.07882,0.08102,0.07922,0.07931,159014378.2,12611430.335042
2022-06-08,Coinbase,DOGE/USD,0.0787,0.08157,0.08031,0.07924,238428384.8,18893065.211552
2022-06-07,Coinbase,DOGE/USD,0.07764,0.0825,0.08242,0.0803,415852234.6,33392934.43838
2022-06-06,Coinbase,DOGE/USD,0.08079,0.08468,0.08102,0.08243,449696889.2,37068514.576756
2022-06-05,Coinbase,DOGE/USD,0.08053,0.08217,0.08183,0.081,216666774.8,17550008.7588
2022-06-04,Coinbase,DOGE/USD,0.07925,0.08246,0.08022,0.08183,336224078.2,27513216.319106
2022-06-03,Coinbase,DOGE/USD,0.0792,0.0829,0.08269,0.08023,227173938.8,18226165.109924
2022-06-02,Coinbase,DOGE/USD,0.0799,0.08309,0.0809,0.08269,120960446.1,10002219.288009
2022-06-01,Coinbase,DOGE/USD,0.0787,0.0894,0.0859,0.081,239663161.4,19412716.0734
2022-05-31,Coinbase,DOGE/USD,0.083,0.0885,0.088,0.0858,261625246.2,22447446.12396
2022-05-30,Coinbase,DOGE/USD,0.082,0.0885,0.0826,0.088,257502579.6,22660227.0048
2022-05-29,Coinbase,DOGE/USD,0.0798,0.0833,0.0818,0.0826,103635673.2,8560306.606320001
2022-05-28,Coinbase,DOGE/USD,0.0808,0.0833,0.0814,0.0818,160819657.7,13155047.999859998
2022-05-27,Coinbase,DOGE/USD,0.0759,0.09,0.0777,0.0815,484413036.1,39479662.44215
2022-05-26,Coinbase,DOGE/USD,0.0751,0.0837,0.0829,0.0778,206878708.5,16095163.5213
2022-05-25,Coinbase,DOGE/USD,0.082,0.0844,0.0836,0.0829,112971761.6,9365359.03664
2022-05-24,Coinbase,DOGE/USD,0.08,0.0843,0.0832,0.0836,131170800.2,10965878.89672
2022-05-23,Coinbase,DOGE/USD,0.082,0.0884,0.0858,0.0833,149329638.1,12439158.85373
2022-05-22,Coinbase,DOGE/USD,0.0837,0.0866,0.0843,0.0858,66106459.0,5671934.1822
2022-05-21,Coinbase,DOGE/USD,0.0822,0.0854,0.0837,0.0843,65725157.2,5540630.75196
2022-05-20,Coinbase,DOGE/USD,0.0824,0.088,0.0865,0.0838,122503453.6,10265789.41168
2022-05-19,Coinbase,DOGE/USD,0.0813,0.0875,0.0832,0.0866,180241818.6,15608941.49076
2022-05-18,Coinbase,DOGE/USD,0.083,0.0909,0.0901,0.0833,286831603.4,23893072.56322
2022-05-17,Coinbase,DOGE/USD,0.0867,0.0913,0.0878,0.0901,215156785.7,19385626.39157
2022-05-16,Coinbase,DOGE/USD,0.0858,0.0931,0.093,0.0879,193358425.1,16996205.566290002
2022-05-15,Coinbase,DOGE/USD,0.0864,0.0932,0.0893,0.0931,167536036.1,15597604.96091
2022-05-14,Coinbase,DOGE/USD,0.0834,0.0919,0.088,0.0893,221588444.4,19787848.08492
2022-05-13,Coinbase,DOGE/USD,0.0818,0.0963,0.0824,0.088,568051823.7,49988560.4856
2022-05-12,Coinbase,DOGE/USD,0.065,0.0896,0.0848,0.0824,1054833258.4,86918260.49215999
2022-05-11,Coinbase,DOGE/USD,0.0694,0.1108,0.1081,0.085,994807593.5,84558645.4475
2022-05-10,Coinbase,DOGE/USD,0.0992,0.1183,0.1019,0.1081,568232888.7,61425975.26847
2022-05-09,Coinbase,DOGE/USD,0.1001,0.1253,0.1241,0.1019,525409592.5,53539237.47575
2022-05-08,Coinbase,DOGE/USD,0.1226,0.1282,0.1273,0.1241,140807955.4,17474267.26514
2022-05-07,Coinbase,DOGE/USD,0.1245,0.1323,0.1278,0.1275,178515316.3,22760702.82825
2022-05-06,Coinbase,DOGE/USD,0.1233,0.1299,0.1282,0.1277,162136074.7,20704776.73919
2022-05-05,Coinbase,DOGE/USD,0.1252,0.1377,0.1359,0.1282,263667337.6,33802152.68032
2022-05-04,Coinbase,DOGE/USD,0.1289,0.1363,0.1295,0.136,163335129.4,22213577.598400004
2022-05-03,Coinbase,DOGE/USD,0.1263,0.132,0.1307,0.1294,103396292.2,13379480.21068
2022-05-02,Coinbase,DOGE/USD,0.1275,0.134,0.1327,0.1307,146522037.0,19150430.2359
2022-05-01,Coinbase,DOGE/USD,0.1262,0.1365,0.1275,0.1326,205262494.6,27217806.78396
2022-04-30,Coinbase,DOGE/USD,0.124,0.1368,0.1349,0.1274,232967033.7,29680000.09338
2022-04-29,Coinbase,DOGE/USD,0.1331,0.145,0.1375,0.135,385880566.8,52093876.51800001
2022-04-28,Coinbase,DOGE/USD,0.1353,0.1433,0.14,0.1374,283412236.4,38940841.28135999
2022-04-27,Coinbase,DOGE/USD,0.1351,0.146,0.1377,0.1401,366511023.8,51348194.43438
2022-04-26,Coinbase,DOGE/USD,0.1356,0.1667,0.1581,0.1377,1102017282.9,151747779.85533
2022-04-25,Coinbase,DOGE/USD,0.1226,0.1716,0.1319,0.1581,1368813909.9,216409479.15519
2022-04-24,Coinbase,DOGE/USD,0.131,0.1348,0.134,0.1319,77658148.6,10243109.80034
2022-04-23,Coinbase,DOGE/USD,0.1332,0.1368,0.1364,0.134,56742403.4,7603482.055600001
2022-04-22,Coinbase,DOGE/USD,0.1346,0.1382,0.1364,0.1364,89666778.2,12230548.54648
2022-04-21,Coinbase,DOGE/USD,0.1341,0.143,0.1407,0.1364,141184860.0,19257614.904
2022-04-20,Coinbase,DOGE/USD,0.1391,0.1468,0.1426,0.1408,205039527.8,28869565.514240004
2022-04-19,Coinbase,DOGE/USD,0.1391,0.1446,0.1401,0.1426,140585999.4,20047563.51444
2022-04-18,Coinbase,DOGE/USD,0.1331,0.1406,0.1393,0.1402,203617324.9,28547148.95098
2022-04-17,Coinbase,DOGE/USD,0.1384,0.145,0.1436,0.1393,107671672.5,14998663.97925
2022-04-16,Coinbase,DOGE/USD,0.1414,0.1481,0.1459,0.1436,121765751.5,17485561.915400002
2022-04-15,Coinbase,DOGE/USD,0.1418,0.1497,0.1442,0.1459,231946320.4,33840968.14636
2022-04-14,Coinbase,DOGE/USD,0.1363,0.1477,0.1399,0.1441,419800623.1,60493269.788710006
2022-04-13,Coinbase,DOGE/USD,0.1363,0.1434,0.1381,0.14,170179368.3,23825111.562000003
2022-04-12,Coinbase,DOGE/USD,0.1331,0.1445,0.1341,0.1381,473689491.2,65416518.73472
2022-04-11,Coinbase,DOGE/USD,0.1329,0.1515,0.1483,0.1342,431989534.1,57972995.47622001
2022-04-10,Coinbase,DOGE/USD,0.1436,0.1577,0.1443,0.1482,462203679.3,68498585.27226
2022-04-09,Coinbase,DOGE/USD,0.1406,0.1447,0.1424,0.1443,88146768.7,12719578.72341
2022-04-08,Coinbase,DOGE/USD,0.1405,0.1534,0.1459,0.1426,367305926.0,52377825.0476
2022-04-07,Coinbase,DOGE/USD,0.1401,0.1483,0.1432,0.146,337126751.5,49220505.719
2022-04-06,Coinbase,DOGE/USD,0.1412,0.1747,0.1728,0.1434,950534489.7,136306645.82298002
2022-04-05,Coinbase,DOGE/USD,0.1472,0.1801,0.1485,0.1728,1313659654.3,227000388.26304
2022-04-04,Coinbase,DOGE/USD,0.1413,0.1567,0.1466,0.1484,538939904.8,79978681.87232
2022-04-03,Coinbase,DOGE/USD,0.1362,0.1496,0.1388,0.1465,256976640.0,37647077.76
2022-04-02,Coinbase,DOGE/USD,0.1381,0.1444,0.1414,0.1388,165564720.3,22980383.17764
2022-04-01,Coinbase,DOGE/USD,0.1321,0.143,0.1381,0.1414,214076362.4,30270397.64336
2022-03-31,Coinbase,DOGE/USD,0.136,0.148,0.1431,0.1381,270939753.6,37416779.97216
2022-03-30,Coinbase,DOGE/USD,0.1381,0.1456,0.1445,0.1432,245130198.9,35102644.48248
2022-03-29,Coinbase,DOGE/USD,0.1405,0.149,0.1424,0.1444,279840780.6,40409008.71864001
2022-03-28,Coinbase,DOGE/USD,0.1405,0.1537,0.1447,0.1425,573370925.2,81705356.841
2022-03-27,Coinbase,DOGE/USD,0.1355,0.1457,0.1361,0.1447,416559820.5,60276206.02635
2022-03-26,Coinbase,DOGE/USD,0.129,0.1372,0.131,0.1361,241451754.7,32861583.81467
2022-03-25,Coinbase,DOGE/USD,0.1275,0.1378,0.1369,0.1309,340011290.4,44507477.91335999
2022-03-24,Coinbase,DOGE/USD,0.1277,0.1413,0.1299,0.1368,581638240.5,79568111.3004
2022-03-23,Coinbase,DOGE/USD,0.121,0.1321,0.1224,0.1299,418148075.9,54317435.05940999
2022-03-22,Coinbase,DOGE/USD,0.1186,0.1257,0.1192,0.1225,208818661.5,25580286.03375
2022-03-21,Coinbase,DOGE/USD,0.1177,0.1218,0.1193,0.1193,200253477.0,23890239.8061
2022-03-20,Coinbase,DOGE/USD,0.1175,0.1242,0.1237,0.1193,142928241.1,17051339.16323
2022-03-19,Coinbase,DOGE/USD,0.1184,0.1252,0.1192,0.1237,258601352.7,31988987.32899
2022-03-18,Coinbase,DOGE/USD,0.1142,0.1196,0.1164,0.1192,161458340.9,19245834.23528
2022-03-17,Coinbase,DOGE/USD,0.1159,0.1194,0.1171,0.1164,168991788.1,19670644.13484
2022-03-16,Coinbase,DOGE/USD,0.1121,0.1171,0.1127,0.117,253023392.7,29603736.9459
2022-03-15,Coinbase,DOGE/USD,0.1101,0.1143,0.1139,0.1126,149856503.9,16873842.33914
2022-03-14,Coinbase,DOGE/USD,0.1103,0.1224,0.1115,0.1139,340330047.8,38763592.44442
2022-03-13,Coinbase,DOGE/USD,0.1099,0.1164,0.1149,0.1115,175257022.9,19541158.05335
2022-03-12,Coinbase,DOGE/USD,0.1146,0.1173,0.1154,0.1149,63496275.4,7295722.04346
2022-03-11,Coinbase,DOGE/USD,0.1138,0.1186,0.1168,0.1154,131346505.8,15157386.76932
2022-03-10,Coinbase,DOGE/USD,0.1147,0.1219,0.1216,0.1168,232382936.6,27142326.99488
2022-03-09,Coinbase,DOGE/USD,0.1164,0.1244,0.1171,0.1216,200593510.3,24392170.85248
2022-03-08,Coinbase,DOGE/USD,0.1152,0.12,0.1167,0.1171,197257501.1,23098853.37881
2022-03-07,Coinbase,DOGE/USD,0.1133,0.1227,0.1207,0.1167,170508440.1,19898334.95967
2022-03-06,Coinbase,DOGE/USD,0.1193,0.1256,0.1251,0.1207,138284084.9,16690889.04743
2022-03-05,Coinbase,DOGE/USD,0.1208,0.1257,0.1226,0.1251,68049559.3,8512999.86843
2022-03-04,Coinbase,DOGE/USD,0.1201,0.1302,0.1296,0.1227,210867698.0,25873466.5446
2022-03-03,Coinbase,DOGE/USD,0.1272,0.1339,0.1331,0.1297,116055755.7,15052431.51429
