Datetime,Symbol_Pair,Open,High,Low,Close,Volume_USD,Volume_in_ETH
2022-12-27,ETH/USD,1229.7,1234.9,1202.9,1212.9,13656212.01146132,11259.14091142
2022-12-26,ETH/USD,1220.0,1232.3,1213.1,1229.2,7269389.996608993,5913.91961976
2022-12-25,ETH/USD,1222.3,1226.1,1193.9,1219.8,12689400.245424619,10402.85312791
2022-12-24,ETH/USD,1221.7,1229.0,1216.4,1222.0,1253168.62615984,1025.50624072
2022-12-23,ETH/USD,1219.8,1233.5,1215.3,1221.7,6440790.703407549,5271.99042597
2022-12-22,ETH/USD,1214.7,1240.0,1185.1,1219.5,27954907.856845427,22923.25367515
2022-12-21,ETH/USD,1218.2,1223.8,1205.2,1215.0,15284941.86605265,12580.19906671
2022-12-20,ETH/USD,1168.1,1232.1,1163.9,1218.1,15917156.887780773,13067.20046612
2022-12-19,ETH/USD,1184.2,1196.2,1151.2,1167.9,16535405.576775556,14158.23750045
2022-12-18,ETH/USD,1188.4,1197.3,1173.4,1183.9,6063963.124932916,5122.02308044
2022-12-17,ETH/USD,1167.7,1190.9,1163.6,1188.2,9381687.141805863,7895.71380391
2022-12-16,ETH/USD,1267.6,1280.6,1157.0,1167.6,30648734.492191616,26249.34437495
2022-12-15,ETH/USD,1308.2,1312.1,1260.5,1267.6,21031720.78695727,16591.76458422
2022-12-14,ETH/USD,1321.5,1352.7,1301.8,1308.2,22809210.651091095,17435.56845367
2022-12-13,ETH/USD,1276.7,1348.5,1256.9,1321.4,39336930.00384672,29769.13122737
2022-12-12,ETH/USD,1264.1,1280.3,1241.8,1276.7,17059577.613984756,13362.24454765
2022-12-11,ETH/USD,1267.0,1286.1,1257.1,1264.5,6524274.28638627,5159.56843526
2022-12-10,ETH/USD,1263.4,1285.1,1260.1,1266.7,5355715.227280889,4228.08496667
2022-12-09,ETH/USD,1281.4,1297.4,1256.3,1263.3,18852010.94212733,14922.82984416
2022-12-08,ETH/USD,1231.9,1293.6,1222.8,1281.4,29130724.779412646,22733.51395303
2022-12-07,ETH/USD,1271.9,1278.3,1219.0,1231.7,11764390.245294852,9551.3438705
2022-12-06,ETH/USD,1259.9,1274.6,1242.6,1271.9,9078786.422368769,7137.97187072
2022-12-05,ETH/USD,1280.6,1306.4,1246.9,1260.1,21440008.44417961,17014.52935813
2022-12-04,ETH/USD,1240.9,1287.6,1240.6,1280.5,12961333.628157394,10122.08795639
2022-12-03,ETH/USD,1295.8,1305.6,1237.0,1240.9,19267373.453466427,15526.93484847
2022-12-02,ETH/USD,1276.8,1297.1,1265.9,1296.0,14228841.939857282,10979.04470668
2022-12-01,ETH/USD,1295.6,1298.5,1263.7,1276.7,13768344.310042208,10784.32232321
2022-11-30,ETH/USD,1216.9,1310.3,1213.2,1295.6,22550367.64733423,17405.34705722
2022-11-29,ETH/USD,1168.0,1228.9,1158.7,1216.9,12917639.019285861,10615.20175798
2022-11-28,ETH/USD,1194.1,1199.3,1149.8,1168.0,12675895.7899568,10852.6505051
2022-11-27,ETH/USD,1205.1,1223.4,1189.5,1194.0,5031686.52041748,4214.14281442
2022-11-26,ETH/USD,1199.2,1234.7,1196.9,1205.2,8043387.343521984,6673.90254192
2022-11-25,ETH/USD,1204.2,1208.1,1171.2,1198.5,10459634.074138544,8727.27081697
2022-11-24,ETH/USD,1184.7,1216.6,1180.9,1204.6,25113268.103189852,20847.80682649
2022-11-23,ETH/USD,1139.6,1192.0,1127.6,1184.3,22200557.158622727,18745.72081282
2022-11-22,ETH/USD,1106.6,1142.0,1075.2,1138.8,17654023.83101526,15502.30403145
2022-11-21,ETH/USD,1141.9,1145.7,1079.5,1106.5,33638668.6125216,30400.96575917
2022-11-20,ETH/USD,1216.6,1226.3,1132.2,1142.0,17418372.21675774,15252.51507597
2022-11-19,ETH/USD,1211.7,1232.3,1197.3,1217.3,6633426.871632281,5449.29505597
2022-11-18,ETH/USD,1199.0,1232.5,1198.7,1211.5,16243289.86312559,13407.58552466
2022-11-17,ETH/USD,1216.1,1227.8,1180.0,1199.3,16439540.306771062,13707.61302991
2022-11-16,ETH/USD,1253.0,1268.3,1186.1,1215.3,22665460.49009268,18650.09503011
2022-11-15,ETH/USD,1243.0,1291.7,1231.0,1253.0,40122166.59389162,32020.88315554
2022-11-14,ETH/USD,1223.0,1290.9,1172.0,1242.6,39442301.90666023,31741.75270132
2022-11-13,ETH/USD,1257.7,1275.1,1202.7,1223.0,33316773.12278579,27241.84229173
2022-11-12,ETH/USD,1288.3,1291.3,1238.7,1257.5,20956890.210518174,16665.51905409
2022-11-11,ETH/USD,1299.3,1309.7,1201.9,1287.3,69716244.49852414,54156.95214676
2022-11-10,ETH/USD,1103.1,1348.0,1086.1,1299.9,151295524.08377713,116390.12545871
2022-11-09,ETH/USD,1335.5,1338.4,1073.9,1102.6,210699817.37190697,191093.61270806
2022-11-08,ETH/USD,1569.5,1580.0,1213.5,1335.9,340050555.8335303,254547.91214427
2022-11-07,ETH/USD,1569.7,1609.6,1547.3,1569.3,39996440.69771154,25486.8034778
2022-11-06,ETH/USD,1628.1,1638.4,1566.7,1569.6,24583111.566439103,15662.02316924
2022-11-05,ETH/USD,1645.5,1667.8,1622.5,1628.1,30816919.28713003,18928.14893872
2022-11-04,ETH/USD,1532.6,1678.0,1530.2,1645.5,93136572.58782202,56600.77337455
2022-11-03,ETH/USD,1519.7,1560.0,1516.5,1532.6,33097169.118864037,21595.43854813
2022-11-02,ETH/USD,1579.8,1622.4,1503.5,1519.7,58633114.16980208,38582.03209173
2022-11-01,ETH/USD,1573.6,1614.0,1564.1,1579.8,40115733.4638623,25392.91901751
2022-10-31,ETH/USD,1592.0,1636.5,1545.8,1573.7,52806529.850112565,33555.65218918
2022-10-30,ETH/USD,1621.4,1642.1,1578.2,1591.7,19410021.40695157,12194.52246463
2022-10-29,ETH/USD,1555.6,1666.0,1549.1,1621.6,56115219.90165397,34604.84700398
2022-10-28,ETH/USD,1515.1,1576.4,1482.1,1555.7,33744851.43583423,21691.10460618
2022-10-27,ETH/USD,1566.9,1579.2,1504.3,1515.1,59295593.88819916,39136.42260458
2022-10-26,ETH/USD,1461.1,1596.0,1458.5,1566.9,125679756.13840017,80209.17489208
2022-10-25,ETH/USD,1344.6,1533.1,1335.9,1460.8,69772509.25015993,47763.21827092
2022-10-24,ETH/USD,1365.3,1371.5,1324.7,1344.7,18266168.526555054,13583.82429282
2022-10-23,ETH/USD,1314.8,1372.4,1300.1,1364.8,15361070.369819969,11255.18051716
2022-10-22,ETH/USD,1300.7,1321.2,1294.7,1314.7,5049456.230690557,3840.76689031
2022-10-21,ETH/USD,1283.8,1307.9,1254.8,1300.4,21985058.85887059,16906.38177397
2022-10-20,ETH/USD,1285.6,1311.4,1270.0,1283.9,23961290.499950457,18662.89469581
2022-10-19,ETH/USD,1310.7,1313.3,1279.8,1285.6,12587082.88739688,9790.8236523
2022-10-18,ETH/USD,1331.8,1342.1,1287.0,1310.8,17125064.04144059,13064.58959524
2022-10-17,ETH/USD,1306.4,1339.0,1296.0,1331.8,9074966.914746515,6814.06135662
2022-10-16,ETH/USD,1275.2,1316.2,1274.9,1306.4,8690804.866680736,6652.48382324
2022-10-15,ETH/USD,1297.0,1301.8,1263.7,1275.2,6393328.072606481,5013.58851365
2022-10-14,ETH/USD,1287.1,1344.0,1283.7,1297.1,14185915.259649888,10936.63962659
2022-10-13,ETH/USD,1294.5,1301.4,1190.0,1287.3,59751863.1537677,46416.42441837
2022-10-12,ETH/USD,1279.8,1303.1,1275.16479186,1294.6,27850215.745358612,21512.60292396
2022-10-11,ETH/USD,1289.9,1299.06906763,1267.08689386,1279.9,38999895.85632275,30471.04918847
2022-10-10,ETH/USD,1323.1,1338.1,1287.4,1290.0,34731386.0339532,26923.55506508
2022-10-09,ETH/USD,1315.7,1328.7,1307.3,1323.54406149,13259440.321320103,10018.13291081
2022-10-08,ETH/USD,1330.8918066,1337.7,1303.6,1315.7,8660788.612126797,6582.64696521
2022-10-07,ETH/USD,1352.2,1361.9,1317.14808044,1330.8918066,57725648.05323049,43373.65950182
2022-10-06,ETH/USD,1352.04599591,1390.2,1345.3,1352.2,62565370.417881474,46269.31697817
2022-10-05,ETH/USD,1361.76327716,1365.0,1316.2,1352.04599591,48346831.498163566,35758.27423358
2022-10-04,ETH/USD,1323.4,1370.1285401,1319.2539635,1361.76327716,40537049.95601302,29768.0592772
2022-10-03,ETH/USD,1277.29444921,1330.1850109,1264.0,1323.4,89390318.03406334,67545.95589698
2022-10-02,ETH/USD,1312.2,1318.2,1270.0,1277.8,20353259.528847825,15928.36087717
2022-10-01,ETH/USD,1329.2,1334.4,1303.2,1312.0,9082435.27485216,6922.58786193
2022-09-30,ETH/USD,1336.15159633,1373.7,1315.1,1329.2,75083475.01271158,56487.71818591
2022-09-29,ETH/USD,1337.8,1352.2,1289.5,1335.75835033,54066998.55598181,40476.63152742
2022-09-28,ETH/USD,1329.00947922,1356.7,1255.0,1337.3,115725762.45050882,86536.87463584
2022-09-27,ETH/USD,1336.89342049,1401.6,1304.83663664,1328.9,87693520.87113783,65989.55592681
2022-09-26,ETH/USD,1295.5099612,1341.13753568,1279.6,1337.2,261899315.2398133,195856.5025724
2022-09-25,ETH/USD,1317.4,1337.8,1270.5,1295.0,21685361.192692753,16745.45265845
2022-09-24,ETH/USD,1327.7,1349.94224716,1307.0,1317.4,7948917.718837173,6033.79210478
2022-09-23,ETH/USD,1327.1,1360.0,1263.1,1328.1,98802872.4017062,74394.15134531
2022-09-22,ETH/USD,1245.7,1349.7,1237.3,1326.5,125565928.95862904,94659.57705136
2022-09-21,ETH/USD,1323.54920562,1412.76385631,1220.11135781,1246.3,105411997.25455268,84579.95446887
2022-09-20,ETH/USD,1376.07777212,1385.8,1313.1,1323.7,66025590.51301706,49879.57279823
2022-09-19,ETH/USD,1335.2,1393.9,1281.1,1376.67959926,71451927.91828558,51901.63924612
2022-09-18,ETH/USD,1469.3,1470.49587126,1324.0,1334.6365268,60337609.37994009,45209.01996037
2022-09-17,ETH/USD,1434.4,1476.45898224,1410.3,1469.4,37141602.55331903,25276.71332062
2022-09-16,ETH/USD,1474.2,1484.5,1406.5,1434.4,87125908.22110772,60740.31526848
2022-09-15,ETH/USD,1638.5,1656.0,1461.0,1474.1,195803320.30021432,132829.06200408
2022-09-14,ETH/USD,1574.5,1652.7,1553.1,1639.4,57876663.3541263,35303.56432483
2022-09-13,ETH/USD,1716.2,1763.9,1561.6,1574.9,116842322.38595067,74190.31201089
2022-09-12,ETH/USD,1766.30886479,1783.14261305,1693.1,1716.70659732,44730999.14860099,26056.28662372
2022-09-11,ETH/USD,1774.9,1789.2,1721.0,1767.56081559,29284001.888816677,16567.46496671
2022-09-10,ETH/USD,1720.3,1789.7,1707.9,1774.7,27199652.568835557,15326.33829314
2022-09-09,ETH/USD,1635.7,1749.5,1631.1598881,1719.8,102235391.25823429,59446.09330052
2022-09-08,ETH/USD,1629.65738754,1663.2,1595.0,1635.9,96581542.62262487,59038.78147969
2022-09-07,ETH/USD,1558.81828698,1657.3,1491.0,1629.65738754,63856356.28291149,39183.91483458
2022-09-06,ETH/USD,1617.6,1686.5,1554.1,1558.8,110238375.20832492,70720.02515289
2022-09-05,ETH/USD,1579.1,1630.4,1557.16730876,1616.47572917,34765624.3480833,21507.05001054
2022-09-04,ETH/USD,1557.3,1583.5,1540.8,1579.2,17737976.332267296,11232.25451638
2022-09-03,ETH/USD,1576.40938973,1582.9,1531.98904655,1557.6,30337506.228411622,19477.08412199
2022-09-02,ETH/USD,1586.9,1649.6,1546.7,1576.49987553,71421027.95937641,45303.54176867
2022-09-01,ETH/USD,1554.48427564,1600.0,1513.3,1586.13170286,46637030.81316958,29403.00022317
2022-08-31,ETH/USD,1525.3,1620.3,1525.3,1554.7,58123514.227229685,37385.67841206
2022-08-30,ETH/USD,1552.62064789,1608.2,1474.4,1525.3,71957522.33727276,47175.98002837
2022-08-29,ETH/USD,1427.48582452,1561.0,1422.8,1553.58909958,45163839.017759375,29070.64617663
2022-08-28,ETH/USD,1492.9,1512.2,1424.1,1428.0,24671559.929370478,17277.00275166
2022-08-27,ETH/USD,1508.8,1519.7,1447.7,1492.65035627,47786904.0420499,32014.80094874
2022-08-26,ETH/USD,1695.2,1707.5,1488.6,1509.20374955,113334040.70386812,75095.25518848
2022-08-25,ETH/USD,1657.1585529,1722.64137556,1654.6,1695.7,50050119.53253854,29515.904660340002
2022-08-24,ETH/USD,1665.7,1694.5,1605.9,1657.00586626,44712095.39603673,26983.66753339
2022-08-23,ETH/USD,1624.6,1675.0,1564.2,1665.0,57231311.525690846,34373.16007549
2022-08-22,ETH/USD,1617.8,1628.6,1530.4,1625.1,57108230.00483738,35141.36361137
2022-08-21,ETH/USD,1575.9,1646.7,1563.4,1617.9,20443552.417990945,12635.85661536
2022-08-20,ETH/USD,1609.1,1657.0,1523.58825501,1575.8,29333163.910478238,18614.77592999
2022-08-19,ETH/USD,1846.63591833,1847.96183665,1603.0,1609.1,73122903.57186124,45443.35564717
2022-08-18,ETH/USD,1834.0,1882.5,1821.0,1846.4,26516697.890705954,14361.29651793
2022-08-17,ETH/USD,1877.1,1957.3,1811.6,1833.63011956,73222135.98592655,39932.88243078
2022-08-16,ETH/USD,1898.8,1915.6,1851.0,1876.97017734,27519915.51272086,14661.88213588
2022-08-15,ETH/USD,1935.14670295,2012.4,1873.6,1899.3,48609794.01995094,25593.53131151
2022-08-14,ETH/USD,1982.8,2030.8,1906.8,1935.22174645,24878811.83686772,12855.79385541
2022-08-13,ETH/USD,1958.5,2019.1,1947.0,1983.1108359,33081519.45558558,16681.62911357
2022-08-12,ETH/USD,1880.15870478,1964.7,1853.49303449,1958.45958314,43551899.605865024,22237.83425545
2022-08-11,ETH/USD,1853.90972991,1942.6,1850.3,1880.6,88188598.2359335,46893.8627225
2022-08-10,ETH/USD,1702.9,1885.0,1654.2,1853.99450033,106288673.61467561,57329.55173047
2022-08-09,ETH/USD,1776.71729454,1790.8,1668.0,1702.9,43832719.50014408,25740.04316175
2022-08-08,ETH/USD,1699.7,1816.9,1693.2,1777.8,108711357.11871138,61149.3740121
2022-08-07,ETH/USD,1689.3,1727.4,1668.63736258,1699.7,43766005.76124585,25749.25325719
2022-08-06,ETH/USD,1735.9,1747.9,1684.0,1689.5,178928048.65095046,105905.91811243
2022-08-05,ETH/USD,1607.1,1741.0,1605.26060135,1735.6,150477444.50206935,86700.53267001
2022-08-04,ETH/USD,1617.2,1661.4,1579.2,1607.1,75417753.83683728,46927.8537968
2022-08-03,ETH/USD,1630.97843473,1685.1,1589.0,1617.2,46259583.10496541,28604.73850171
2022-08-02,ETH/USD,1628.93788706,1678.2,1560.0,1630.4,55662737.696940064,34140.54078566
2022-08-01,ETH/USD,1677.7,1704.5,1605.2,1628.93788706,81433413.11805494,49991.723910990004
2022-07-31,ETH/USD,1697.1,1754.6,1666.1,1677.7,34616995.52397651,20633.60286343
2022-07-30,ETH/USD,1721.41492096,1744.9,1673.4,1696.4,47082387.25292776,27754.29571618
2022-07-29,ETH/USD,1724.14943294,1765.9,1657.9,1722.1,93124600.78852656,54076.1865098
2022-07-28,ETH/USD,1636.13447221,1784.0,1596.0,1724.3,101136577.54648918,58653.70152902
2022-07-27,ETH/USD,1449.8,1644.4,1421.04168463,1636.42817314,89274425.01076773,54554.44148182
2022-07-26,ETH/USD,1440.2,1455.7,1356.2,1449.68158222,63198281.540443525,43594.59505836
2022-07-25,ETH/USD,1598.44828856,1609.7,1434.8,1439.8893574,69048882.65452176,47954.29752964
2022-07-24,ETH/USD,1548.76205262,1665.4,1545.2,1598.3,37528234.14669945,23480.0939415
2022-07-23,ETH/USD,1536.090194,1596.9,1487.8,1548.6,22221015.180780657,14349.0993031
2022-07-22,ETH/USD,1575.25389597,1647.9,1516.3,1535.0,74049597.08026475,48240.77985685
2022-07-21,ETH/USD,1521.4,1606.2,1463.3,1575.4,93972012.9188156,59649.62099709
2022-07-20,ETH/USD,1541.7,1620.0,1484.24421593,1521.5,88879223.70180099,58415.52658679
2022-07-19,ETH/USD,1580.9,1630.0,1489.9,1542.4,115632784.86108339,74969.38852508
2022-07-18,ETH/USD,1338.58943362,1595.7,1335.8,1581.3,147765595.12610343,93445.64290527
2022-07-17,ETH/USD,1356.4929694,1388.0,1319.4,1338.3,42876406.00125925,32037.96308844
2022-07-16,ETH/USD,1230.7,1430.3,1192.0,1356.6,78907658.256747,58165.75133182
2022-07-15,ETH/USD,1192.6,1287.1,1180.6,1231.3,82460835.82424636,66970.54805835
2022-07-14,ETH/USD,1114.92998345,1214.4,1071.0,1192.6,62799167.69424609,52657.36013269
2022-07-13,ETH/USD,1037.17660264,1119.64474168,1005.7,1115.5,188274174.71195126,168780.07594079
2022-07-12,ETH/USD,1095.65620322,1097.1,1029.9,1037.5,55063722.85578,53073.4678128
2022-07-11,ETH/USD,1168.65353848,1171.4,1090.8,1095.71560963,41397511.59213086,37781.25567282
2022-07-10,ETH/USD,1216.6,1219.7,1153.05721268,1168.3,15640992.461421313,13387.82201611
2022-07-09,ETH/USD,1213.1,1233.3,1204.1,1216.4,10310824.067593958,8476.50778329
2022-07-08,ETH/USD,1235.5,1274.5,1192.7,1213.7,111593012.83140513,91944.47790344
2022-07-07,ETH/USD,1185.8,1252.2,1162.92246673,1235.0,64899252.744960405,52550.00222264
2022-07-06,ETH/USD,1131.79068517,1203.8,1110.6,1185.5,53499340.69659969,45128.08156609
2022-07-05,ETH/USD,1150.74680053,1173.0,1077.0,1131.84098764,37695888.42388328,33304.93314479
2022-07-04,ETH/USD,1073.78349053,1160.7,1045.0,1150.4,45127944.610943764,39228.04642815
2022-07-03,ETH/USD,1065.9,1086.7,1039.8,1073.97713121,19932849.58862048,18559.84546539
2022-07-02,ETH/USD,1059.5,1078.0,1027.7,1065.5,27461980.63289997,25773.79693374
2022-07-01,ETH/USD,1071.2,1115.7,1032.9,1059.5,55920245.028666586,52779.84429322
2022-06-30,ETH/USD,1099.8,1106.2,997.29,1071.8,61205370.412680976,57105.21591032
2022-06-29,ETH/USD,1143.5,1156.6,1088.8,1099.5,56358063.45080223,51257.90218354
2022-06-28,ETH/USD,1191.7,1237.9,1136.5,1142.9,44825843.210863575,39221.14201668
2022-06-27,ETH/USD,1199.1,1239.0,1171.0,1190.4,47766193.71015398,40126.17079146
2022-06-26,ETH/USD,1241.78124782,1280.30106563,1196.0,1199.9,116137083.14070755,96788.96836462
2022-06-25,ETH/USD,1224.49195038,1257.0,1177.4,1241.5,38995808.25329969,31410.23620886
2022-06-24,ETH/USD,1142.72186859,1245.2,1130.4,1223.3,98569242.71057554,80576.50838762
2022-06-23,ETH/USD,1048.3,1153.1,1043.2,1142.51144195,53831653.931856215,47116.94951604
2022-06-22,ETH/USD,1124.6,1125.8,1041.6,1047.3,51224328.442706965,48910.84545279
2022-06-21,ETH/USD,1126.8,1191.9041666,1108.18056615,1124.0,43392961.35991368,38605.83750882
2022-06-20,ETH/USD,1126.8,1169.0,1052.2,1126.91316468,54435964.83750906,48305.37661965
2022-06-19,ETH/USD,995.08,1158.0,936.31,1127.1,92953172.21038379,82471.09591907
2022-06-18,ETH/USD,1084.27336577,1094.8,881.01,995.26,156578875.9567349,157324.59453483
2022-06-17,ETH/USD,1068.8,1118.9,1051.1,1084.28019884,62324406.301794626,57479.98199033
2022-06-16,ETH/USD,1238.2,1258.2,1052.1,1068.62740253,87989742.50820275,82339.02883258
2022-06-15,ETH/USD,1208.4,1251.2,1013.3,1237.9,229080860.93280655,185056.03112756
2022-06-14,ETH/USD,1211.3,1268.17026948,1075.3,1208.2,170638445.09360763,141233.60792386
2022-06-13,ETH/USD,1437.5,1456.5,1163.1,1210.5,256901634.53373307,212227.70304315
2022-06-12,ETH/USD,1533.7,1548.6,1426.2,1437.7,103052495.52847439,71678.71985009
2022-06-11,ETH/USD,1663.5,1683.8,1502.0,1532.4,98360913.9580313,64187.49279433
2022-06-10,ETH/USD,1789.7,1806.4,1655.5,1663.67813616,80377371.75878772,48313.05407686
2022-06-09,ETH/USD,1793.30004072,1835.2,1778.7,1789.7,46410773.04325594,25932.1523402
2022-06-08,ETH/USD,1814.6,1840.2,1766.7,1793.3,46570749.75490897,25969.30226672
2022-06-07,ETH/USD,1859.8,1875.0,1725.9,1814.8,94250673.04427134,51934.46828536
2022-06-06,ETH/USD,1806.86059982,1920.0,1805.2,1859.71567447,46416592.238720216,24958.97242569
2022-06-05,ETH/USD,1805.3,1831.0,1773.1,1806.2,33624346.63551984,18616.07055449
2022-06-04,ETH/USD,1776.6,1816.9,1749.0,1805.3,19602653.47185786,10858.39111054
2022-06-03,ETH/USD,1836.0,1844.8,1736.7,1777.0,58595212.436346956,32974.23322248
2022-06-02,ETH/USD,1820.9,1854.8,1783.35800115,1836.0,111401507.1702215,60676.20216243
2022-06-01,ETH/USD,1941.3,1973.5,1763.2,1820.9,223797603.04058054,122904.93878883
2022-05-31,ETH/USD,1999.7,2016.3,1925.2,1941.3,62457359.48740088,32172.95600237
2022-05-30,ETH/USD,1814.1,2013.3,1804.5,1998.7,98298428.98002398,49181.18225848
2022-05-29,ETH/USD,1793.3,1828.3,1763.6,1814.0,82539461.66043788,45501.35703442
2022-05-28,ETH/USD,1727.68347215,1809.5,1722.33314534,1793.2,45511166.53145056,25379.8608808
2022-05-27,ETH/USD,1791.8,1822.8,1703.0,1727.3,108371391.84315407,62740.34148275
2022-05-26,ETH/USD,1941.9,1964.8632284,1733.0,1792.4,92003173.83066772,51329.5993253
2022-05-25,ETH/USD,1978.5,2021.8,1933.4,1941.9,31781404.235936917,16366.13843964
2022-05-24,ETH/USD,1972.4373698,1992.6,1910.6,1979.2,39174643.724548794,19793.170839
2022-05-23,ETH/USD,2042.5,2087.8,1955.4,1971.6,35049308.30848207,17777.08881542
2022-05-22,ETH/USD,1974.0,2056.6,1965.40733002,2042.5,20776827.214064147,10172.25322598
2022-05-21,ETH/USD,1958.6,1990.0,1937.2,1973.91074729,17017887.69069778,8621.40687671
2022-05-20,ETH/USD,2020.4,2065.1,1921.8,1959.8,47716683.98327628,24347.73139263
2022-05-19,ETH/USD,1913.9,2041.1,1903.0,2020.3,77924882.17305104,38570.94598478
2022-05-18,ETH/USD,2090.1,2109.97752762,1907.1,1912.23128554,67664434.34259434,35385.06814226
2022-05-17,ETH/USD,2022.6,2123.3,2007.1,2090.6,42910681.36589123,20525.53399306
2022-05-16,ETH/USD,2143.9,2144.3,1978.5,2022.2,85009368.28428183,42038.06165774
2022-05-15,ETH/USD,2057.08622787,2167.0,2000.8,2144.4,49472801.35379113,23070.69639703
2022-05-14,ETH/USD,2010.2,2070.5,1952.4,2057.1,59375589.78666292,28863.73525189
2022-05-13,ETH/USD,1963.9,2153.07129134,1945.0,2009.90151707,151568283.0019311,75410.8008351
2022-05-12,ETH/USD,2089.25098169,2196.7,1763.4,1963.4,371942391.5110827,189437.90949938
2022-05-11,ETH/USD,2345.6010109,2456.4,2012.7,2088.9,423416475.1494811,202698.29821891
2022-05-10,ETH/USD,2232.1,2459.4,2201.8986299,2346.56815213,200825934.46596935,85582.82625786
2022-05-09,ETH/USD,2521.6,2532.59296113,2227.50043185,2233.54512368,204083859.7330482,91372.1677567
2022-05-08,ETH/USD,2637.6,2643.7,2484.78094808,2520.9,69967872.2846366,27755.1161429
2022-05-07,ETH/USD,2694.0,2705.9,2589.4,2637.5,52958993.78860538,20079.23935113
2022-05-06,ETH/USD,2748.66277092,2757.5,2634.05137754,2693.7,150192385.36428857,55756.90884816
2022-05-05,ETH/USD,2941.79812252,2955.8,2688.0,2748.64226782,96833806.90366039,35229.68704853
2022-05-04,ETH/USD,2782.74038099,2965.66534385,2772.4,2941.9,92018576.10131784,31278.6213336
2022-05-03,ETH/USD,2857.7,2863.5,2756.3,2782.50979263,45897486.76796855,16494.99559338
2022-05-02,ETH/USD,2828.1,2885.0,2780.54718902,2857.1,49721694.86810371,17402.85424665
2022-05-01,ETH/USD,2728.1,2851.4,2717.24574261,2828.8,27225414.807968,9624.3689225
2022-04-30,ETH/USD,2818.4,2842.5,2717.0,2728.1,28193959.470689774,10334.65029533
2022-04-29,ETH/USD,2937.2,2947.2,2777.59605465,2818.3,55209989.196056806,19589.81981906
2022-04-28,ETH/USD,2890.3,2980.5,2856.62756999,2937.55422962,80713165.75434905,27476.31514016
2022-04-27,ETH/USD,2810.69346157,2921.1,2796.0,2890.66794035,46622984.07523871,16128.79273487
2022-04-26,ETH/USD,3009.2,3039.5,2767.7,2811.0,50849709.41940639,18089.54443949
2022-04-25,ETH/USD,2922.5,3027.2,2797.7,3008.0,73111039.54153985,24305.53176248
2022-04-24,ETH/USD,2933.5,2968.23381229,2913.5,2923.9,21886366.67421585,7485.33351832
2022-04-23,ETH/USD,2963.7,2980.6,2917.0,2932.75049161,16903057.95110732,5763.55131453
2022-04-22,ETH/USD,2984.66872528,3034.7,2934.0,2963.85862526,37801945.402406864,12754.30112632
2022-04-21,ETH/USD,3076.4,3181.9,2940.9,2984.51804911,48685392.84869163,16312.64815544
2022-04-20,ETH/USD,3103.32545413,3170.9,3038.1531986,3076.46064653,59622305.48388801,19380.16192443
2022-04-19,ETH/USD,3057.6,3133.0,3031.8,3104.2,33456603.039210644,10777.85034444
2022-04-18,ETH/USD,2987.86485847,3071.3,2883.4,3056.5,67132551.91668904,21963.8645237
2022-04-17,ETH/USD,3061.24456941,3083.4,2982.8,2991.0,23480140.25486172,7850.26421092
2022-04-16,ETH/USD,3041.6,3086.3,3012.3,3061.1,19373275.382947773,6328.86066543
2022-04-15,ETH/USD,3022.70942308,3062.6,2994.4,3042.9,24333609.34210607,7996.84818499
2022-04-14,ETH/USD,3119.4,3144.3,2976.8,3022.47167031,47737776.43927148,15794.28416425
2022-04-13,ETH/USD,3028.9,3129.5,2999.3,3118.93217107,66385401.02856295,21284.65685927
2022-04-12,ETH/USD,2981.52002779,3086.9,2953.47542541,3029.5,51293230.894427404,16931.2529772
2022-04-11,ETH/USD,3204.21960221,3216.1,2951.1,2980.3,126972716.7389862,42604.0052139
2022-04-10,ETH/USD,3260.23806544,3310.9,3196.2,3204.3,78859778.13424607,24610.61015955
2022-04-09,ETH/USD,3193.0,3269.8,3183.1,3259.0,40150441.41254671,12319.86542269
2022-04-08,ETH/USD,3227.4,3314.5,3174.0,3194.7,44511194.45851893,13932.82450888
2022-04-07,ETH/USD,3170.08315079,3269.0,3147.1,3227.6,56602613.416296735,17537.05955394
2022-04-06,ETH/USD,3405.8,3405.8,3165.3,3170.73702335,177957178.32957128,56124.86214374
2022-04-05,ETH/USD,3521.0,3551.9,3398.6,3405.0,86465128.6203927,25393.57668734
2022-04-04,ETH/USD,3520.5,3544.0,3409.8,3520.8,81297848.50073771,23090.73179412
2022-04-03,ETH/USD,3443.73553307,3578.7,3413.5,3520.6219146,73194768.69373615,20790.29514365
2022-04-02,ETH/USD,3456.2,3528.8,3431.7,3443.3,129354395.7644818,37566.98392951
2022-04-01,ETH/USD,3282.0,3482.9,3214.3,3456.9,78738684.11480884,22777.25248483
2022-03-31,ETH/USD,3384.5,3445.7,3258.4,3282.2,77790928.7282539,23700.84965214
2022-03-30,ETH/USD,3400.6,3445.9,3333.8,3384.1,65990278.886668816,19500.09718586
2022-03-29,ETH/USD,3332.5,3482.0,3330.3,3401.6,110092826.89727145,32365.01261091
2022-03-28,ETH/USD,3294.7,3429.9,3274.6,3332.8,86113241.34186688,25838.1064996
2022-03-27,ETH/USD,3145.3,3297.4,3128.0,3295.37056522,69041256.59583645,20950.98418506
2022-03-26,ETH/USD,3104.05420213,3152.6,3086.72426301,3145.6,28727287.232127775,9132.53027471
2022-03-25,ETH/USD,3110.5,3193.0,3078.3,3104.18622213,90777966.29059789,29243.72437563
2022-03-24,ETH/USD,3036.0,3128.0,3002.2,3111.5,126263998.68556729,40579.78424733
2022-03-23,ETH/USD,2969.0,3043.3,2920.4,3036.0,78074942.27639435,25716.38414901
2022-03-22,ETH/USD,2888.7,3050.3,2886.2,2969.4,224580056.29507324,75631.45965349
2022-03-21,ETH/USD,2861.6,2960.7,2832.7,2889.0,101100843.6651243,34995.0999187
2022-03-20,ETH/USD,2951.52275288,2964.60856967,2819.4,2861.2,42727750.373291165,14933.50705064
2022-03-19,ETH/USD,2938.9,2986.7,2891.9,2951.94217008,101079674.0521001,34241.75279469
2022-03-18,ETH/USD,2813.9,2984.6,2769.4,2939.9,271683864.60025865,92412.62104162
2022-03-17,ETH/USD,2776.4,2839.0,2750.0,2814.1,57439598.0851158,20411.35641417
2022-03-16,ETH/USD,2620.5,2790.7,2606.9,2776.7,86777319.8423034,31251.96090406
2022-03-15,ETH/USD,2592.74255324,2671.1,2510.0,2620.8,47611808.82343267,18166.89897109
2022-03-14,ETH/USD,2516.2,2610.8,2499.4,2593.7,41401981.88127534,15962.51759312
2022-03-13,ETH/USD,2568.8,2603.6,2491.7,2514.5,25514520.52711889,10146.95586682
2022-03-12,ETH/USD,2558.03227084,2614.2,2553.7,2569.7,24557247.934347063,9556.46493145
2022-03-11,ETH/USD,2609.0,2677.2,2523.0,2558.03227084,65526070.19310994,25615.81061352
2022-03-10,ETH/USD,2730.02919979,2735.26513348,2556.3,2609.0,188182658.5596745,72128.27081628
2022-03-09,ETH/USD,2578.1,2775.3,2570.2,2730.7,78872745.70969163,28883.7095652
2022-03-08,ETH/USD,2493.88871573,2626.3,2482.4,2579.46063743,71620793.68690284,27765.80214004
2022-03-07,ETH/USD,2551.96618531,2650.6,2447.3,2493.8,74873589.8504084,30023.89520026
2022-03-06,ETH/USD,2665.8,2677.7,2533.7,2551.0,27938625.223470327,10952.02870383
2022-03-05,ETH/USD,2624.7,2686.0,2591.47233673,2666.0,19811040.07929388,7430.99777918
2022-03-04,ETH/USD,2835.8,2837.9,2576.7,2624.5,65056840.581015654,24788.2798937
2022-03-03,ETH/USD,2950.6,2972.6,2788.0,2835.8,47167918.888386846,16633.02027237
2022-03-02,ETH/USD,2979.3,3047.4,2916.0,2950.3,88474124.44469401,29988.17898
2022-03-01,ETH/USD,2925.3,3038.9,2856.8,2977.8,132448640.9740154,44478.6892921
2022-02-28,ETH/USD,2620.3,2953.2,2570.3,2925.8,151741213.37769356,51863.15311289
2022-02-27,ETH/USD,2781.33964037,2838.9,2560.2,2618.6,129769834.71362424,49556.95207883
2022-02-26,ETH/USD,2770.6,2880.6,2731.1,2780.9,81908086.03634314,29453.80489638
2022-02-25,ETH/USD,2599.8,2838.52477919,2575.0,2770.6,110877750.6480551,40019.40036384
2022-02-24,ETH/USD,2583.55039983,2740.4,2306.1,2600.1,341693544.0568884,131415.53942421
2022-02-23,ETH/USD,2641.5,2756.7,2580.2,2582.1,99681935.66847801,38604.98651039
2022-02-22,ETH/USD,2572.1,2670.0,2504.9,2641.3,99463428.8468505,37656.99801115
2022-02-21,ETH/USD,2625.7,2762.2,2563.2,2572.5,235742688.64581645,91639.52911402
2022-02-20,ETH/USD,2766.8,2768.1,2578.1,2625.4,87415985.37281471,33296.25404617
2022-02-19,ETH/USD,2781.5,2832.3,2697.6,2766.85793995,46250801.64061326,16716.00156004
2022-02-18,ETH/USD,2894.7,2947.2,2755.6,2781.9,59443415.081094824,21367.91943675
2022-02-17,ETH/USD,3124.5,3162.0,2855.6,2894.3,164405323.43621475,56803.13838794
2022-02-16,ETH/USD,3185.8,3190.6,3045.9,3124.96179214,53590002.39841622,17149.01044013
2022-02-15,ETH/USD,2931.1,3198.9,2914.3,3185.8,59570359.698842965,18698.71294458
2022-02-14,ETH/USD,2873.5,2967.1,2834.0,2930.4,65400877.96333503,22318.07192306
2022-02-13,ETH/USD,2919.5,2954.9,2837.4,2873.46131551,36083912.051520094,12557.64671574
2022-02-12,ETH/USD,2930.3,2987.5,2860.2,2919.74613666,42840492.978945635,14672.67734035
2022-02-11,ETH/USD,3076.57832855,3142.6243426,2881.56167321,2930.0,81736994.8147007,27896.58526099
2022-02-10,ETH/USD,3247.98971592,3288.5,3062.4,3076.2,111988765.08814023,36404.90380604
2022-02-09,ETH/USD,3119.3,3274.5,3057.0,3248.4,77479739.91442868,23851.66233051
2022-02-08,ETH/USD,3142.0,3236.2,3027.0,3118.7,94064191.0162142,30161.34639953
2022-02-07,ETH/USD,3058.78445699,3187.7,2996.5,3141.5,76547838.75875738,24366.65247772
2022-02-06,ETH/USD,3017.5,3077.0,2955.0,3058.8,41663530.39090761,13620.87432683
2022-02-05,ETH/USD,2997.6,3062.2,2960.12047381,3017.2,59713462.61776858,19791.01903015
2022-02-04,ETH/USD,2699.3,2999.0,2673.69674612,2996.3,143701658.89798325,47959.70326669
2022-02-03,ETH/USD,2682.1,2727.2,2577.0,2698.8,90796927.61256267,33643.44435029
2022-02-02,ETH/USD,2789.2,2811.9,2615.2,2681.2,66184052.145963036,24684.4890892
2022-02-01,ETH/USD,2689.6,2815.8,2676.1,2789.45766495,64756881.208937265,23214.86431668
2022-01-31,ETH/USD,2603.8,2710.0,2479.7,2688.8,94278530.27256282,35063.42244591
2022-01-30,ETH/USD,2602.5,2641.0,2544.7,2604.8,50051211.52924147,19214.99214114
2022-01-29,ETH/USD,2546.5,2639.4,2522.2,2601.91155377,59054433.82225626,22696.55697431
2022-01-28,ETH/USD,2425.96255401,2558.5,2361.0,2546.88971162,66289118.6694098,26027.4790726
2022-01-27,ETH/USD,2465.4,2521.6,2315.6,2426.6,96177988.86189859,39634.87548912
2022-01-26,ETH/USD,2460.50898897,2722.1,2405.2,2464.7,113580012.97965166,46082.6928144
2022-01-25,ETH/USD,2443.2,2508.6,2353.3,2460.3,61896947.26215397,25158.29259121
2022-01-24,ETH/USD,2542.0,2542.0,2160.6,2442.0,204704963.59148616,83826.76641748
2022-01-23,ETH/USD,2414.6,2552.9,2374.3,2542.9,97714788.38837323,38426.51633504
2022-01-22,ETH/USD,2570.3,2626.9,2301.0,2414.3,199275836.32466066,82539.79883389
2022-01-21,ETH/USD,3001.6,3035.7,2467.8,2569.8,300021634.5894572,116749.02116486
2022-01-20,ETH/USD,3084.4,3275.0,2988.1,3003.0,61677714.769701034,20538.69955701
2022-01-19,ETH/USD,3160.7,3177.59209133,3049.1,3082.9,73635860.84889276,23885.25766288
2022-01-18,ETH/USD,3210.9,3244.6,3084.6,3162.8,68099543.57225868,21531.41000767
2022-01-17,ETH/USD,3349.11634169,3358.1,3142.4,3210.3,80483362.51076928,25070.3555776
2022-01-16,ETH/USD,3327.0,3393.0,3272.7,3349.0,47781833.93154646,14267.49296254
2022-01-15,ETH/USD,3309.4,3374.9,3264.0,3328.4,76920563.97644812,23110.3725443
2022-01-14,ETH/USD,3241.0,3342.0,3189.4,3309.4,123240119.8768975,37239.4149625
2022-01-13,ETH/USD,3372.01806771,3412.3,3233.4,3241.4,72507354.30252433,22369.14737537
2022-01-12,ETH/USD,3240.59734476,3412.9,3208.3,3371.9,97247359.27744551,28840.5229329
2022-01-11,ETH/USD,3084.7,3264.4,3052.9,3239.7,89862958.45052364,27738.04934115
2022-01-10,ETH/USD,3150.2,3182.2,2930.35661308,3084.5,198020470.62021488,64198.56398775
2022-01-09,ETH/USD,3081.3,3210.8,3059.2,3149.4,129356670.77603175,41073.43328127
2022-01-08,ETH/USD,3197.4,3248.2,2998.7,3081.6,131558694.80099672,42691.68444996
2022-01-07,ETH/USD,3406.6,3415.1,3064.95650159,3197.5,303044588.4082321,94775.47721915
2022-01-06,ETH/USD,3539.7,3548.9,3300.0,3408.1,159995651.1875012,46945.70323274
2022-01-05,ETH/USD,3785.6,3847.2,3411.3037009,3539.9,148968034.1795658,42082.55436017
2022-01-04,ETH/USD,3765.3,3890.8,3714.8,3785.4,84349918.14651687,22282.96035994
2022-01-03,ETH/USD,3830.7,3849.7,3683.0,3764.9,70188532.21684888,18642.86759724
2022-01-02,ETH/USD,3767.17148208,3852.5,3717.6,3830.6,48296410.37975976,12608.05366777
2022-01-01,ETH/USD,3677.6,3777.9,3675.0,3767.1,63396093.6841171,16828.88526562
2021-12-31,ETH/USD,3710.6,3816.8,3622.0,3678.2,103462959.64114447,28128.69328507
2021-12-30,ETH/USD,3629.5,3768.0,3586.3,3710.0,80409921.8051857,21673.83337067
2021-12-29,ETH/USD,3794.6,3828.6,3606.0,3627.9,113882649.9119024,31390.79079134
2021-12-28,ETH/USD,4037.9,4037.9,3761.3,3793.4,113450003.99791911,29907.20830862
2021-12-27,ETH/USD,4064.6,4126.9,4033.0,4037.0,54110901.319622286,13403.74072817
2021-12-26,ETH/USD,4096.7,4107.5,4006.1056652,4063.8,59107296.28533538,14544.83396952
2021-12-25,ETH/USD,4047.4,4139.6,4026.0,4096.0,58796221.45060864,14354.54625259
2021-12-24,ETH/USD,4112.9,4136.1,4026.0,4047.6,101509811.0926686,25079.01252413
2021-12-23,ETH/USD,3981.7,4154.4,3896.75159278,4112.1,202269772.3083128,49188.9234961
2021-12-22,ETH/USD,4017.1,4076.3,3940.1,3981.77159441,89458601.75494078,22467.03499531
2021-12-21,ETH/USD,3947.2,4065.5,3915.87665699,4017.10993358,185436444.421241,46161.65539089
2021-12-20,ETH/USD,3926.8,3985.3,3755.8,3945.2,97396586.06816332,24687.36339556
2021-12-19,ETH/USD,3962.2,4034.1,3886.1,3926.29691461,75903802.84228987,19332.16068297
2021-12-18,ETH/USD,3877.11748301,4003.2,3769.2,3963.8,96021505.24187925,24224.60902212
2021-12-17,ETH/USD,3958.98779653,3996.96435954,3706.0,3877.6,190009252.23557997,49001.76713317
2021-12-16,ETH/USD,4023.9,4115.51653021,3955.4,3958.3,140709359.0338618,35547.92689636
2021-12-15,ETH/USD,3862.8,4097.0,3614.6,4023.15206957,279698180.5101164,69522.14971581
2021-12-14,ETH/USD,3788.0,3884.4,3689.0,3863.4,135419149.97904974,35051.80669334
2021-12-13,ETH/USD,4134.97838721,4147.1,3676.0,3788.3,622856986.2152545,164415.96130593
2021-12-12,ETH/USD,4092.3,4176.70321293,3990.08555198,4135.3,59646929.08243594,14423.84569014
2021-12-11,ETH/USD,3901.6,4099.0,3836.0,4091.6,102528875.28736037,25058.38187686
2021-12-10,ETH/USD,4107.8,4235.0,3891.34227937,3902.9,130153196.92153057,33347.8175002
2021-12-09,ETH/USD,4441.7,4490.5236743,4081.8,4109.6,144946539.7108286,35270.23060902
2021-12-08,ETH/USD,4310.6,4455.7,4228.4,4440.8,109848763.43958755,24736.25550342
2021-12-07,ETH/USD,4352.98246327,4426.1,4262.0,4309.2,92396006.02252339,21441.56827776
2021-12-06,ETH/USD,4203.1,4375.9,3926.8409894,4354.5,227807936.22088826,52315.52100606
2021-12-05,ETH/USD,4123.4,4254.9,4038.55950987,4202.8,146208692.2912287,34788.40113525
2021-12-04,ETH/USD,4218.8,4239.0,3436.4,4125.4,321496217.32398194,77930.91998933
2021-12-03,ETH/USD,4514.3,4657.1,4050.0,4220.6,223685347.12145236,52998.47109924
2021-12-02,ETH/USD,4587.4,4635.0,4432.4,4516.0,123459025.52962676,27338.13674261
2021-12-01,ETH/USD,4632.9,4781.6,4527.6,4589.5239992,146265284.06557885,31869.37993811
2021-11-30,ETH/USD,4447.3,4755.9,4351.1,4633.0,226050527.29832676,48791.393761780004
2021-11-29,ETH/USD,4298.50274007,4460.0,4284.8,4447.3,91617737.39329569,20600.754928450002
2021-11-28,ETH/USD,4097.9,4303.3,3968.85861625,4299.2,122502187.72959058,28494.18211053
2021-11-27,ETH/USD,4046.0,4187.6,4034.9,4100.1,46265196.83016113,11283.91913128
2021-11-26,ETH/USD,4527.6,4556.0,3916.3,4047.9,212979716.4663553,52614.8660951
2021-11-25,ETH/USD,4271.9,4556.2,4248.4,4527.3,93468429.77039585,20645.51272732
2021-11-24,ETH/USD,4341.8,4376.1,4167.5,4272.9,107012990.79750143,25044.58115039
2021-11-23,ETH/USD,4089.1,4386.5,4061.7,4341.9,124771849.41086903,28736.69347771
2021-11-22,ETH/USD,4262.6,4319.6,4025.7,4089.7,145535760.07003206,35585.92563514
2021-11-21,ETH/USD,4415.77421546,4426.6,4249.2,4264.5,53159301.41578266,12465.54142708
2021-11-20,ETH/USD,4298.9,4438.0,4207.0,4416.6,85018546.5516158,19249.77280071
2021-11-19,ETH/USD,3998.4,4311.6,3978.1,4299.6,155841221.50713602,36245.51621247
2021-11-18,ETH/USD,4289.06773158,4344.6,3959.7,3998.7,204941302.36500877,51251.98248556
2021-11-17,ETH/USD,4208.2,4299.0,4067.8,4289.8,158396150.9500622,36923.90110263
2021-11-16,ETH/USD,4560.7,4560.7,4124.0,4208.4,420663175.937774,99957.98306667
2021-11-15,ETH/USD,4625.22211311,4767.5,4535.2,4560.2,79530417.56147896,17440.11612681
2021-11-14,ETH/USD,4645.0926318,4693.4,4514.7,4625.44517998,57256439.30363845,12378.57915849
2021-11-13,ETH/USD,4668.3,4706.5420133,4587.9,4647.1,40342076.40532386,8681.12939367
2021-11-12,ETH/USD,4719.5,4804.0,4510.0,4668.0,148604964.00185758,31834.8251932
2021-11-11,ETH/USD,4629.8,4777.0,4577.5,4721.4,89918097.38238811,19044.79548066
2021-11-10,ETH/USD,4733.0,4864.9,4476.0,4629.8,229907608.7517653,49658.21606803
2021-11-09,ETH/USD,4807.1,4839.0,4716.4,4733.1,109083215.68746299,23046.88590722
2021-11-08,ETH/USD,4614.8005161,4820.0,4614.52139105,4807.3,186486854.58607092,38792.43121629
2021-11-07,ETH/USD,4520.06033732,4635.0,4506.2,4614.8,75741831.37754878,16412.80908762
2021-11-06,ETH/USD,4477.9,4531.2,4327.6,4520.0,90433680.32054201,20007.45139835
2021-11-05,ETH/USD,4533.4750634,4570.6,4432.38004027,4479.2,69760801.35772581,15574.38858674
2021-11-04,ETH/USD,4602.2,4604.6,4421.1,4535.1,72591179.15266334,16006.52227132
2021-11-03,ETH/USD,4593.4,4668.9,4457.5,4601.0,218449233.94571525,47478.64245723
2021-11-02,ETH/USD,4320.4,4601.0,4285.9,4592.21957979,132326072.20886107,28815.27546967
2021-11-01,ETH/USD,4288.3,4382.5,4146.2,4321.3,123446479.64893767,28566.97744867
2021-10-31,ETH/USD,4322.8,4394.3,4164.9,4288.3,123081089.13313633,28701.60416322
2021-10-30,ETH/USD,4418.6,4430.0,4235.4,4322.9,98193352.6365649,22714.69444969
2021-10-29,ETH/USD,4286.7,4456.5,4267.5,4417.4,197381898.6294181,44682.82216449
2021-10-28,ETH/USD,3922.5,4291.3,3891.0,4286.03812564,181664391.066248,42385.15518084
2021-10-27,ETH/USD,4127.9,4308.0,3909.0,3922.5,181361207.86809796,46236.12692622
2021-10-26,ETH/USD,4220.4,4296.9,4089.4,4128.0,112038072.40139233,27141.00591119
2021-10-25,ETH/USD,4080.1,4233.8,4066.7473858,4220.1,100253848.42716794,23756.27317532
2021-10-24,ETH/USD,4167.7,4185.0,3962.3,4080.4,99766398.73990044,24450.15163707
2021-10-23,ETH/USD,3972.7,4172.3,3941.1,4168.66071463,77269318.08216055,18535.76565034
2021-10-22,ETH/USD,4053.7,4165.9,3892.8,3972.9,112006389.4413222,28192.60224051
2021-10-21,ETH/USD,4162.1,4370.3,4015.8398042,4054.6,223764584.10276404,55187.83211729
2021-10-20,ETH/USD,3876.5,4170.0,3828.4,4164.4,133615032.44620372,32085.06206085
2021-10-19,ETH/USD,3745.9,3887.0,3732.6,3876.0,76171402.19413333,19652.06454957
2021-10-18,ETH/USD,3845.5,3895.0,3676.8,3747.8,92532087.9650481,24689.70808609
2021-10-17,ETH/USD,3829.2,3918.9,3641.5,3845.1,100251735.34160814,26072.59507987
2021-10-16,ETH/USD,3870.0,3973.2,3804.2,3830.0,96001930.329437,25065.7781539
2021-10-15,ETH/USD,3791.2,3906.6,3736.5,3869.3,143074953.52506593,36976.96056782
2021-10-14,ETH/USD,3607.7,3823.5,3590.7,3790.5214358,100557783.02291937,26528.7466978
2021-10-13,ETH/USD,3489.8,3613.5,3414.2,3607.5,55308683.16907538,15331.58230605
2021-10-12,ETH/USD,3541.6,3548.3,3403.7,3491.0,70654034.44456212,20238.90989532
2021-10-11,ETH/USD,3414.2,3622.6,3372.1,3544.1,92948910.47246465,26226.37918582
2021-10-10,ETH/USD,3576.4,3603.2,3409.0,3415.1,74429602.95202248,21794.26750374
2021-10-09,ETH/USD,3563.0,3637.1,3538.6,3576.5,46099226.87928142,12889.48046394
2021-10-08,ETH/USD,3587.3,3671.6,3533.3,3562.5,96287172.42538688,27027.97822467
2021-10-07,ETH/USD,3576.47122774,3654.5,3470.4,3587.3,94096759.87670617,26230.52431542
2021-10-06,ETH/USD,3516.5,3632.69680954,3342.3,3576.4,103284646.31499602,28879.50070322
2021-10-05,ETH/USD,3387.6,3546.8,3365.8,3515.7,76899392.82092613,21873.13844211
2021-10-04,ETH/USD,3419.66566055,3441.3,3268.4,3385.5,83444316.65329555,24647.56067148
2021-10-03,ETH/USD,3389.3,3490.0,3344.25628824,3419.66566055,51078979.264539495,14936.83427997
2021-10-02,ETH/USD,3310.2,3471.7,3261.0,3389.6,65018074.233406745,19181.63625012
2021-10-01,ETH/USD,3000.5,3330.98553394,2969.8,3310.5,123224357.93662328,37222.27999898
2021-09-30,ETH/USD,2850.7,3050.6,2838.4,3000.5,87665157.73617521,29216.84977043
2021-09-29,ETH/USD,2806.5,2949.67343401,2783.4,2849.73849759,83366623.42743008,29254.13103621
2021-09-28,ETH/USD,2927.7,2970.0,2789.7,2807.7,118545792.93316798,42221.67358805
2021-09-27,ETH/USD,3061.3,3166.0,2925.1,2928.9,103677690.64899188,35398.16676875
2021-09-26,ETH/USD,2924.5,3117.8,2743.5,3063.0,180267613.03406426,58853.28535229
2021-09-25,ETH/USD,2931.8,2968.8,2806.5,2924.3,139793632.83693975,47804.13529287
2021-09-24,ETH/USD,3153.7,3160.8708696,2737.0,2931.7,245207686.22744635,83640.10172509
2021-09-23,ETH/USD,3078.1,3175.6,3034.4,3152.8,88633013.54154179,28112.47574903
2021-09-22,ETH/USD,2766.0,3089.6,2740.0,3078.0,178979189.21617678,58147.8847356
2021-09-21,ETH/USD,2977.0,3104.60422795,2656.9,2766.4,279705459.8146944,101108.10432862
2021-09-20,ETH/USD,3328.64271937,3346.1,2924.0,2977.7,243268521.04268643,81696.78646025
2021-09-19,ETH/USD,3436.08472937,3455.50548596,3278.7,3328.4,69452095.16154204,20866.51098472
2021-09-18,ETH/USD,3400.2,3542.0,3370.8,3436.1,48213235.78651225,14031.38319214
2021-09-17,ETH/USD,3569.8,3595.1,3351.6,3399.0,78632981.41120586,23134.15163613
2021-09-16,ETH/USD,3614.4,3675.0,3485.0,3569.9,144731211.55091175,40542.09124931
2021-09-15,ETH/USD,3436.0,3616.4,3360.3,3614.9,100264978.84554753,27736.58437178
2021-09-14,ETH/USD,3285.0,3439.7,3271.3,3436.0,102144832.23642072,29727.83243202
2021-09-13,ETH/USD,3404.8,3428.8,3109.03393701,3285.2,257897523.31267756,78502.83797415
2021-09-12,ETH/USD,3267.3,3471.7,3232.8,3404.7,114270172.07503866,33562.47894823
2021-09-11,ETH/USD,3210.2,3347.5,3200.8,3267.4,69654828.06303549,21318.12084931
2021-09-10,ETH/USD,3425.4,3515.4,3148.14158665,3209.8,135847505.99148914,42322.73225481
2021-09-09,ETH/USD,3500.2,3567.1,3395.08766117,3424.3,110329731.82026677,32219.6454225
2021-09-08,ETH/USD,3435.1,3559.4,3218.2,3500.2,210557194.14169583,60155.76085415
2021-09-07,ETH/USD,3927.2,3946.2,3026.0,3432.5,493491675.65559053,143770.33522377
2021-09-06,ETH/USD,3952.1,3973.2,3882.5,3927.2,197174281.3502023,50207.34399832
2021-09-05,ETH/USD,3885.3,3982.0,3833.8,3952.1,154665225.00463277,39134.94724441
2021-09-04,ETH/USD,3938.8,3969.8,3835.0,3884.4,90508090.46225965,23300.40429983
2021-09-03,ETH/USD,3787.6,4027.9,3710.0,3938.3,226231310.29945192,57443.89972817
2021-09-02,ETH/USD,3826.4,3837.0,3723.89275663,3787.6,132314692.46842909,34933.6499283
2021-09-01,ETH/USD,3431.1,3840.9,3383.9,3827.2,246834396.41226164,64494.77331006
2021-08-31,ETH/USD,3230.7,3474.0,3191.5,3431.1,196456293.68548796,57257.52490032
2021-08-30,ETH/USD,3225.9,3349.0,3142.6,3230.88339915,94590534.0196781,29276.98784938
2021-08-29,ETH/USD,3246.0,3289.4,3153.0,3225.8,65887047.278512865,20425.02550639
2021-08-28,ETH/USD,3275.16867201,3286.7,3211.6,3245.8,28279787.643030092,8712.73265236
2021-08-27,ETH/USD,3092.4,3282.2,3061.0,3276.1,85724062.26305296,26166.49743996
2021-08-26,ETH/USD,3227.6,3252.5,3056.0,3092.67898368,78315206.53296398,25322.7725691
2021-08-25,ETH/USD,3171.3,3248.8,3080.7,3228.51441547,112844806.43764651,34952.54842194
2021-08-24,ETH/USD,3323.4,3359.10304951,3148.2,3173.2,114323624.68253149,36027.86609181
2021-08-23,ETH/USD,3240.7,3380.3,3232.5,3324.43541691,138656700.6852234,41708.34541707
2021-08-22,ETH/USD,3225.0,3275.0,3127.0,3240.7,63553393.09892143,19611.00783748
2021-08-21,ETH/USD,3287.9,3310.0,3206.9,3225.0,65219581.02230775,20223.12589839
2021-08-20,ETH/USD,3185.9,3303.1,3179.9,3286.8,104734627.85426335,31865.22692414
2021-08-19,ETH/USD,3015.3,3188.3,2960.1,3186.4,117554088.08603308,36892.44541992
2021-08-18,ETH/USD,3012.6,3124.0,2955.0,3015.4,105936530.37124768,35131.83337907
2021-08-17,ETH/USD,3147.4,3291.4,2993.9,3013.0,162938241.66215605,54078.40745508
2021-08-16,ETH/USD,3311.1,3340.1,3135.0,3147.27310599,147881337.23389387,46987.13211524
2021-08-15,ETH/USD,3265.3,3322.7,3104.8,3312.4,137727222.7469393,41579.2847322
2021-08-14,ETH/USD,3325.531512,3332.72789539,3206.6,3265.6,69613232.25141272,21317.13383495
2021-08-13,ETH/USD,3047.6,3329.7,3035.6,3324.8,103648315.86974397,31174.30097141
2021-08-12,ETH/USD,3160.1,3237.9,2981.3,3047.8,125269235.65814282,41101.52754713
2021-08-11,ETH/USD,3141.7,3272.2,3121.7,3163.0,132761825.81263007,41973.38786362
2021-08-10,ETH/USD,3164.44952897,3232.7,3051.5,3139.9,160611619.85110742,51151.82644387
2021-08-09,ETH/USD,3009.76699591,3187.5382627,2892.6,3164.4,263346309.55289316,83221.56160817
2021-08-08,ETH/USD,3158.0,3187.0,2947.5,3009.2,200122565.87897462,66503.57765485
2021-08-07,ETH/USD,2891.9,3172.0,2866.7,3158.3,204955431.98806074,64894.22537063
2021-08-06,ETH/USD,2829.4,2947.6,2722.2,2892.0,119020687.75112171,41155.14790841
2021-08-05,ETH/USD,2725.9,2844.1,2531.4,2829.1,254624753.64319658,90002.03373624
2021-08-04,ETH/USD,2510.0,2773.6,2455.4,2726.1,160963822.94941762,59045.45796171
2021-08-03,ETH/USD,2607.8,2632.6,2446.9,2508.9,168543413.27289304,67178.21087843
2021-08-02,ETH/USD,2557.3,2667.3,2510.0,2607.3,220695407.24017033,84645.19128607
2021-08-01,ETH/USD,2530.0,2697.0,2511.0,2557.3,294921275.9907542,115325.25553934
2021-07-31,ETH/USD,2462.9,2550.9,2420.4,2529.0,97092329.66596629,38391.58942901
2021-07-30,ETH/USD,2384.0,2471.2,2317.1,2463.0892634,111325370.95059282,45197.45695165
2021-07-29,ETH/USD,2301.0,2403.9,2266.4,2384.2,51600989.84844075,21642.8948278
2021-07-28,ETH/USD,2301.6,2346.47091105,2244.1,2300.1,76234480.96659744,33143.98546437
2021-07-27,ETH/USD,2229.3,2319.3,2151.3,2304.3,191692162.86871573,83188.8915804
2021-07-26,ETH/USD,2193.0,2431.51779793,2173.6,2228.7,166643185.7120299,74771.4747216
2021-07-25,ETH/USD,2187.0,2199.1,2109.06342846,2192.7,33491826.953278117,15274.24041286
2021-07-24,ETH/USD,2125.0,2200.8,2106.3,2185.9,212153639.01724795,97055.50986653
2021-07-23,ETH/USD,2026.0,2130.7,1997.2,2124.5,74293246.83827409,34969.7561018
2021-07-22,ETH/USD,1995.8,2048.9,1948.8,2025.3,66971235.216561034,33067.31606012
2021-07-21,ETH/USD,1788.2,2037.00276253,1755.3,1995.4,137236934.80537143,68776.65370621
2021-07-20,ETH/USD,1820.3,1842.2,1721.0,1787.8,246377085.9899537,137810.20583396
2021-07-19,ETH/USD,1893.7,1919.8,1806.0,1820.0,106318203.9649002,58416.59558511
2021-07-18,ETH/USD,1900.76717679,1993.7,1879.94418571,1893.20875733,70867075.27636077,37432.25621685
2021-07-17,ETH/USD,1878.1,1920.6,1846.4,1900.85804867,126989699.90479106,66806.51403383
2021-07-16,ETH/USD,1919.7675586,1967.0,1850.9,1878.23910657,76880241.79518266,40932.08448608
2021-07-15,ETH/USD,1994.9,2041.8,1882.3,1919.7,82098153.21992071,42766.13701095
2021-07-14,ETH/USD,1940.3,2020.5,1863.6,1995.0,82039087.5245382,41122.34963636
2021-07-13,ETH/USD,2029.6,2046.4,1917.2,1940.6,66955384.90894072,34502.41415487
2021-07-12,ETH/USD,2140.0,2167.0,2004.0,2031.0,59072295.503297284,29085.32521088
2021-07-11,ETH/USD,2109.6,2173.7,2081.0,2139.6,25108334.058440566,11735.05985158
2021-07-10,ETH/USD,2143.3,2188.9,2072.5,2110.0,91245514.30768101,43244.3195771
2021-07-09,ETH/USD,2114.0,2184.2,2045.7,2143.3,481929627.3800118,224854.02294593
2021-07-08,ETH/USD,2317.5,2325.8,2082.87444617,2112.6,685705660.282805,324579.0307123
2021-07-07,ETH/USD,2323.71169612,2409.6,2294.1,2316.9,98174976.06613764,42373.41968412
2021-07-06,ETH/USD,2194.9,2349.88367354,2192.41107338,2323.7,126371807.27874397,54383.87368367
2021-07-05,ETH/USD,2321.9,2323.9,2157.1,2195.20588584,113942559.68075939,51905.18138446
2021-07-04,ETH/USD,2227.5,2386.5,2189.7,2322.43252401,125919077.56376934,54218.61615439
2021-07-03,ETH/USD,2155.9,2239.5,2113.1,2227.1,74772796.35863766,33574.06329246
2021-07-02,ETH/USD,2106.7,2160.3,2017.3,2156.2,91908433.64047967,42625.18951882
2021-07-01,ETH/USD,2275.5,2276.8,2072.1,2106.7,103976172.58512373,49354.99719235
2021-06-30,ETH/USD,2166.3,2288.0,2089.1,2275.0,87491548.45419624,38457.82349635
2021-06-29,ETH/USD,2083.77707891,2243.4,2075.3,2166.1,139274182.95798114,64297.2083274
2021-06-28,ETH/USD,1984.9,2147.5,1963.1,2083.8,181626979.62330705,87161.42605975
2021-06-27,ETH/USD,1833.2,1985.7,1808.0,1983.39778481,390170014.3718278,196717.98433979
2021-06-26,ETH/USD,1807.9,1851.2,1717.2,1833.3,244451507.03672293,133339.61001294001
2021-06-25,ETH/USD,1990.4,2019.9,1788.0,1809.0,418029585.2849361,231083.24228023
2021-06-24,ETH/USD,1969.60212551,2032.1,1887.1,1990.3,132257921.48955216,66451.2493039
2021-06-23,ETH/USD,1883.6,2045.4,1826.21974604,1970.32286547,382283818.06819135,194020.90122778
2021-06-22,ETH/USD,1894.0,2005.33413628,1711.4,1881.6,1196594650.6077929,635945.28624989
2021-06-21,ETH/USD,2246.6,2263.9,1885.0,1892.93577195,593639027.1963617,313607.5909141
2021-06-20,ETH/USD,2168.18536102,2282.0,2046.1,2246.8385046,133483553.3684363,59409.50054717
2021-06-19,ETH/USD,2234.6,2279.5,2165.6,2169.1,80465457.97205116,37096.24174637
2021-06-18,ETH/USD,2373.0,2377.4,2138.3,2234.5,109981406.10577935,49219.69393859
2021-06-17,ETH/USD,2366.5,2460.5,2304.7,2372.0,63145256.98677789,26621.10328279
2021-06-16,ETH/USD,2542.0,2555.79327982,2351.7,2366.7,85703926.24062522,36212.41654651
2021-06-15,ETH/USD,2581.1,2640.3,2505.2,2541.6,56595131.805163674,22267.5211698
2021-06-14,ETH/USD,2509.1,2604.1,2460.8674582,2580.5,79149186.9435551,30672.03524261
2021-06-13,ETH/USD,2371.1,2550.4,2309.6,2508.49058317,68590934.80667038,27343.50898778
2021-06-12,ETH/USD,2354.98933844,2456.48020554,2258.3,2368.7,96501736.56203397,40740.37934818
2021-06-11,ETH/USD,2469.8,2497.74945271,2320.88548912,2354.7,101038830.17451757,42909.42802672
2021-06-10,ETH/USD,2609.0,2623.0,2425.4,2470.7,127854666.34459305,51748.35728522
2021-06-09,ETH/USD,2508.3,2623.2,2409.3,2609.16215241,217313908.01507804,83288.77061717
2021-06-08,ETH/USD,2590.5,2620.0,2310.0,2508.62724811,188645206.4248398,75198.57984759
2021-06-07,ETH/USD,2711.8,2846.86789902,2570.90782744,2591.357671,158357253.89907587,61109.76329947
2021-06-06,ETH/USD,2628.2,2744.0,2615.2,2710.1,80466672.09528154,29691.40330441
2021-06-05,ETH/USD,2690.2,2815.9,2554.0,2629.0,141830370.46330604,53948.41021807
2021-06-04,ETH/USD,2855.7,2858.65959328,2551.9,2692.0,155641849.40108988,57816.43737039
2021-06-03,ETH/USD,2704.1,2889.8,2663.4,2855.7,152163725.91051143,53284.21259604
2021-06-02,ETH/USD,2633.9,2801.7,2551.0,2706.0,117350059.24866378,43366.61465213
2021-06-01,ETH/USD,2705.1,2738.9,2526.2656081,2632.8,137261437.4641401,52135.15552421
2021-05-31,ETH/USD,2381.8,2719.0,2271.0,2705.39785315,221378726.58695388,81828.52896449
2021-05-30,ETH/USD,2272.7,2466.9,2178.4,2382.9,646183198.6014502,271175.12216268
2021-05-29,ETH/USD,2409.3,2574.3,2206.7,2272.7,369803544.82977784,162715.51231125
2021-05-28,ETH/USD,2740.9,2759.1,2326.5,2409.74455175,411474685.75970936,170754.48327537
2021-05-27,ETH/USD,2888.88052683,2890.55607704,2640.4,2740.9,175294191.47552153,63954.9751817
2021-05-26,ETH/USD,2707.9,2915.4,2647.1,2888.9,278788313.85743266,96503.27593805
2021-05-25,ETH/USD,2647.7,2751.66022128,2386.0,2707.9,340203056.606226,125633.5376514
2021-05-24,ETH/USD,2097.22218588,2675.0,2084.2,2647.7,846972284.525679,319889.82306367
2021-05-23,ETH/USD,2302.13365081,2388.70694929,1755.0,2097.6,994439811.5813816,474084.57836641
2021-05-22,ETH/USD,2439.7,2495.0,2164.1,2302.1,594998192.3260744,258458.88203209
2021-05-21,ETH/USD,2772.06112579,2940.8,2113.0,2439.8,789418954.4013579,323558.87958085
2021-05-20,ETH/USD,2441.6,2989.9,2160.3,2773.9,730616724.3741999,263389.7128138
2021-05-19,ETH/USD,3378.6,3442.9,2033.7,2441.6,1745748724.7255592,715001.93509402
2021-05-18,ETH/USD,3283.5,3563.8,3238.6,3378.6,409976980.35709995,121345.22593888
2021-05-17,ETH/USD,3593.5,3598.8,3122.5,3277.66615736,769697061.5391127,234830.82918947
2021-05-16,ETH/USD,3652.9,3887.9,3363.6,3593.5,480152342.61994815,133616.90347014
2021-05-15,ETH/USD,4082.3,4136.4,3638.1,3651.9,232467671.12135282,63656.63657859
2021-05-14,ETH/USD,3722.43565027,4171.7,3697.4,4082.3,247894448.27031344,60724.21141766
2021-05-13,ETH/USD,3832.9,4038.2,3555.0,3722.8,656103445.2555488,176239.24069398
2021-05-12,ETH/USD,4172.7,4373.0,3759.1,3833.3051523,641668139.2326072,167392.91909688
2021-05-11,ETH/USD,3945.5040603,4177.2,3767.06573054,4172.7,332023040.08645743,79570.31180925
2021-05-10,ETH/USD,3926.9,4207.6,3666.3,3945.5040603,555506601.2612572,140794.83705284
2021-05-09,ETH/USD,3910.90415771,3980.0,3724.1,3926.0,251657780.3021183,64100.30063732
2021-05-08,ETH/USD,3482.2,3953.2,3452.0,3911.7,377449040.63634044,96492.32830645
2021-05-07,ETH/USD,3491.3511649,3586.8,3356.7,3481.48541605,171263480.9654467,49192.64638476
2021-05-06,ETH/USD,3524.7,3599.0,3380.0,3491.4,352585938.69689226,100986.97906195
2021-05-05,ETH/USD,3242.44843,3542.0,3207.8,3524.7,292047147.06081796,82857.30617097
2021-05-04,ETH/USD,3429.653425,3524.0,3175.0,3240.5,472571824.68740535,145832.9963547
2021-05-03,ETH/USD,2949.7,3445.0,2949.7,3427.3,405000479.39079624,118168.96081195
2021-05-02,ETH/USD,2943.9,2981.4,2851.0,2949.7,95227657.66112792,32283.84502191
2021-05-01,ETH/USD,2769.4,2950.5,2752.2,2943.8,180327279.55121693,61256.63412977
2021-04-30,ETH/USD,2758.3,2798.7,2725.2,2769.4,98245972.68611842,35475.54440894
2021-04-29,ETH/USD,2748.5,2796.1,2671.1,2758.6,170222553.49658403,61706.13843855
2021-04-28,ETH/USD,2665.7,2760.4,2563.9,2748.5,231174749.55998743,84109.42316172
2021-04-27,ETH/USD,2536.9,2680.0,2484.2,2665.7,218235103.7389853,81867.84099448
2021-04-26,ETH/USD,2323.0,2544.9,2306.3,2537.0,170021201.97778985,67016.63459905
2021-04-25,ETH/USD,2218.1,2360.2,2167.6,2322.8,214418056.55600965,92310.16727915
2021-04-24,ETH/USD,2368.8,2368.9,2162.1,2218.6,151390015.25374702,68236.73273855
2021-04-23,ETH/USD,2399.4,2441.9,2111.3,2367.9,455826778.0202148,192502.54572415
2021-04-22,ETH/USD,2356.1,2642.0,2305.2,2399.3,469454139.5094662,195662.95982556
2021-04-21,ETH/USD,2329.9,2466.32374375,2236.3784825,2356.7,328689296.60083014,139470.14749473
2021-04-20,ETH/USD,2160.53285071,2345.9,2055.0,2329.9,329045954.7600246,141227.50107731
2021-04-19,ETH/USD,2235.9,2277.0,2077.8,2160.0,160459722.65311202,74286.9086357
2021-04-18,ETH/USD,2313.8,2335.8,1926.0,2237.1,526351099.55331373,235282.77660959
2021-04-17,ETH/USD,2421.9,2494.5,2310.5,2313.6,154723304.91588536,66875.56401966
2021-04-16,ETH/USD,2516.6,2544.0,2298.6,2422.5,247062549.65050104,101986.60460289
2021-04-15,ETH/USD,2429.9,2544.0,2397.2,2516.4,184845042.7711467,73456.14479858
2021-04-14,ETH/USD,2296.7,2444.9,2281.1,2429.9,203981971.48685125,83946.6527375
2021-04-13,ETH/USD,2138.2,2316.2,2137.1,2296.7,214397278.4792093,93350.14519929
2021-04-12,ETH/USD,2152.9,2203.9,2101.9,2138.2,107495319.92214376,50273.74423447
2021-04-11,ETH/USD,2136.7,2166.9,2115.6,2152.8,73893301.9309134,34324.27625925
2021-04-10,ETH/USD,2067.4,2200.0,2059.1,2136.1,159245621.58201066,74549.70346988
2021-04-09,ETH/USD,2081.3,2100.6,2051.8,2067.4,138013201.31582144,66756.89335195
2021-04-08,ETH/USD,1964.6,2084.0,1950.0,2081.4,66267495.053450175,31837.94323698
2021-04-07,ETH/USD,2112.7,2127.9,1930.0,1964.9,146225098.6099172,74418.59565877
2021-04-06,ETH/USD,2108.3,2151.3,2042.1,2112.1,123860654.27718635,58643.36644912
2021-04-05,ETH/USD,2077.5,2131.6,1998.7,2107.4,139743141.83486232,66310.68702423
2021-04-04,ETH/USD,2007.1,2092.0,1979.6,2077.4,87653312.91461197,42193.75802186
2021-04-03,ETH/USD,2133.1,2137.6,2001.0,2007.6,151386009.4668238,75406.46018471
2021-04-02,ETH/USD,1967.8,2142.7,1948.8,2133.1,183527608.7235763,86037.97699291
2021-04-01,ETH/USD,1919.3,1982.0,1888.0,1967.8,122196878.20290715,62098.22045071
2021-03-31,ETH/USD,1843.9,1948.52489247,1772.3,1919.3,121423038.9103188,63264.23118341
2021-03-30,ETH/USD,1818.2,1861.0,1788.7,1843.9,54137437.00990374,29360.2890666
2021-03-29,ETH/USD,1687.2,1839.0,1677.1,1818.2,126590415.3056396,69624.03217778
2021-03-28,ETH/USD,1713.8,1727.7,1662.2,1687.2,31129466.043861024,18450.37105492
2021-03-27,ETH/USD,1698.5,1733.8,1667.4,1713.9,42690284.83637834,24908.27051542
2021-03-26,ETH/USD,1587.1,1699.0,1587.1,1698.5,117610231.1546024,69243.58619641
2021-03-25,ETH/USD,1585.8,1620.5,1548.3,1587.6,143550731.18749002,90419.96169532
2021-03-24,ETH/USD,1668.4,1740.9,1546.0,1585.8,257052972.3271234,162096.71605948
2021-03-23,ETH/USD,1682.0,1720.4,1650.6,1669.1,54889304.75015049,32885.56991801
2021-03-22,ETH/USD,1784.6,1808.29169634,1656.0,1682.0,167567490.12148252,99623.95369886
2021-03-21,ETH/USD,1804.7,1815.9,1745.26096753,1784.3,187500328.47193933,105083.41000501
2021-03-20,ETH/USD,1809.2,1871.97180834,1801.0,1804.6,48786938.04084764,27034.76562166
2021-03-19,ETH/USD,1775.4,1842.0159641,1733.3,1809.8,75943727.76496597,41962.49738367
2021-03-18,ETH/USD,1821.8524069,1849.2,1759.34360321,1775.3,67764213.24374954,38170.5701818
2021-03-17,ETH/USD,1804.9,1833.9,1741.8,1821.7,432320753.64086866,237317.20570943
2021-03-16,ETH/USD,1796.7,1824.2,1723.2,1805.0,318058925.18751705,176209.93085181
2021-03-15,ETH/USD,1847.96830749,1889.9,1735.59653136,1796.0,378936391.0386098,210989.08187005
2021-03-14,ETH/USD,1922.9,1933.0,1840.0,1847.96830749,97785383.43838356,52915.07600106
2021-03-13,ETH/USD,1768.9,1943.6,1730.0,1921.9,175666605.78717086,91402.57338424
2021-03-12,ETH/USD,1829.6,1845.7,1720.8,1768.7,135479354.94136354,76598.26705567
2021-03-11,ETH/USD,1797.6,1849.9,1730.9,1829.9,128258343.46777157,70090.35655925
2021-03-10,ETH/USD,1873.0,1879.2,1761.1,1796.8,231182826.02410185,128663.63870442
2021-03-09,ETH/USD,1833.4,1873.3,1801.0,1873.3,123588675.3858132,65973.77642973
2021-03-08,ETH/USD,1726.3,1841.8,1666.6,1833.6,148699662.56552947,81097.11091052
2021-03-07,ETH/USD,1650.2,1734.0,1632.7,1727.9,88460579.6131819,51195.42775229
2021-03-06,ETH/USD,1531.4780532,1670.7,1514.1,1650.6,441418381.1348439,267429.04467154
2021-03-05,ETH/USD,1540.9,1551.0,1445.1,1531.7,193980193.44824648,126643.72491235
2021-03-04,ETH/USD,1570.2,1626.6,1507.4,1539.28432632,177479873.96366236,115300.25410443
2021-03-03,ETH/USD,1490.2,1658.0,1478.1,1570.0,114192072.48811921,72733.80413256
2021-03-02,ETH/USD,1569.781015,1601.0,1457.8,1489.7,164458474.28710744,110397.04255025
2021-03-01,ETH/USD,1424.4,1571.3,1413.9,1569.8,280002707.9519022,178368.39594337
2021-02-28,ETH/USD,1459.9,1471.3,1296.5,1424.4,243558226.90804216,170990.04978099
2021-02-27,ETH/USD,1444.1,1527.1,1427.9,1460.9,114171463.53673457,78151.45700372
2021-02-26,ETH/USD,1485.3,1561.8,1400.1,1446.2,375816120.1804565,259864.55551131
2021-02-25,ETH/USD,1624.0,1672.3,1460.2,1485.8,254133890.28225186,171041.78912522
2021-02-24,ETH/USD,1576.6,1709.4,1499.1,1624.4,357275957.8324582,219943.33774468
2021-02-23,ETH/USD,1775.9,1779.8,1360.1,1577.0,737377829.8900586,467582.64419154
2021-02-22,ETH/USD,1932.4,1934.9,1550.0,1774.2,475758841.6979397,268154.00839699
2021-02-21,ETH/USD,1911.1,1978.7,1882.1,1932.9,154451592.57517827,79906.66489481
2021-02-20,ETH/USD,1955.7,2036.8,1780.0,1911.7,372492128.4037529,194848.63127256
2021-02-19,ETH/USD,1938.3,1971.1,1891.1,1955.4077796,252681312.85419756,129221.79991832
2021-02-18,ETH/USD,1848.7,1948.84596805,1848.7,1937.5,139298967.8077281,71896.24144915
2021-02-17,ETH/USD,1783.710981,1856.9,1735.3,1848.7,150939549.30439416,81646.31865873
2021-02-16,ETH/USD,1778.5,1828.3,1725.0,1784.6,189650857.61007205,106270.79323662
2021-02-15,ETH/USD,1801.3,1837.125887,1649.0,1779.42505123,295439897.3576038,166031.09928872
2021-02-14,ETH/USD,1816.8,1853.3,1781.3,1801.2,102773240.43907134,57058.20588445
2021-02-13,ETH/USD,1842.5,1874.1,1762.07929312,1814.80349814,144025109.9483704,79361.26974407
2021-02-12,ETH/USD,1787.1,1865.1,1740.0,1842.4,226943432.1878671,123178.15468295
2021-02-11,ETH/USD,1742.5,1821.9,1705.0,1787.7,164633016.89597982,92092.08306538
2021-02-10,ETH/USD,1771.8,1838.7,1678.1,1742.1,313010927.7482952,179674.48926485
2021-02-09,ETH/USD,1755.0,1826.9,1710.638776,1771.9,358946678.595429,202577.27783477
2021-02-08,ETH/USD,1613.4,1784.2,1563.4,1754.8452795,442605885.9262115,252219.32161012
2021-02-07,ETH/USD,1677.0,1692.7,1486.8,1611.99918993,288670741.07930464,179076.232099
2021-02-06,ETH/USD,1717.5,1742.7,1646.6,1676.9,199133718.94823363,118751.09961729
2021-02-05,ETH/USD,1596.2,1760.0,1590.8,1717.7,390792890.16384983,227509.39638112
2021-02-04,ETH/USD,1662.5,1695.8,1559.0,1595.1,309025085.75494,193733.98893796
2021-02-03,ETH/USD,1515.9,1667.1,1512.4,1663.1,397240089.0733658,238855.20357968
2021-02-02,ETH/USD,1376.3,1550.0,1363.4,1515.7,332797268.9425837,219566.71435151
2021-02-01,ETH/USD,1313.86860839,1378.9,1271.0,1375.9,144945770.61559778,105346.15205727
2021-01-31,ETH/USD,1379.7,1381.8,1284.1,1314.23235939,154945224.4124808,117897.89172776
2021-01-30,ETH/USD,1379.7,1408.3,1325.3,1379.7,161571026.88518652,117105.9120716
2021-01-29,ETH/USD,1328.77517555,1443.0,1286.6,1379.1,738343230.7782408,535380.48783862
2021-01-28,ETH/USD,1240.2,1361.3,1220.5,1328.6,491975888.65078306,370296.46895287
2021-01-27,ETH/USD,1366.9,1374.9,1209.0,1240.1,551879872.5090872,445028.52391669
2021-01-26,ETH/USD,1317.4,1378.2,1246.9,1367.5720434,530791889.5307916,388127.18649261
2021-01-25,ETH/USD,1395.1,1480.0,1295.0,1317.9,418476043.24141014,317532.47078034
2021-01-24,ETH/USD,1233.6,1400.0,1220.8,1394.5,437209837.6398416,313524.44434553
2021-01-23,ETH/USD,1235.6,1275.0,1197.8,1233.5,134624894.20199224,109140.57089744
2021-01-22,ETH/USD,1112.0,1276.0,1048.9,1235.9,546705643.4589604,442354.27094341
2021-01-21,ETH/USD,1378.25462933,1389.0,1084.1,1111.8,508335603.9541654,457218.56804656
2021-01-20,ETH/USD,1365.8,1409.3,1234.0,1378.1,356974125.9794912,259033.54326935
2021-01-19,ETH/USD,1261.7,1439.8,1254.4333249,1367.38843092,420153126.26617736,307266.84295807
2021-01-18,ETH/USD,1235.1,1263.2,1184.5,1261.0,145251687.30156538,115187.69809799
2021-01-17,ETH/USD,1229.0,1273.09167,1163.4,1235.2,186715374.61467105,151162.05846395
2021-01-16,ETH/USD,1167.6,1295.01193223,1152.1,1228.9,222042944.46603796,180684.30666941
2021-01-15,ETH/USD,1230.8,1255.0,1072.0,1167.7,285767362.3080025,244726.69547658
2021-01-14,ETH/USD,1128.1,1245.9,1086.0,1229.883808,307486358.7817417,250012.52702218
2021-01-13,ETH/USD,1051.7,1135.4,987.44,1128.1,272840094.84894806,241858.07539132
2021-01-12,ETH/USD,1087.0,1150.5,1009.1,1052.3,289962213.78824806,275550.90163285
2021-01-11,ETH/USD,1255.9,1261.1792218,923.0,1087.0,842724435.4894949,775275.46963155
2021-01-10,ETH/USD,1278.97936399,1351.0,1170.0,1256.1,329540353.15773255,262352.00474304
2021-01-09,ETH/USD,1214.6,1306.8,1171.0,1278.9,231617050.14616016,181106.45878971
2021-01-08,ETH/USD,1221.5,1274.9,1060.8,1214.2,306917921.14975977,252773.77791942
2021-01-07,ETH/USD,1209.4,1290.0,1143.3,1221.6,348092100.54222804,284947.69199593
2021-01-06,ETH/USD,1101.7,1213.3,1058.9,1209.4,1167773091.6277018,965580.52888019
2021-01-05,ETH/USD,1041.2,1134.1,968.29,1101.6,416598757.0804643,378176.06851894
2021-01-04,ETH/USD,976.32,1159.4,860.0,1042.6,756931309.0709983,726003.55752062
2021-01-03,ETH/USD,774.82,1009.4,769.9,977.47,516998809.05419785,528915.27008931
2021-01-02,ETH/USD,729.46,786.36,714.89,774.21,106279536.29900713,137274.81729635
