Datetime,Symbol_Pair,Open,High,Low,Close,Volume_USD,Volume_in_BTC
2022-12-27,BTC/USD,16947.0,16987.0,16617.0,16720.0,15678916.251530401,937.73422557
2022-12-26,BTC/USD,16848.0,16963.0,16814.0,16946.0,5475269.034230799,323.1009698
2022-12-25,BTC/USD,16864.0,16874.0,16723.0,16847.0,6358401.16797285,377.42038155
2022-12-24,BTC/USD,16802.0,16891.0,16802.0,16864.0,6742337.257162239,399.80652616
2022-12-23,BTC/USD,16838.0,16966.0,16770.0,16802.0,8902849.54585002,529.86844101
2022-12-22,BTC/USD,16840.0,16873.0,16588.0,16838.0,12934422.505082538,768.16857733
2022-12-21,BTC/USD,16917.0,16934.0,16750.0,16845.0,13299563.765454449,789.52589881
2022-12-20,BTC/USD,16448.0,17066.0,16413.0,16924.0,24724006.69996708,1460.88434767
2022-12-19,BTC/USD,16756.0,16825.0,16261.0,16447.0,33503165.26278061,2037.03807763
2022-12-18,BTC/USD,16794.0,16872.0,16678.0,16755.0,10261216.6847913,612.42713726
2022-12-17,BTC/USD,16648.0,16811.0,16609.0,16793.0,20659828.46009474,1230.26430418
2022-12-16,BTC/USD,17372.0,17544.0,16550.0,16642.0,50065993.175005436,3008.41204032
2022-12-15,BTC/USD,17816.0,17867.0,17299.0,17373.0,33280452.5747145,1915.6422365
2022-12-14,BTC/USD,17786.0,18391.0,17678.0,17813.0,54981413.89663214,3086.58922678
2022-12-13,BTC/USD,17230.0,18000.0,17102.0,17785.0,106044965.32301906,5962.60699033
2022-12-12,BTC/USD,17101.0,17263.0,16879.0,17229.0,42518811.96107031,2467.86301939
2022-12-11,BTC/USD,17132.0,17503.0,17092.0,17110.0,35359713.6599135,2066.61096785
2022-12-10,BTC/USD,17137.0,17240.0,17104.0,17133.0,6344240.84280111,370.29363467
2022-12-09,BTC/USD,17247.0,17366.0,17053.0,17137.0,24401032.3517294,1423.8800462
2022-12-08,BTC/USD,16846.0,17323.0,16756.0,17246.0,30273292.47137456,1755.38052136
2022-12-07,BTC/USD,17095.0,17156.0,16701.0,16846.0,18042073.21109876,1071.00042806
2022-12-06,BTC/USD,16974.0,17109.0,16908.0,17094.0,13196603.400135541,772.00207091
2022-12-05,BTC/USD,17127.0,17436.0,16886.0,16975.0,24767308.2390615,1459.04614074
2022-12-04,BTC/USD,16890.0,17210.0,16885.0,17127.0,24135147.397987563,1409.18709628
2022-12-03,BTC/USD,17091.0,17144.0,16865.0,16889.0,11668075.368757611,690.86833849
2022-12-02,BTC/USD,16982.0,17100.0,16789.0,17090.0,26187173.534188602,1532.30974454
2022-12-01,BTC/USD,17181.0,17335.0,16872.0,16980.0,26518501.710093603,1561.74921732
2022-11-30,BTC/USD,16454.0,17297.0,16446.0,17180.0,46842328.635895,2726.56162025
2022-11-29,BTC/USD,16216.0,16545.0,16101.0,16452.0,26841853.585581478,1631.52526049
2022-11-28,BTC/USD,16436.0,16487.0,16002.0,16214.0,28273070.791670322,1743.74434388
2022-11-27,BTC/USD,16460.0,16603.0,16410.0,16435.0,8118017.7094167,493.94692482
2022-11-26,BTC/USD,16520.0,16697.0,16389.0,16460.0,12770912.381761,775.87560035
2022-11-25,BTC/USD,16603.0,16617.0,16354.0,16519.0,19223916.20861405,1163.74575995
2022-11-24,BTC/USD,16608.0,16804.0,16463.0,16606.0,20025494.829196617,1205.91923577
2022-11-23,BTC/USD,16219.0,16682.0,16168.0,16613.0,48114046.57298453,2896.16845681
2022-11-22,BTC/USD,15766.0,16294.0,15616.0,16217.0,51877711.56791792,3198.97092976
2022-11-21,BTC/USD,16278.0,16305.0,15487.0,15765.0,67946446.73675026,4309.95539085
2022-11-20,BTC/USD,16692.0,16742.0,16184.0,16278.0,19141959.2693613,1175.94048835
2022-11-19,BTC/USD,16682.0,16811.0,16538.0,16695.0,10127130.11395785,606.59659263
2022-11-18,BTC/USD,16683.0,16977.0,16546.0,16685.0,33153206.301296897,1987.00667074
2022-11-17,BTC/USD,16653.0,16735.0,16410.0,16683.0,24698410.53436005,1480.45378735
2022-11-16,BTC/USD,16887.0,17002.0,16347.0,16654.0,73029830.45574084,4385.12252046
2022-11-15,BTC/USD,16625.0,17132.0,16543.0,16886.0,110269041.57900429,6530.20499698
2022-11-14,BTC/USD,16344.0,17200.0,15822.0,16626.0,111537924.99290988,6708.64459238
2022-11-13,BTC/USD,16815.0,16956.0,16255.0,16345.0,41531313.05232455,2540.91851039
2022-11-12,BTC/USD,17056.0,17106.0,16635.0,16820.0,20988520.8341236,1247.83120298
2022-11-11,BTC/USD,17584.0,17671.0,16355.0,17047.0,136946186.11434668,8033.4478861
2022-11-10,BTC/USD,15928.0,18156.0,15760.0,17585.0,364580355.8713521,20732.46265973
2022-11-09,BTC/USD,18557.0,18600.0,15588.0,15923.0,287964256.7051054,18084.79913993
2022-11-08,BTC/USD,20609.0,20712.0,16950.0,18559.0,380757722.3097714,20516.06887816
2022-11-07,BTC/USD,20932.0,21083.0,20421.0,20609.0,37986471.906592555,1843.19820984
2022-11-06,BTC/USD,21316.0,21378.0,20900.0,20932.0,28352372.06179876,1354.49895193
2022-11-05,BTC/USD,21165.0,21470.0,21100.0,21313.0,34487652.49232788,1618.15101076
2022-11-04,BTC/USD,20223.0,21298.0,20206.0,21165.0,80693470.4455929,3812.59014626
2022-11-03,BTC/USD,20166.0,20404.0,20052.0,20223.0,25147524.443637326,1243.51107371
2022-11-02,BTC/USD,20501.0,20817.0,20078.0,20165.0,52022680.3057688,2579.85025072
2022-11-01,BTC/USD,20508.0,20699.0,20340.0,20500.0,34203547.123674996,1668.46571335
2022-10-31,BTC/USD,20649.0,20860.0,20257.0,20509.0,35116850.74671497,1712.26538333
2022-10-30,BTC/USD,20833.0,20950.0,20532.0,20647.0,22450693.86877933,1087.35864139
2022-10-29,BTC/USD,20610.0,21091.0,20576.0,20833.0,38102674.55203606,1828.95764182
2022-10-28,BTC/USD,20305.0,20767.0,20033.0,20611.0,47018989.99802993,2281.25709563
2022-10-27,BTC/USD,20788.0,20892.0,20191.0,20301.0,55830459.41774628,2750.13346228
2022-10-26,BTC/USD,20105.0,21022.0,20077.0,20790.0,81159627.3298965,3903.78197835
2022-10-25,BTC/USD,19339.0,20432.0,19251.0,20104.0,55446513.26696216,2757.98414579
2022-10-24,BTC/USD,19586.0,19615.0,19174.0,19340.0,25372889.982724,1311.9384686
2022-10-23,BTC/USD,19219.0,19707.0,19086.0,19585.0,29719039.98751355,1517.43885563
2022-10-22,BTC/USD,19175.0,19278.0,19124.0,19219.0,14479012.77283474,753.36972646
2022-10-21,BTC/USD,19057.0,19260.0,18673.0,19175.0,22832647.80128475,1190.75086317
2022-10-20,BTC/USD,19131.0,19355.0,18900.0,19058.0,24289084.341764063,1274.48233507
2022-10-19,BTC/USD,19332.0,19361.0,19081.0,19132.0,16439344.39121148,859.25906289
2022-10-18,BTC/USD,19557.0,19709.0,19100.0,19334.0,40915674.81208214,2116.25503321
2022-10-17,BTC/USD,19268.0,19684.0,19166.0,19554.0,28337357.03150934,1449.18466971
2022-10-16,BTC/USD,19073.0,19428.0,19067.0,19267.0,15060749.807231,781.686293
2022-10-15,BTC/USD,19183.0,19227.0,18991.0,19071.0,14060717.821692359,737.28267116
2022-10-14,BTC/USD,19382.0,19947.0,19088.0,19186.0,49234867.18674756,2566.18717746
2022-10-13,BTC/USD,19155.0,19515.0,18161.0,19385.0,121658420.83707555,6275.90512443
2022-10-12,BTC/USD,19063.0,19233.0,19025.0,19160.0,66752224.0782348,3483.93653853
2022-10-11,BTC/USD,19127.0,19260.0,18856.7741059,19063.0,168493890.20930576,8838.79191152
2022-10-10,BTC/USD,19441.0,19526.95886111,19000.0,19128.0,89716183.31043072,4690.30653024
2022-10-09,BTC/USD,19418.0,19553.0,19326.0,19444.42907034,21868432.894089006,1124.66315236
2022-10-08,BTC/USD,19532.6194523,19626.0,19250.0,19418.0113733,23817197.341191404,1226.55182775
2022-10-07,BTC/USD,19959.0,20059.0,19334.0,19532.6194523,149972770.01199952,7678.06746956
2022-10-06,BTC/USD,20156.0,20455.0,19866.0,19960.0,128351046.0247004,6430.41312749
2022-10-05,BTC/USD,20344.0,20363.0,19750.0,20156.31380734,140921503.175419,6991.43228878
2022-10-04,BTC/USD,19635.0,20543.0,19502.0,20344.0,172233850.03699055,8466.07599474
2022-10-03,BTC/USD,19067.0,19708.0,18980.0,19632.0,213861317.12141088,10893.50637334
2022-10-02,BTC/USD,19314.0,19396.0,18943.0,19066.91978561,60289730.98727824,3162.00685088
2022-10-01,BTC/USD,19429.0,19485.0,19157.0,19316.0,18106801.68374044,937.39913459
2022-09-30,BTC/USD,19589.0,20181.0,19154.0,19429.98970855,227409443.05465752,11704.04341257
2022-09-29,BTC/USD,19419.45237404,19652.0,18859.0,19589.0,164592042.1267002,8402.26872871
2022-09-28,BTC/USD,19096.0,19791.0,18478.0,19419.0,311773558.06964046,16055.07791697
2022-09-27,BTC/USD,19233.0,20385.0,18838.0,19096.59592432,285668331.88110733,14959.1232392
2022-09-26,BTC/USD,18819.0,19333.0,18694.0,19235.0,841542939.4534217,43750.60771788
2022-09-25,BTC/USD,18934.0,19188.0,18646.0,18817.0,77437883.68686725,4115.31507078
2022-09-24,BTC/USD,19298.0,19315.0,18822.0,18935.0,25165871.750033002,1329.0663718
2022-09-23,BTC/USD,19411.87732991,19512.0,18551.0,19299.0,280712923.79204065,14545.46472833
2022-09-22,BTC/USD,18473.0,19524.0,18377.0,19413.0,549072037.8484485,28283.72934881
2022-09-21,BTC/USD,18886.0,19981.0,18210.0,18473.0,325417531.7187576,17615.84646342
2022-09-20,BTC/USD,19544.0,19635.0,18754.0,18886.62342906,182573223.3865062,9666.80063656
2022-09-19,BTC/USD,19418.0,19694.0,18256.0,19544.5149091,233930559.7327858,11969.11567367
2022-09-18,BTC/USD,20124.67868232,20125.0,19350.08803832,19417.99098587,47108824.14343318,2426.04006654
2022-09-17,BTC/USD,19813.0,20212.0,19757.0,20124.67868232,275034250.21842444,13666.51634841
2022-09-16,BTC/USD,19717.0,19894.0,19347.0,19813.31437099,137692638.3521389,6949.50051132
2022-09-15,BTC/USD,20236.0,20330.0,19507.96149205,19714.0,83324478.16600543,4226.66522096
2022-09-14,BTC/USD,20177.0,20536.0,19624.0,20234.10830414,167232736.31410953,8264.89281368
2022-09-13,BTC/USD,22395.0,22794.0,19883.0,20175.11037941,323949594.19653076,16056.89327614
2022-09-12,BTC/USD,21832.92465912,22480.0,21553.0,22395.0,175491356.773047,7836.1847186
2022-09-11,BTC/USD,21654.41794906,21854.0,21359.0,21834.0,48966819.725271955,2242.68662294
2022-09-10,BTC/USD,21373.0,21802.0,21139.0,21656.0,116300349.92572872,5370.35232387
2022-09-09,BTC/USD,19323.45389847,21590.0,19304.35664047,21373.0,256316699.9623077,11992.54666927
2022-09-08,BTC/USD,19286.0,19460.0,19029.17130173,19321.99343392,158911955.90502116,8224.40792398
2022-09-07,BTC/USD,18794.0,19463.0,18549.0,19286.0,119333591.52113305,6187.57604071
2022-09-06,BTC/USD,19789.0,20183.0,18675.0,18794.0,227717845.71109068,12116.51834155
2022-09-05,BTC/USD,20004.0,20060.0,19637.0,19788.90905518,44445299.42765316,2245.97016964
2022-09-04,BTC/USD,19833.70674633,20039.0,19589.0,20003.0,40841341.211189315,2041.76079644
2022-09-03,BTC/USD,19969.84380935,20063.72915111,19646.41290961,19835.0,32655494.0873081,1646.35715086
2022-09-02,BTC/USD,20142.41710996,20441.42260626,19764.0,19970.0,125723785.8363721,6295.63274093
2022-09-01,BTC/USD,20056.01071509,20212.0,19581.0,20144.0,119589406.52980144,5936.72590001
2022-08-31,BTC/USD,19825.0,20495.0,19812.0,20058.0,93050369.66847287,4639.06519436
2022-08-30,BTC/USD,20299.0,20589.0,19574.0,19824.0,105674959.27822511,5330.65775213
2022-08-29,BTC/USD,19570.9358742,20427.0,19561.0,20307.0,83952759.04453263,4134.17831509
2022-08-28,BTC/USD,20044.0,20169.0,19540.0,19571.0,63248042.109813884,3231.72255428
2022-08-27,BTC/USD,20256.46139587,20386.0,19773.0,20049.0,51111599.1403365,2549.3340885
2022-08-26,BTC/USD,21562.63485514,21874.0,20133.0,20262.0,227531981.85877433,11229.49273807
2022-08-25,BTC/USD,21372.50137535,21816.0,21318.0,21563.0,69391478.2849775,3218.0808925
2022-08-24,BTC/USD,21528.0,21930.0,21157.0,21365.61149467,115618091.35965316,5411.41035858
2022-08-23,BTC/USD,21396.0,21685.0,20908.0,21519.0,105850436.55917923,4918.92915838
2022-08-22,BTC/USD,21514.0,21537.0,20908.0,21395.0,73691544.5941422,3444.33487236
2022-08-21,BTC/USD,21139.0,21800.0,21070.0,21511.72749449,49724762.39707133,2311.5187941
2022-08-20,BTC/USD,20832.0,21370.0,20769.0,21141.0,43161616.26429624,2041.60712664
2022-08-19,BTC/USD,23194.0,23199.0,20790.0,20835.0,198628383.09536102,9533.3997166
2022-08-18,BTC/USD,23332.0,23600.0,23115.0,23204.0,70231799.44654423,3026.71088806
2022-08-17,BTC/USD,23855.76464293,24440.0,23170.0,23332.48537268,142939854.76686418,6126.2164096
2022-08-16,BTC/USD,24091.0,24234.10623656,23679.0,23856.0,66040849.04400144,2768.31191499
2022-08-15,BTC/USD,24303.0,25205.0,23758.0,24094.0,215251202.5880458,8933.80935453
2022-08-14,BTC/USD,24435.0,25068.0,24143.0,24300.0,66677810.836797,2743.94283279
2022-08-13,BTC/USD,24399.0,24900.0,24284.0,24425.0,98880147.61903726,4048.31720037
2022-08-12,BTC/USD,23932.0,24470.0,23600.0,24401.0,86818921.40495665,3558.00669665
2022-08-11,BTC/USD,23954.0,24900.0,23861.0,23931.54283369,140792610.91581187,5883.13974967
2022-08-10,BTC/USD,23141.0,24227.0,22650.0,23954.17992196,210285935.2263754,8778.67394799
2022-08-09,BTC/USD,23817.0,23913.0,22888.0,23142.0,94219364.42205799,4071.35789569
2022-08-08,BTC/USD,23177.92133232,24224.0,23163.96340701,23817.0,68964033.24113715,2895.58018395
2022-08-07,BTC/USD,22929.97521111,23435.0,22836.0,23177.92133232,49929713.41740444,2154.19289338
2022-08-06,BTC/USD,23312.0,23341.25695438,22898.0,22930.0,28992924.983704504,1264.41016065
2022-08-05,BTC/USD,22611.0,23479.0,22593.47884997,23312.0,165070095.56743553,7080.90663896
2022-08-04,BTC/USD,22813.21307165,23214.0,22390.0,22611.73420504,103938084.4346134,4596.64364936
2022-08-03,BTC/USD,22982.0,23634.09748227,22680.0,22813.87370738,108305472.57044335,4747.35128105
2022-08-02,BTC/USD,23256.0,23466.0,22676.0,22986.0,96988305.71694583,4219.45121887
2022-08-01,BTC/USD,23291.0,23499.33892049,22879.0,23256.43130738,129740878.80674516,5578.70969505
2022-07-31,BTC/USD,23640.26790736,24211.0,23233.0,23294.0,73296802.28846729,3146.59578812
2022-07-30,BTC/USD,23782.0,24736.0,23512.0,23639.0,101555014.83679244,4296.07914196
2022-07-29,BTC/USD,23844.17675427,24444.0,23450.0,23764.0,119453650.34820464,5026.66429676
2022-07-28,BTC/USD,22953.21189857,24180.0,22594.0,23848.0,158047178.94715905,6627.27184448
2022-07-27,BTC/USD,21268.0,23100.0,21056.0,22951.0,171431656.22183982,7469.46347531
2022-07-26,BTC/USD,21305.0,21338.0,20724.0,21262.0,94213738.9633458,4431.0854559
2022-07-25,BTC/USD,22578.0,22663.27985526,21260.0,21297.0,94180781.94893916,4422.25580828
2022-07-24,BTC/USD,22442.0,23006.0,22261.0,22580.43244993,52920421.41805458,2343.64074007
2022-07-23,BTC/USD,22685.0,22995.0,21943.0,22448.0,60421797.73803888,2691.6338978100002
2022-07-22,BTC/USD,23150.0,23732.0,22515.0,22681.0,115021226.27195098,5071.25903937
2022-07-21,BTC/USD,23214.24295395,23423.0,22350.0,23151.82385576,188080816.03043196,8123.80126949
2022-07-20,BTC/USD,23384.0,24276.0,22905.0,23209.0,195821268.1550946,8437.29881318
2022-07-19,BTC/USD,22436.0,23800.0,21592.0,23388.0,238869367.31937325,10213.33022573
2022-07-18,BTC/USD,20791.0,22780.0,20763.0,22437.0,191101995.45660195,8517.27037735
2022-07-17,BTC/USD,21211.8461135,21666.0,20750.0,20787.94254165,65861394.60334017,3168.24979054
2022-07-16,BTC/USD,20820.0,21606.0,20474.0,21224.0,72214056.37713008,3402.47155942
2022-07-15,BTC/USD,20580.88162175,21195.0,20373.0,20820.0,74761939.0519056,3590.87123208
2022-07-14,BTC/USD,20232.0,21026.0,19625.0,20582.0,124704257.59222782,6058.89892101
2022-07-13,BTC/USD,19308.0,20347.0,18912.59691993,20246.0,242951062.00099787,11999.95366991
2022-07-12,BTC/USD,19945.0,20038.23365274,19216.56633301,19310.53347612,130887320.25376731,6778.02715371
2022-07-11,BTC/USD,20869.0,20869.0,19872.0,19944.0,131826560.79635137,6609.83557944
2022-07-10,BTC/USD,21576.1046085,21590.54000409,20669.0,20854.59638401,60133725.93633437,2883.47589323
2022-07-09,BTC/USD,21587.17550637,21976.0,21318.0,21575.75757576,47377694.90933866,2195.876309
2022-07-08,BTC/USD,21597.0,22425.0,21172.0,21590.0,250394993.4810079,11597.73012881
2022-07-07,BTC/USD,20551.24599564,21816.0,20253.0,21593.0,120842672.56368451,5596.3818165
2022-07-06,BTC/USD,20168.28749762,20665.61764153,19758.0,20557.05483986,88791713.24686728,4319.28182021
2022-07-05,BTC/USD,20233.0,20736.0,19287.0,20169.0,89732219.07439153,4449.01676208
2022-07-04,BTC/USD,19307.29593377,20343.0,19050.0,20231.0,71741676.37852989,3546.1260629
2022-07-03,BTC/USD,19230.0,19666.0,18774.0,19308.0,45467067.13914984,2354.83049198
2022-07-02,BTC/USD,19281.0,19445.0,18980.0,19230.0,32040099.3328374,1666.15181138
2022-07-01,BTC/USD,19943.0,20959.0,18962.0,19286.0,100127862.30476938,5191.73816783
2022-06-30,BTC/USD,20112.0,20157.0,18638.0,19944.0,114609664.40173055,5746.57362624
2022-06-29,BTC/USD,20271.0,20430.0,19844.0,20111.0,68009698.9668642,3381.7164222
2022-06-28,BTC/USD,20734.0,21208.0,20194.0,20272.0,48428105.221532956,2388.91600343
2022-06-27,BTC/USD,21054.89482996,21534.0,20515.0,20718.0,57828109.039955094,2791.20132445
2022-06-26,BTC/USD,21479.0,22020.0,20980.0,21056.0,59015656.711567365,2802.79524656
2022-06-25,BTC/USD,21229.0,21594.0,20893.0,21473.0,49376608.86056974,2299.47417038
2022-06-24,BTC/USD,21076.0,21549.0,20704.0,21229.0,123058311.88894387,5796.70789434
2022-06-23,BTC/USD,19952.0,21179.0,19855.0,21074.0,129493132.373357,6144.6869305
2022-06-22,BTC/USD,20689.23205291,20848.0,19730.0,19944.0,144764591.53869864,7258.55352681
2022-06-21,BTC/USD,20554.0,21675.0,20327.0,20694.0,169320402.69386232,8182.10122228
2022-06-20,BTC/USD,20543.45566385,21039.0,19626.0,20549.09798559,137455891.6935479,6689.14478825
2022-06-19,BTC/USD,18964.0,20744.0,17950.0,20549.0,239998700.3550037,11679.3372113
2022-06-18,BTC/USD,20413.0,20688.0,17605.0,18965.0,340041747.5663647,17929.96296158
2022-06-17,BTC/USD,20400.0,21362.0,20250.0,20414.0,490342023.94760656,24019.88948504
2022-06-16,BTC/USD,22594.0,23010.0,20248.0,20397.20710459,137530967.83132172,6742.63722117
2022-06-15,BTC/USD,22143.0,22810.0,20073.0,22594.0,396638610.5484546,17555.04162824
2022-06-14,BTC/USD,22500.0,23377.0,20859.0,22143.77484,364420525.75281894,16457.01911196
2022-06-13,BTC/USD,26636.0,26951.0,21953.0,22500.0,961326207.704475,42725.60923131
2022-06-12,BTC/USD,28442.0,28558.26751191,26636.0,26636.0,237333186.8725872,8910.2412852
2022-06-11,BTC/USD,29104.0,29456.0,28138.0,28433.0,106582238.48931283,3748.54002354
2022-06-10,BTC/USD,30112.0,30395.0,28864.0,29103.0,141192389.68206382,4851.47200227
2022-06-09,BTC/USD,30225.0,30711.83055338,29952.0,30112.15191487,63128192.91206675,2096.43578747
2022-06-08,BTC/USD,31138.0,31339.0,29872.0,30226.0,79971025.07917936,2645.76937336
2022-06-07,BTC/USD,31371.0,31591.0,29174.0,31137.0,199860497.9256738,6418.74611959
2022-06-06,BTC/USD,29934.0,31775.0,29907.0,31371.83211454,150036348.90459606,4782.51790832
2022-06-05,BTC/USD,29873.0,30245.0,29540.0,29923.41356674,51367789.52973098,1716.64203401
2022-06-04,BTC/USD,29719.0,30028.0,29498.0,29874.0,44827172.5542849,1500.54135885
2022-06-03,BTC/USD,30473.75559032,30708.17873851,29300.0,29730.0,90326110.0306656,3038.21426272
2022-06-02,BTC/USD,29843.0,30719.0,29610.0,30478.0,180625291.5827889,5926.41549914
2022-06-01,BTC/USD,31798.25894723,31974.1614267,29346.0,29833.0,144419447.8075053,4840.9294341
2022-05-31,BTC/USD,31724.19964769,32407.93272565,31220.0,31785.0,92967100.17955816,2924.87337359
2022-05-30,BTC/USD,29477.0,32503.0,29310.0,31726.27832771,251723888.0278479,7934.23941591
2022-05-29,BTC/USD,29037.32513873,29699.25013822,28850.0,29476.0,75862562.1133714,2573.70613765
2022-05-28,BTC/USD,28618.20387438,29269.0,28524.0,29037.32513873,47993998.911627725,1652.8381551100001
2022-05-27,BTC/USD,29197.0,29384.0,28262.0,28609.29899389,125082506.4055705,4372.09266932
2022-05-26,BTC/USD,29522.0,29859.22423568,27978.0,29206.99009526,161830899.72423527,5540.827699
2022-05-25,BTC/USD,29648.0,30219.30951769,29333.0,29525.65891892,63564951.32159022,2152.87155813
2022-05-24,BTC/USD,29102.0,29854.0,28652.02346923,29647.0,86163205.09231818,2906.30435094
2022-05-23,BTC/USD,30279.0,30666.0,28863.0,29102.0,81162324.32131822,2788.89163361
2022-05-22,BTC/USD,29439.0,30477.0,29238.0,30283.0,81300625.74305882,2684.69523307
2022-05-21,BTC/USD,29203.0,29654.0,28937.0,29439.0,37544753.98736829,1275.34067011
2022-05-20,BTC/USD,30329.0,30769.0,28702.0,29202.32017749,115038893.7184712,3939.37512565
2022-05-19,BTC/USD,28685.0,30550.0,28670.0,30329.11483534,136177886.62188146,4490.0053088
2022-05-18,BTC/USD,30440.0,30702.0,28632.1300395,28681.0,113252843.38951343,3948.70623024
2022-05-17,BTC/USD,29868.0,30773.0,29433.51564009,30442.0,93607689.42906597,3074.95202119
2022-05-16,BTC/USD,31323.0,31324.08253275,29070.0,29864.0,135025867.35607198,4521.359073
2022-05-15,BTC/USD,30099.0,31500.0,29481.0,31318.0,85827401.05420837,2740.51347641
2022-05-14,BTC/USD,29301.0,30416.94862318,28630.0,30099.0,124243567.24571879,4127.8304012
2022-05-13,BTC/USD,29089.0,31136.0,28826.0,29305.0,255619444.39860424,8722.72459985
2022-05-12,BTC/USD,29149.69356674,30270.0,26591.0,29078.0,995962514.7181842,34251.41050685
2022-05-11,BTC/USD,31065.32759343,32227.0,27900.0,29149.0,837449751.3159056,28729.96505252
2022-05-10,BTC/USD,30136.0,32687.0,29833.0,31072.0,440373581.55206144,14172.68220752
2022-05-09,BTC/USD,34075.0,34277.0,30100.0,30140.0,640482402.8261538,21250.24561467
2022-05-08,BTC/USD,35506.0,35541.0,33761.0,34064.0,224062978.36704272,6577.70603473
2022-05-07,BTC/USD,36041.0,36170.0,34854.0,35506.0,134254642.29031962,3781.1818366
2022-05-06,BTC/USD,36577.0,36685.0,35290.0,36040.0,273790948.8889888,7596.86317672
2022-05-05,BTC/USD,39708.11961676,39850.0,35501.0,36577.0,356190613.6979499,9738.10355409
2022-05-04,BTC/USD,37752.0,40046.0,37695.0,39708.11961676,208731764.24630934,5256.65194577
2022-05-03,BTC/USD,38526.0,38673.49243394,37555.0,37752.0,136803332.88305113,3623.73736181
2022-05-02,BTC/USD,38495.42135157,39208.80322028,38075.0,38521.0,138376564.77054548,3592.2370855
2022-05-01,BTC/USD,37659.0,38714.0,37406.13888176,38496.07041811,117712206.06706715,3057.77199565
2022-04-30,BTC/USD,38616.0,38811.0,37633.0,37660.0,109755541.9623278,2914.37976533
2022-04-29,BTC/USD,39756.0,39927.17935766,38200.0,38600.0,123261091.51788199,3193.29252637
2022-04-28,BTC/USD,39261.41542102,40383.0,38910.0,39757.81575497,184749130.69765183,4646.8631938
2022-04-27,BTC/USD,38133.0,39496.0,37900.0,39263.0,164813591.9507119,4197.6820913
2022-04-26,BTC/USD,40458.36692153,40809.0,37727.0,38132.0,180371388.87727982,4730.18433015
2022-04-25,BTC/USD,39473.0,40635.0,38200.0,40455.53559827,243209834.7092661,6011.7813573
2022-04-24,BTC/USD,39454.0,39973.0,38942.0,39480.58123889,86346535.6524974,2187.06343582
2022-04-23,BTC/USD,39722.57093894,40103.0,39312.0,39444.0,75610408.58494584,1916.90519686
2022-04-22,BTC/USD,40502.0,40799.0,39170.0,39726.0,164042321.70884797,4129.34404946
2022-04-21,BTC/USD,41364.07177753,42989.0,39789.0,40502.0,184648932.30038023,4559.00776012
2022-04-20,BTC/USD,41514.0,42223.0,40905.0,41364.0,154373690.0888107,3732.07837948
2022-04-19,BTC/USD,40823.0,41777.0,40601.0,41518.32114382,98761708.17833236,2378.75004233
2022-04-18,BTC/USD,39699.71930283,41127.50821203,38547.0,40822.0,203779996.43179747,4991.91603625
2022-04-17,BTC/USD,40408.0,40624.0,39563.0,39707.55271232,65791015.499616675,1656.88920635
2022-04-16,BTC/USD,40575.0,40717.0,40014.0,40408.0,60055123.93371544,1486.21866793
2022-04-15,BTC/USD,39948.01234606,40873.0,39777.0,40586.355501,89503879.16720855,2205.27017177
2022-04-14,BTC/USD,41166.0,41511.0,39575.0,39948.0,126451551.66274044,3165.40381653
2022-04-13,BTC/USD,40096.0,41555.0,39607.0,41155.0,188001513.3055144,4568.13299248
2022-04-12,BTC/USD,39560.17805141,40770.0,39300.0,40088.0,164653031.71647957,4107.28975545
2022-04-11,BTC/USD,42181.0,42437.0,39223.0,39566.0,265182705.24313906,6702.28744991
2022-04-10,BTC/USD,42780.0798286,44023.0,41933.0,42177.51505057,127719606.55038922,3028.1444129
2022-04-09,BTC/USD,42249.61563447,42824.0,42137.0,42780.0,82248224.3404038,1922.58588921
2022-04-08,BTC/USD,43441.0,43985.0,42137.0,42250.0,184441573.63242,4365.48103272
2022-04-07,BTC/USD,43194.82132932,43901.0,42804.0,43458.0,104357263.65841608,2401.33608676
2022-04-06,BTC/USD,45490.44735913,45520.0,43162.0,43195.91199284,252418973.62645128,5843.58477414
2022-04-05,BTC/USD,46594.0,47173.0,45359.0,45481.0,117611463.5425831,2585.94717668
2022-04-04,BTC/USD,46388.0,46900.0,45111.0,46611.0,160625846.14923897,3446.09311427
2022-04-03,BTC/USD,45820.0,47600.0,45505.0,46390.0,139775284.7601941,3013.04774219
2022-04-02,BTC/USD,46301.01257854,47240.0,45636.0,45823.0,104213561.8483559,2274.2631833
2022-04-01,BTC/USD,45535.78349408,46740.70525005,44234.0,46301.0,183397941.49115232,3960.99309931
2022-03-31,BTC/USD,47048.94776884,47665.0,45190.19424317,45536.0,212097139.44277537,4657.79030751
2022-03-30,BTC/USD,47423.96908156,47675.0,46446.0,47049.0,202203863.10873994,4297.72924204
2022-03-29,BTC/USD,47120.0,48102.0,46952.0,47422.0,160233208.76845062,3378.87918621
2022-03-28,BTC/USD,46810.0,48192.0,46663.38081286,47120.0,300843664.218964,6384.62784845
2022-03-27,BTC/USD,44536.21835356,46864.0,44439.0,46813.0,264723369.30204502,5654.91144131
2022-03-26,BTC/USD,44336.0,44785.0,44112.0,44536.4262433,58508017.7524056,1313.71155451
2022-03-25,BTC/USD,44000.0,45082.0,43606.0,44337.0,193399113.42811328,4362.02524817
2022-03-24,BTC/USD,42886.85386804,44241.0,42587.0,44000.0,166415331.66235998,3782.16662869
2022-03-23,BTC/USD,42370.0,42995.0,41750.0,42885.0,118037463.11702146,2752.41840077
2022-03-22,BTC/USD,41010.41264944,43333.0,40878.0,42371.0,211796897.65104526,4998.62872368
2022-03-21,BTC/USD,41263.0,41544.0,40544.0,41011.0,107564305.3556554,2622.81596049
2022-03-20,BTC/USD,42212.66398374,42292.0,40931.0,41264.0,74659628.2199664,1809.3163101
2022-03-19,BTC/USD,41772.27591881,42425.0,41438.0,42213.0,90198029.11225033,2136.73581864
2022-03-18,BTC/USD,40949.46502595,42427.0,40161.0,41780.0,157634233.01041642,3772.95914338
2022-03-17,BTC/USD,41139.0,41499.0,40542.0,40942.58383825,93557532.26810321,2285.09105917
2022-03-16,BTC/USD,39323.0,41788.0,38878.0,41138.0,351470590.1112617,8543.69658494
2022-03-15,BTC/USD,39717.0,39966.0,38168.0,39316.64988671,208486640.27001724,5302.75699661
2022-03-14,BTC/USD,37779.0,40005.03139151,37450.0,39711.32170449,319548886.17507917,8046.79553486
2022-03-13,BTC/USD,38815.0,39325.0,37577.0,37776.0,129233743.94613265,3421.05421289
2022-03-12,BTC/USD,38739.0,39447.0,38679.0,38814.0,70185705.95331293,1808.25748321
2022-03-11,BTC/USD,39454.0,40239.0,38230.0,38737.0,370585129.7010606,9566.69669053
2022-03-10,BTC/USD,41968.0,42069.0,38633.0,39455.0,263340133.66324106,6674.44262231
2022-03-09,BTC/USD,38764.0,42607.0,38692.1802019,41976.0,250376258.46576816,5964.74791466
2022-03-08,BTC/USD,38018.58365775,39398.0,37888.0,38757.0,213644255.95647678,5512.40436454
2022-03-07,BTC/USD,38437.04838587,39583.0,37181.75600117,38021.0,257960072.5962824,6784.67353821
2022-03-06,BTC/USD,39414.0,39716.0,38120.0,38437.04838587,129459990.88626917,3368.10437645
2022-03-05,BTC/USD,39170.82640044,39628.0,38625.0,39419.0,86286701.54993148,2188.96221492
2022-03-04,BTC/USD,42489.0,42559.00615524,38621.0,39171.0,249927887.75359645,6380.43163957
2022-03-03,BTC/USD,43946.0,44112.33989793,41856.0,42489.0,165169406.37199175,3887.34510984
2022-03-02,BTC/USD,44442.0,45470.0,43378.82822903,43952.0,244939341.39470688,5572.88272194
2022-03-01,BTC/USD,43208.0,44952.0,42862.0,44441.0,281955191.1359512,6344.48349803
2022-02-28,BTC/USD,37739.64675691,44268.0,37496.0,43202.0,365009956.9750844,8448.91340621
2022-02-27,BTC/USD,39157.95514117,39892.0,37051.0,37734.2155012,206708503.47178918,5478.01248088
2022-02-26,BTC/USD,39252.0,40330.0,38633.0,39137.11917015,140497515.70252153,3589.87883323
2022-02-25,BTC/USD,38380.0,39744.30276268,38058.0,39253.0,252406059.04052007,6430.23613585
2022-02-24,BTC/USD,37305.0,39926.0,34425.0,38383.0,686109113.7987558,17875.33839978
2022-02-23,BTC/USD,38294.0,39310.0,37117.0,37305.0,216653436.63077536,5807.62462487
2022-02-22,BTC/USD,37078.0,38485.0,36402.0,38299.0,237639528.2965906,6204.8494294
2022-02-21,BTC/USD,38437.0,39555.0,36829.0,37060.861799,315267462.6417056,8506.7493668
2022-02-20,BTC/USD,40130.0,40164.0547683,38038.0,38439.0,135567634.3317558,3526.8252122
2022-02-19,BTC/USD,40027.0,40482.0,39673.0,40128.0,58758260.096574716,1464.27083574
2022-02-18,BTC/USD,40555.0,40984.0,39521.0,40027.47722701,187211656.3018533,4677.0785788
2022-02-17,BTC/USD,43896.94591367,44189.0,40117.0,40555.0,273825481.71504694,6751.95368549
2022-02-16,BTC/USD,44567.0,44584.0,43352.0,43909.0,143648727.02936423,3271.50987336
2022-02-15,BTC/USD,42567.0,44762.0,42463.0,44563.0,183308212.8457144,4113.4621288
2022-02-14,BTC/USD,42090.0,42863.0,41545.0,42554.0,203647560.63737077,4785.62674807
2022-02-13,BTC/USD,42241.0,42789.0,41915.0,42090.0,82113012.1973184,1950.89123776
2022-02-12,BTC/USD,42422.0,43036.0,41715.0,42244.0,112483230.26417288,2662.70311202
2022-02-11,BTC/USD,43549.0,43965.0,42010.0,42418.0,237971105.85188594,5610.14441633
2022-02-10,BTC/USD,44437.0,45899.0,43222.0,43545.0,319115175.8950347,7328.39995166
2022-02-09,BTC/USD,44079.55202568,44865.0,43160.0,44431.0,165012503.3952563,3713.90478259
2022-02-08,BTC/USD,43865.0,45400.0,42709.0,44077.0,335877250.2483632,7620.23845199
2022-02-07,BTC/USD,42421.82387236,44540.0,41699.5447648,43865.0,241961414.77633747,5516.04729913
2022-02-06,BTC/USD,41441.0,42739.0,41169.0,42412.0,100237041.58712688,2363.41227924
2022-02-05,BTC/USD,41588.0,41956.0,40979.80786121,41438.0,107675460.2123751,2598.47145645
2022-02-04,BTC/USD,37367.0,41753.0,37070.0,41588.0,344152359.1433991,8275.28034874
2022-02-03,BTC/USD,36923.0,37410.0,36267.47644877,37366.0,188366209.86967686,5041.11250521
2022-02-02,BTC/USD,38717.60475262,38879.0,36633.0,36913.0,154705905.46178365,4191.09542605
2022-02-01,BTC/USD,38501.0,39416.42020804,38000.0,38713.0,166093102.29550248,4290.37021919
2022-01-31,BTC/USD,37914.0,38785.0,36674.0,38500.0,183486501.00318998,4765.88314294
2022-01-30,BTC/USD,38201.60978983,38403.0,37386.0,37914.38083181,77750763.9249904,2050.69322561
2022-01-29,BTC/USD,37748.0,38898.0,37347.69182748,38179.91123381,135401967.24606606,3546.41912122
2022-01-28,BTC/USD,37187.0,38055.0,36197.0,37759.82718923,173079893.40047628,4583.70459518
2022-01-27,BTC/USD,36847.6476148,37275.0,35504.0,37194.0,258159853.79731116,6940.90051614
2022-01-26,BTC/USD,36995.0,38935.0,36291.6959393,36828.54217638,392078971.2773454,10646.06275751
2022-01-25,BTC/USD,36706.0,37584.0,35751.0,36986.0,327817327.37645614,8863.28144099
2022-01-24,BTC/USD,36302.0,37596.0,32937.0,36702.0,847978447.0339584,23104.4206592
2022-01-23,BTC/USD,35108.0,36556.0,34654.0,36308.0,316458961.78325635,8715.95686304
2022-01-22,BTC/USD,36463.16076078,36861.57424928,33854.97502491,35104.74628423,617224811.1979212,17582.37493587
2022-01-21,BTC/USD,40690.34893641,41132.0,35471.0,36467.0,591653999.9281127,16224.36723416
2022-01-20,BTC/USD,41677.0,43591.0,40568.39019693,40692.20981196,208033254.6091178,5112.3607091
2022-01-19,BTC/USD,42373.0,42596.0,41158.0,41676.0,268913341.63605237,6452.4748449
2022-01-18,BTC/USD,42221.0,42690.0,41204.0,42376.97315245,183937769.69955578,4340.51221728
2022-01-17,BTC/USD,43084.0,43194.0,41465.0,42223.0,123326960.50675976,2920.84789112
2022-01-16,BTC/USD,43074.0,43487.39375881,42603.0,43084.0,68163742.10797577,1582.11266614
2022-01-15,BTC/USD,43090.0,43816.0,42575.0,43069.0,137627302.71973318,3195.50727251
2022-01-14,BTC/USD,42585.0,43468.0,41736.0,43091.0,185934390.1792311,4314.92400221
2022-01-13,BTC/USD,43909.0,44445.0,42334.0,42583.0,159317414.3433985,3741.3384295
2022-01-12,BTC/USD,42744.0,44315.0,42468.0,43909.0,165525257.69950995,3769.73417066
2022-01-11,BTC/USD,41839.0,43119.19618143,41265.0,42741.74663693,204614301.93218485,4787.22368719
2022-01-10,BTC/USD,41861.0,42270.0,39672.88479242,41847.0,399779596.0530489,9553.3633487
2022-01-09,BTC/USD,41687.21240698,42801.0,41240.0,41856.0,155598886.22481793,3717.48103557
2022-01-08,BTC/USD,41555.41669034,42319.82508013,40556.0,41682.0,172815070.7955205,4146.03595786
2022-01-07,BTC/USD,43101.35518617,43135.77081015,40586.0,41548.0,307629482.27475566,7404.19472116
2022-01-06,BTC/USD,43457.0,43781.0,42412.0,43103.47161129,146771716.74313265,3405.10198498
2022-01-05,BTC/USD,45830.0,47058.0,42505.0,43455.0,301235688.81957823,6932.12953215
2022-01-04,BTC/USD,46449.61555627,47671.86280513,45568.0,45834.0,173639924.98835802,3788.45234953
2022-01-03,BTC/USD,47304.23510549,47578.0,45689.0,46448.0,119740625.84581168,2577.95009141
2022-01-02,BTC/USD,47746.0,48012.0,46648.0,47302.0,87259964.83404952,1844.74155076
2022-01-01,BTC/USD,46209.0,47957.0,46203.0,47747.0,103961332.17483784,2177.33746989
2021-12-31,BTC/USD,47148.0,48650.0,45664.14362225,46218.0,196538079.5811033,4252.41420185
2021-12-30,BTC/USD,46464.0,47911.0,45947.0,47156.0,150796169.0805341,3197.81510477
2021-12-29,BTC/USD,47556.0,48166.0,46079.0,46465.0,191620482.9718525,4123.9746685
2021-12-28,BTC/USD,50713.70862195,50714.0,47321.0,47556.0,258291251.7041052,5431.3073367
2021-12-27,BTC/USD,50805.0,52085.0,50482.47485727,50690.0,178365794.6257501,3518.75704529
2021-12-26,BTC/USD,50435.06967051,51300.0,49433.0,50797.0,147518338.8748527,2904.0758091
2021-12-25,BTC/USD,50830.0,51171.0,50182.0,50435.2441132,100374317.64274427,1990.162225
2021-12-24,BTC/USD,50834.0,51842.0,50405.0,50830.0,131918410.24384229,2595.28644981
2021-12-23,BTC/USD,48625.0,51413.12295813,48078.0,50833.0,225269220.26029873,4431.55470384
2021-12-22,BTC/USD,48926.48057156,49588.0,48459.75038112,48626.0,152816860.6638475,3142.6985699800002
2021-12-21,BTC/USD,46915.0,49369.0,46683.0,48923.0,230580251.5843661,4713.12576057
2021-12-20,BTC/USD,46698.0,47541.0,45600.0,46901.0,265153910.1916613,5653.48095332
2021-12-19,BTC/USD,46869.78960743,48364.0,46458.0,46704.0,244546599.03991634,5236.09538883
2021-12-18,BTC/USD,46163.0,47483.0,45523.0,46873.0,175352411.13367328,3741.01105399
2021-12-17,BTC/USD,47659.0,48038.0,45539.0,46180.73115089,270395837.40523344,5855.16579462
2021-12-16,BTC/USD,48901.82763469,49480.0,47543.0,47665.0,168076224.64565575,3526.19793655
2021-12-15,BTC/USD,48392.0,49520.0,46600.0,48901.0,344032694.32611585,7035.28955085
2021-12-14,BTC/USD,46757.79747071,48684.0,46356.20997454,48399.0,265029063.94065893,5475.92024506
2021-12-13,BTC/USD,50116.77552521,50234.0,45788.0,46748.99252241,407577302.2446888,8718.4189488
2021-12-12,BTC/USD,49427.0,50800.0,48690.0,50123.0,194029027.7085083,3871.0577521
2021-12-11,BTC/USD,47195.0,49522.0,46872.0,49426.0,261465555.2660684,5290.0407734
2021-12-10,BTC/USD,47598.0,50212.0,47051.0,47208.0,385703687.3730768,8170.3034946
2021-12-09,BTC/USD,50506.0,50844.0,47408.0,47610.10671846,252540320.5247552,5304.34266863
2021-12-08,BTC/USD,50641.0,51275.0,48726.0,50503.43470097,203766252.1471969,4034.70087438
2021-12-07,BTC/USD,50504.57178257,51970.0,50095.0,50634.0,197782671.2891742,3906.1237763
2021-12-06,BTC/USD,49475.49285585,50988.0,47167.0,50513.0,406483509.94157887,8047.10688222
2021-12-05,BTC/USD,49243.0,49769.0,47860.0,49474.0,236560725.81910488,4781.51606539
2021-12-04,BTC/USD,53667.0,53879.0,41634.0,49249.0,1111884407.7477484,22576.79156425
2021-12-03,BTC/USD,56520.0,57599.0,51333.0,53687.0,576135836.0727246,10731.38443334
2021-12-02,BTC/USD,57239.0,57390.0,55842.0,56517.0,249079335.39207128,4407.15776478
2021-12-01,BTC/USD,56988.82934176,59055.0,56505.0,57240.0,296573382.5398344,5181.22611006
2021-11-30,BTC/USD,57841.0,59174.0,55899.0,56966.0,368857962.6672431,6475.05464079
2021-11-29,BTC/USD,57329.0,58888.0,56764.0,57840.0,293082979.0355496,5067.13310919
2021-11-28,BTC/USD,54781.0,57469.0,53458.0,57356.0,283089615.59703916,4935.65826761
2021-11-27,BTC/USD,53825.0,55329.0,53711.0,54791.0,169603049.18226922,3095.45453053
2021-11-26,BTC/USD,59017.11364499,59238.0,53555.0,53839.0,656433044.4784424,12192.51926073
2021-11-25,BTC/USD,57159.0,59423.42625193,57067.0,59015.78236183,234940668.00253844,3980.98031747
2021-11-24,BTC/USD,57579.62257756,57762.0,55894.51623388,57166.0,279810655.0064867,4894.70410745
2021-11-23,BTC/USD,56282.0,57869.0,55453.0,57577.0,492657730.7029005,8556.50226137
2021-11-22,BTC/USD,58702.0,59456.0,55714.0,56281.06370152,497032622.5131986,8831.25850551
2021-11-21,BTC/USD,59774.0,60050.0,58603.0,58691.0,143295253.25865835,2441.52005007
2021-11-20,BTC/USD,58122.0,59886.0,57450.0,59766.0,187216493.62661198,3132.49161106
2021-11-19,BTC/USD,56929.0,58379.0,55653.0,58130.0,301052600.7232983,5178.95408091
2021-11-18,BTC/USD,60354.56777918,60945.0,56555.0,56963.0,657561297.5946862,11543.65636632
2021-11-17,BTC/USD,60069.0,60851.0,58368.0,60352.81595949,405715118.25480896,6722.38920098
2021-11-16,BTC/USD,63560.0,63561.99202931,58625.68734157,60068.0,784932415.4228678,13067.39720688
2021-11-15,BTC/USD,65474.0,66343.87555372,63351.0,63561.0,335054048.52938503,5271.37786582
2021-11-14,BTC/USD,64395.0,65474.0,63564.0,65474.0,143689598.313621,2194.6054665
2021-11-13,BTC/USD,64134.0,64988.98628182,63405.0,64398.0,120309117.23313738,1868.21201331
2021-11-12,BTC/USD,64785.0,65421.0,62255.0,64134.0,328314220.1945197,5119.19138358
2021-11-11,BTC/USD,64871.0,65541.0,64079.0,64791.0,185627494.69870338,2865.01975118
2021-11-10,BTC/USD,66937.19022637,68958.0,62866.0,64871.0,793693585.1048834,12234.95221447
2021-11-09,BTC/USD,67526.0,68444.0,66326.0,66938.0,432722748.7726511,6464.53059208
2021-11-08,BTC/USD,63277.0,67665.0,63277.0,67526.0,606485965.0292904,8981.51771213
2021-11-07,BTC/USD,61495.04388678,63279.0,61400.0,63263.0,204629120.1079877,3234.57819117
2021-11-06,BTC/USD,60995.0,61583.0,60100.0,61495.04388678,180293993.30259937,2931.84591647
2021-11-05,BTC/USD,61410.0,62600.0,60735.0,61005.0,137627802.12776384,2256.00855877
2021-11-04,BTC/USD,62893.0,63067.0,60700.0,61414.88951003,180024077.14187422,2931.27739182
2021-11-03,BTC/USD,63249.0,63565.0,60175.0,62900.0,299687939.526139,4764.51414191
2021-11-02,BTC/USD,60923.30466641,64313.0,60661.0,63249.0,328996313.5235952,5201.60498227
2021-11-01,BTC/USD,61326.0,62491.21298363,59522.0,60949.0,293321326.78947115,4812.56996488
2021-10-31,BTC/USD,61879.0,62415.0,60005.0,61330.0,148355799.214605,2418.9760185
2021-10-30,BTC/USD,62264.0,62353.0,60755.0,61880.0,138656330.32036242,2240.72931998
2021-10-29,BTC/USD,60579.0,62980.0,60188.0,62257.71552291,244304044.30301955,3924.07659438
2021-10-28,BTC/USD,58438.0,62444.0,57606.0,60598.0,488766852.0841502,8065.72580092
2021-10-27,BTC/USD,60285.0,61450.0,57950.0,58449.27880851,417086138.41944355,7135.86458074
2021-10-26,BTC/USD,63100.0,63332.60744575,59766.0,60288.0,286318945.23876864,4749.18632628
2021-10-25,BTC/USD,60832.0,63666.0,60632.0,63100.0,234382150.619611,3714.45563581
2021-10-24,BTC/USD,61296.0,61476.0,59533.0,60847.0,175062085.55367187,2877.08655404
2021-10-23,BTC/USD,60706.0,61764.0,59755.0,61302.0,166203400.1712003,2711.22312765
2021-10-22,BTC/USD,62199.0,63729.0,60013.0,60706.0,385658320.01667887,6352.88637065
2021-10-21,BTC/USD,66021.0,66643.0,61855.0,62219.4946565,832170423.0558827,13374.75380747
2021-10-20,BTC/USD,64263.93176072,66958.0,63535.0,66021.0,611462536.414632,9261.63700057
2021-10-19,BTC/USD,62007.0,64421.0,61368.0,64263.0,587843711.4687005,9147.46761696
2021-10-18,BTC/USD,61508.0,62682.0,59883.0,61994.0,530689291.85787964,8560.33312672
2021-10-17,BTC/USD,60867.0,61698.0,59019.0,61504.0,316342369.13703805,5143.44382702
2021-10-16,BTC/USD,61686.0,62333.0,60171.0,60868.0,260688993.3424512,4282.8578784
2021-10-15,BTC/USD,57352.0,62900.0,56881.0,61680.0,733022378.0818872,11884.27980029
2021-10-14,BTC/USD,57369.0,58488.0,56855.0,57354.0,263516961.68556398,4594.56989374
2021-10-13,BTC/USD,56000.0,57775.0,54300.0,57368.0,175415053.20789263,3057.71602998
2021-10-12,BTC/USD,57470.0,57661.0,53837.51997218,56009.0,332640175.4665103,5939.04864337
2021-10-11,BTC/USD,54679.0,57821.0,54430.0,57489.0,432248022.11751914,7518.79528462
2021-10-10,BTC/USD,54978.0,56450.0,54114.0,54691.0,319261461.0590996,5837.55025615
2021-10-09,BTC/USD,53947.0,55475.0,53678.0,54968.0,134229574.51743078,2441.95849435
2021-10-08,BTC/USD,53797.0,56000.0,53628.0,53947.0,295796270.8415449,5483.09027085
2021-10-07,BTC/USD,55335.0,55349.0,53429.0,53797.03310738,266043091.32439452,4945.31158983
2021-10-06,BTC/USD,51497.0,55743.0,50438.0,55335.0,582244349.9650859,10522.17131951
2021-10-05,BTC/USD,49252.0,51922.0,49065.0,51508.0,344160670.1475096,6681.6935262
2021-10-04,BTC/USD,48241.0,49503.0,46897.0,49252.0,304859583.7058834,6189.79094668
2021-10-03,BTC/USD,47649.0,49196.0,47120.0,48242.0,173862948.96856022,3603.97473091
2021-10-02,BTC/USD,48157.0,48350.0,47438.0,47649.0,98363985.21767308,2064.34521643
2021-10-01,BTC/USD,43829.0,48464.0,43311.0,48151.0,400652918.75460696,8320.76008296
2021-09-30,BTC/USD,41539.0,44122.0,41432.0,43830.0,222564882.3998526,5077.91198722
2021-09-29,BTC/USD,41046.0,42606.0,40804.0,41530.0,182270090.3298969,4388.87768673
2021-09-28,BTC/USD,42181.0,42777.0,40928.0,41064.0,253092960.70557168,6163.37815862
2021-09-27,BTC/USD,43188.0,44355.99143738,42135.0,42181.0,179876054.8643516,4264.38573918
2021-09-26,BTC/USD,42714.0,43963.0,40800.0,43190.0,238642990.229707,5525.4223253
2021-09-25,BTC/USD,42861.0,42986.84667145,41728.0,42714.0,126452916.22569479,2960.4559682
2021-09-24,BTC/USD,44893.0,45164.4867643,40755.0,42856.0,504097238.3439273,11762.58256356
2021-09-23,BTC/USD,43575.0,45000.0,43102.0,44884.68321336,237288079.80306953,5286.6158969
2021-09-22,BTC/USD,40748.0,44000.0,40601.0,43574.0,367495242.015669,8433.81929627
2021-09-21,BTC/USD,43025.0,43625.0,39678.0,40747.95941373,609586672.098684,14959.93126697
2021-09-20,BTC/USD,47244.0,47327.0,42567.0,43025.0,543257469.6790538,12626.55362415
2021-09-19,BTC/USD,48319.0,48370.29414611,46837.0,47239.0,107581202.19179122,2277.38102398
2021-09-18,BTC/USD,47296.15646179,48819.0,47066.0,48308.0,98879736.25672428,2046.86048391
2021-09-17,BTC/USD,47782.0,48183.0,46771.0,47296.0,117868683.36820737,2492.14909016
2021-09-16,BTC/USD,48137.76809977,48530.0,47061.0,47782.0,172346432.9068031,3606.93216916
2021-09-15,BTC/USD,47134.0,48444.0,46724.0,48137.0,191820976.5477283,3984.89678517
2021-09-14,BTC/USD,44958.0,47238.51708787,44699.0,47152.0,166084443.68111232,3522.32023416
2021-09-13,BTC/USD,46039.0,46874.0,43444.0,44960.0,394127372.79368,8766.1782205
2021-09-12,BTC/USD,45169.7693418,46466.0,44774.17967564,46038.87431928,155980878.77438468,3388.02546936
2021-09-11,BTC/USD,44851.0,45990.0,44750.0,45169.0,114952072.21918806,2544.93285703
2021-09-10,BTC/USD,46396.0,47044.0,44155.0,44852.0,232367904.21068886,5180.77018217
2021-09-09,BTC/USD,46054.0,47398.57959466,45546.0,46389.0,178757819.7867504,3853.4527536
2021-09-08,BTC/USD,46854.0,47351.0,44472.0,46070.61738592,347971546.9647106,7553.00377353
2021-09-07,BTC/USD,52672.0,52888.0,43220.0,46849.0,781733698.0267155,16686.2408595
2021-09-06,BTC/USD,51779.0,52742.0,51050.0,52676.0,255117128.97256666,4843.13784214
2021-09-05,BTC/USD,49899.0,51900.0,49470.0,51780.0,286815309.5043198,5539.11374091
2021-09-04,BTC/USD,50001.0,50544.0,49401.0,49899.0,118198035.9808443,2368.7455857
2021-09-03,BTC/USD,49273.73784718,51142.0,48332.0,50001.0,366715956.29694253,7334.17244249
2021-09-02,BTC/USD,48827.0,50365.0,48631.0,49274.0,244011192.285203,4952.12875523
2021-09-01,BTC/USD,47142.0,49139.0,46590.0,48823.0,278649676.29298705,5707.34441335
2021-08-31,BTC/USD,47003.4670629,48244.0,46725.0,47157.0,202821841.81986904,4300.99119579
2021-08-30,BTC/USD,48801.0,48924.66460268,46903.0,47004.84288151,193813518.60752988,4123.2670237
2021-08-29,BTC/USD,48913.9769579,49650.0,47760.0,48800.0,197435776.84584,4045.8150993
2021-08-28,BTC/USD,49079.0,49310.0,48385.91723403,48914.0,112540504.19094725,2300.78309259
2021-08-27,BTC/USD,46836.0,49159.0,46363.0,49079.0,284448146.1037387,5795.72008606
2021-08-26,BTC/USD,48992.29076835,49385.0,46310.0,46840.0,303469286.2353784,6478.84898026
2021-08-25,BTC/USD,47696.45550645,49255.0,47142.96628448,48992.74927858,201795944.00424984,4118.89406036
2021-08-24,BTC/USD,49523.0,49860.0,47555.0,47698.0,227641172.0092451,4772.55172144
2021-08-23,BTC/USD,49267.0,50558.0,49055.0,49525.0,268511659.83852875,5421.73972415
2021-08-22,BTC/USD,48835.0,49488.0,48075.0,49266.0,135297937.86804163,2746.27406057
2021-08-21,BTC/USD,49333.0,49788.0,48219.0,48837.0,191537934.94826904,3921.98404792
2021-08-20,BTC/USD,46766.0,49400.0,46647.0,49330.49713104,298208219.29027855,6045.10873868
2021-08-19,BTC/USD,44721.0,47061.0,43992.0,46765.0,278977880.75709313,5965.52722671
2021-08-18,BTC/USD,44692.0,46010.0,44266.0,44721.0,260162624.43073502,5817.45990543
2021-08-17,BTC/USD,45932.90307576,47167.0,44441.0,44695.0,309880481.1072176,6933.22477027
2021-08-16,BTC/USD,47023.0,48069.0,45689.0,45937.0,278391287.49902344,6060.28446566
2021-08-15,BTC/USD,47084.0,47369.0,45471.0,47022.0,180157588.2397869,3831.34677895
2021-08-14,BTC/USD,47836.0,48141.0,45935.0,47084.0,204903733.81402653,4351.87608984
2021-08-13,BTC/USD,44413.0,47967.0,44266.0,47835.0,353429140.0464108,7388.50507048
2021-08-12,BTC/USD,45530.0,46186.0,43786.0,44424.0,250766177.10398927,5644.83560922
2021-08-11,BTC/USD,45611.0,46727.0,45341.0,45531.0,197088310.1958588,4328.6620148
2021-08-10,BTC/USD,46280.02549592,46695.0,44635.0,45612.0,290337761.1682523,6365.38106569
2021-08-09,BTC/USD,43782.46903142,46438.0,42790.0,46282.21851123,496271288.9514018,10722.72040786
2021-08-08,BTC/USD,44569.0,45250.0,43300.0,43793.0,357602985.3672017,8165.75675033
2021-08-07,BTC/USD,42853.0,44698.0,42380.0,44568.0,415465585.6190789,9322.06034866
2021-08-06,BTC/USD,40890.0,43385.0,39900.0,42854.0,276878906.27148527,6460.98161832
2021-08-05,BTC/USD,39738.0,41352.0,37318.0,40887.0,263105882.29888576,6434.95199694
2021-08-04,BTC/USD,38219.0,39965.0,37519.81411605,39743.0,145967524.13418484,3672.78575181
2021-08-03,BTC/USD,39154.0,39781.0,37663.0,38217.0,194045026.23901856,5077.45312921
2021-08-02,BTC/USD,39873.0,40449.0,38716.0,39149.45625755,180828843.70306876,4618.93627624
2021-08-01,BTC/USD,41440.0,42532.0,39493.0,39867.0,363392230.46821934,9115.11351414
2021-07-31,BTC/USD,42196.27398595,42398.0,41051.0,41439.0,210873319.65242535,5088.76468188
2021-07-30,BTC/USD,40040.0,42299.15230804,38343.0,42214.50801313,327886854.3523743,7767.16038596
2021-07-29,BTC/USD,40017.0,40623.0,39272.0,40036.0612375,162919501.152546,4069.31891192
2021-07-28,BTC/USD,39490.0,40900.0,38803.0,40017.0,319315594.99079376,7979.49858787
2021-07-27,BTC/USD,37265.93349564,39589.0,36418.0,39500.0,239592252.01100498,6065.62663319
2021-07-26,BTC/USD,35413.0,40595.0,35233.0,37270.0,608023978.4936262,16314.03215706
2021-07-25,BTC/USD,34288.0,35444.0,33886.0,35415.0,98488951.89444675,2780.99539445
2021-07-24,BTC/USD,33650.0,34527.0,33422.0,34279.0,81010061.94876294,2363.25627786
2021-07-23,BTC/USD,32320.26010235,33650.0,32020.0,33650.0,133568321.654477,3969.34091098
2021-07-22,BTC/USD,32154.0,32610.0,31735.0,32320.0,169119412.40246722,5232.65508671
2021-07-21,BTC/USD,29814.0,32850.0,29523.0,32154.0,265532998.1933739,8258.16378035
2021-07-20,BTC/USD,30866.0,31079.0,29313.0,29809.0,264644728.3578289,8878.01430299
2021-07-19,BTC/USD,31820.47850988,31928.0,30500.0,30865.0,395063565.38410074,12799.72672555
2021-07-18,BTC/USD,31559.0,32453.0,31111.0,31820.0,394928275.40621704,12411.32229435
2021-07-17,BTC/USD,31427.0,32000.0,31210.0,31560.0,432613275.57511204,13707.6449802
2021-07-16,BTC/USD,31893.73824538,32271.0,31044.0,31428.0,169141113.38205683,5381.86055053
2021-07-15,BTC/USD,32821.0,33200.0,31150.0,31890.0,221853217.3944654,6956.82713686
2021-07-14,BTC/USD,32729.0,33128.0,31588.0,32822.6431619,170431953.62253922,5192.51154704
2021-07-13,BTC/USD,33077.77262412,33337.0,32190.0,32730.0,131733939.32742539,4024.86829598
2021-07-12,BTC/USD,34249.0,34655.0,32600.0,33078.0,278139804.9564293,8408.60405576
2021-07-11,BTC/USD,33503.0,34590.0,33316.0,34244.0,73683234.74136324,2151.71226321
2021-07-10,BTC/USD,33768.0,34242.0,33011.0,33505.02923001,216403689.80031595,6458.84199398
2021-07-09,BTC/USD,32846.0,34059.0,32237.0,33769.0,225045733.72522858,6664.27000282
2021-07-08,BTC/USD,33886.0,33939.0,32063.0,32857.0,469605492.5637259,14292.40321891
2021-07-07,BTC/USD,34255.06205944,35091.0,33810.0,33889.0,118812155.24568945,3505.92095505
2021-07-06,BTC/USD,33670.52239391,35196.0,33555.0,34255.0,304350618.9318556,8884.85239912
2021-07-05,BTC/USD,35278.0,35280.0,33126.0,33672.36648837,259828830.1414677,7716.38162798
2021-07-04,BTC/USD,34689.0,35950.0,34376.0,35276.0,103344192.40995896,2929.58930746
2021-07-03,BTC/USD,33818.0,34948.0,33350.0,34682.0,102888650.76534335,2966.6296858700002
2021-07-02,BTC/USD,33519.46744936,33983.0,32700.0,33816.0,173998196.3780045,5145.43992128
2021-07-01,BTC/USD,35062.0,35069.0,32720.0,33554.42277399,192028464.99826178,5722.89579504
2021-06-30,BTC/USD,35918.54133667,36099.0,34428.0,35063.0,120164509.10156357,3427.10290339
2021-06-29,BTC/USD,34494.8423285,36600.0,34226.75253341,35922.41743186,198063271.2982764,5513.63982321
2021-06-28,BTC/USD,34743.0,35319.0,33897.0,34494.48338075,213077809.3803468,6177.1561275
2021-06-27,BTC/USD,32348.0,34794.0,32066.0,34744.0,997592183.1215522,28712.64630214
2021-06-26,BTC/USD,31584.0,32661.0,30206.0,32355.66423628,664446210.1975915,20535.69988072
2021-06-25,BTC/USD,34657.0,35495.0,31264.0,31584.73244514,1189853464.651478,37671.79179745
2021-06-24,BTC/USD,33697.29590169,35290.0,32343.0,34665.0,168325385.84314185,4855.77342689
2021-06-23,BTC/USD,32572.01808243,34778.0,31790.0,33691.0,307938059.43566966,9140.06884437
2021-06-22,BTC/USD,31723.19669106,33368.0,29247.0,32572.0,875231079.4597585,26870.65821748
2021-06-21,BTC/USD,35653.0,35832.0,31368.0,31726.38731597,744057146.6600641,23452.31240008
2021-06-20,BTC/USD,35569.32875053,36226.37661535,33411.0,35631.0,603261267.6099107,16930.79811428
2021-06-19,BTC/USD,35846.0,36447.0,34819.0,35570.0,411407162.8140132,11566.12771476
2021-06-18,BTC/USD,38074.0,38184.09866908,35137.0,35845.0,409389286.97600114,11421.09881367
2021-06-17,BTC/USD,38345.0,39519.0,37387.0,38073.0,134718245.82947493,3538.41950541
2021-06-16,BTC/USD,40143.0,40460.0,38121.0,38346.0,260495205.91800553,6793.28237412
2021-06-15,BTC/USD,40509.0,41273.0,39445.88757188,40137.0,312217749.879272,7778.80135235
2021-06-14,BTC/USD,38998.89297611,40980.0,38732.0,40509.0,394195905.71072835,9731.06977982
2021-06-13,BTC/USD,35563.58742345,39374.0,34800.0,38998.89297611,350548518.04582584,8988.67868533
2021-06-12,BTC/USD,37338.0,37461.34593121,34630.0,35564.0,262336285.7514845,7376.45612843
2021-06-11,BTC/USD,36680.0,37650.0,35929.0,37338.0,239638059.63747132,6418.07433814
2021-06-10,BTC/USD,37369.0,38337.0,35816.0,36663.0,350758563.1255177,9567.09934063
2021-06-09,BTC/USD,33416.0,37499.0,32469.0,37368.0,1007950330.3746881,26973.62262831
2021-06-08,BTC/USD,33572.0,34052.0,31075.0,33402.0,431712912.6466659,12924.76236892
2021-06-07,BTC/USD,35781.0,36784.0,33338.0,33572.0,334662054.26485527,9968.48725917
2021-06-06,BTC/USD,35542.0,36475.0,35218.0,35780.0,232981836.6362288,6511.51024696
2021-06-05,BTC/USD,36844.0,37924.0,34822.56648447,35535.0,234088827.94747874,6587.55671725
2021-06-04,BTC/USD,39225.5146501,39275.0,35586.0,36844.0,218507185.17921802,5930.6043095
2021-06-03,BTC/USD,37582.37086374,39482.0,37179.0,39226.0,225738828.24572662,5754.82660087
2021-06-02,BTC/USD,36673.0,38222.0,35933.0,37577.0,149231914.6582686,3971.3631918
2021-06-01,BTC/USD,37279.80893714,37888.0,35659.0,36673.0,193825965.89449638,5285.24979943
2021-05-31,BTC/USD,35609.0,37533.0,34160.0,37280.0,222772753.5550288,5975.66399021
2021-05-30,BTC/USD,34587.39808387,36419.0,33367.0,35614.0,214511362.6611355,6023.23138825
2021-05-29,BTC/USD,35660.87052767,37381.0,33617.0,34574.0,268442774.8740125,7764.29614375
2021-05-28,BTC/USD,38537.03617907,38889.0,34721.0,35661.0,364435569.89133006,10219.44336646
2021-05-27,BTC/USD,39303.0,40500.0,37221.0,38537.0,214013388.79483908,5553.45223538
2021-05-26,BTC/USD,38374.0,40884.0,37851.57741397,39301.0,338383535.2970385,8610.0489885
2021-05-25,BTC/USD,38851.0,39829.42639126,36455.0,38396.84796617,298232109.22033405,7767.09873381
2021-05-24,BTC/USD,34747.0,39966.0,34500.0,38845.0,587729115.1685696,15130.10979968
2021-05-23,BTC/USD,37575.0,38384.0,31230.0,34747.0,903202496.8617573,25993.68281756
2021-05-22,BTC/USD,37382.8588411,38956.0,35372.0,37557.0,509305365.50920063,13560.86390045
2021-05-21,BTC/USD,40590.0,42298.12038263,33552.0,37391.38484175,871746738.5953801,23314.10677312
2021-05-20,BTC/USD,36733.7221572,42300.0,34985.0,40561.45427722,1038769545.474666,25609.77075366
2021-05-19,BTC/USD,42898.48904022,43600.0,29563.0,36733.0,2491338721.602182,67822.90369973
2021-05-18,BTC/USD,43540.0,45800.0,42316.0,42900.0,459984729.098037,10722.25475753
2021-05-17,BTC/USD,46587.61320955,46796.0,42128.0,43534.0,1642284137.5032647,37724.17277308
2021-05-16,BTC/USD,46844.0,49870.0,44021.0,46597.0,888545755.1666024,19068.73307652
2021-05-15,BTC/USD,49923.30794743,50737.0,46644.0,46844.0,444485398.36156064,9488.63031256
2021-05-14,BTC/USD,49749.0,51512.0,48877.0,49924.0,301933643.3691421,6047.86562313
2021-05-13,BTC/USD,49580.54694147,51333.0,46601.04807999,49750.64971553,1052949509.272393,21164.53785615
2021-05-12,BTC/USD,56717.0,58000.0,48611.0,49614.0,742922181.8283224,14974.04325046
2021-05-11,BTC/USD,55831.0,56870.0,54138.73738416,56721.504604,436123689.35802865,7688.85967329
2021-05-10,BTC/USD,58286.86932662,59589.77113765,53844.0,55829.62510011,753116633.3447453,13489.55204328
2021-05-09,BTC/USD,58892.0,59236.51695169,56255.0,58276.0,494158905.5056742,8479.62978766
2021-05-08,BTC/USD,57342.0,59450.0,56939.0,58897.0,448143802.7599005,7608.94107951
2021-05-07,BTC/USD,56451.0,58635.0,55300.0,57349.0,397683498.91317767,6934.44521985
2021-05-06,BTC/USD,57486.600444,58343.0,55282.0,56450.0,589263535.21311,10438.6808718
2021-05-05,BTC/USD,53251.0,57898.0,52960.0,57487.0,440632223.6907535,7664.90204204
2021-05-04,BTC/USD,57141.0,57166.0,53067.0,53251.0,535957374.97452044,10064.7382204
2021-05-03,BTC/USD,56601.0,58945.0,56511.0,57147.0,435833391.6879285,7626.53143101
2021-05-02,BTC/USD,57774.0,57900.0,56050.0,56605.0,237549605.0048964,4196.61876168
2021-05-01,BTC/USD,57632.0,58326.0,57000.0,57774.0,249433660.50565276,4317.40333897
2021-04-30,BTC/USD,53566.0,57794.0,53068.0,57630.0,453141192.4157058,7862.93930966
2021-04-29,BTC/USD,54860.0,55222.0,52377.0,53566.0,379148685.36032885,7078.15938021
2021-04-28,BTC/USD,55039.0,56432.0,53917.0,54859.0,316165573.3161011,5763.23982056
2021-04-27,BTC/USD,54094.0,55437.0,53304.0,55044.0,398338567.11354417,7236.73001805
2021-04-26,BTC/USD,49129.093002,54387.0,48831.0,54102.0,595712916.7656952,11010.92227211
2021-04-25,BTC/USD,50149.0,50671.0,47112.0,49129.0,471595374.4327399,9599.12423279
2021-04-24,BTC/USD,51138.0,51201.0,48852.0,50161.0,299974988.92204833,5980.24339471
2021-04-23,BTC/USD,51741.0,52131.0,47560.0,51138.0,882146443.3551143,17250.31177119
2021-04-22,BTC/USD,53779.81497994,55500.0,50575.0,51735.13722852,656368496.2390275,12687.09297783
2021-04-21,BTC/USD,56471.151714,56790.0,53609.0,53780.0,382244974.63378537,7107.56739743
2021-04-20,BTC/USD,55619.0,57099.0,53337.0,56471.151714,473916857.48592484,8392.19394508
2021-04-19,BTC/USD,56171.0,57500.0,54256.0,55630.0,476680134.28238523,8568.76027831
2021-04-18,BTC/USD,59945.0,60279.0,50500.0,56172.0,1478738657.644082,26325.19151257
2021-04-17,BTC/USD,61321.0,62450.0,59662.0,59927.0,420714515.6074975,7020.45014113
2021-04-16,BTC/USD,63208.0,63520.0,60005.0,61322.0,707579815.2321239,11538.75958436
2021-04-15,BTC/USD,62909.0,63845.0,62000.0,63196.0,417968786.4600419,6613.84876353
2021-04-14,BTC/USD,63519.0,64829.0,61306.0,62914.0,687494760.615005,10927.53219657
2021-04-13,BTC/USD,59887.0,63555.0,59859.0,63537.0,715801692.4659835,11265.90321334
2021-04-12,BTC/USD,60033.0,61338.0,59492.0,59874.0,329182773.1386023,5497.92519522
2021-04-11,BTC/USD,59817.0737853,60722.0,59308.0,60032.0,278943610.51113987,4646.58199812
2021-04-10,BTC/USD,58134.090643,61243.0,57900.0,59812.0,585831174.7814616,9794.54247946
2021-04-09,BTC/USD,58110.0,58880.0,57713.0,58134.0,217973066.56221378,3749.49369667
2021-04-08,BTC/USD,55962.0,58155.0,55714.0,58110.0,260465732.21227652,4482.28759615
2021-04-07,BTC/USD,57994.0,58639.0,55555.0,55962.0,495191795.433516,8848.715118
2021-04-06,BTC/USD,59145.0,59499.0,57401.0,57991.0,325718615.23751056,5616.70975216
2021-04-05,BTC/USD,58241.0,59250.0,56850.0,59145.0,330930469.17838603,5595.23998949
2021-04-04,BTC/USD,57029.0,58480.0,56500.0,58240.23918672,289568081.7319298,4971.95900593
2021-04-03,BTC/USD,58958.19519,59841.0,56872.0,57020.0,378278490.579643,6634.13697965
2021-04-02,BTC/USD,58731.0,60190.0,58327.9868938,58959.0,362777545.3846495,6153.04780245
2021-04-01,BTC/USD,58792.502598,59483.0,57955.0,58724.0,255447591.70188493,4349.96920683
2021-03-31,BTC/USD,58837.0,59899.0,56826.0,58796.0,477367807.51153505,8119.05244424
2021-03-30,BTC/USD,57675.0,59523.0,57135.0,58840.0,463332259.7858944,7874.44357216
2021-03-29,BTC/USD,55783.0,58492.0,54831.0,57675.0,583561976.9676863,10118.10970035
2021-03-28,BTC/USD,55881.0,56609.0,54800.0,55780.0,234980641.49147,4212.6325115
2021-03-27,BTC/USD,54982.0,56655.0,54010.0,55886.0,289311504.20037764,5176.81537774
2021-03-26,BTC/USD,51357.31075738,55000.0,51300.0,54993.0,424186238.8001758,7713.45878203
2021-03-25,BTC/USD,52329.0,53116.0,50350.0,51358.0,595248809.5863032,11590.186720400001
2021-03-24,BTC/USD,54347.0,57212.0,51522.0,52328.0,737084979.0537263,14085.86185319
2021-03-23,BTC/USD,54070.0,55822.3340788,52812.0,54336.79982848,356990086.7881566,6569.9505292
2021-03-22,BTC/USD,57341.0,58525.0,53700.0,54070.0,471912900.97995067,8727.81396301
2021-03-21,BTC/USD,58064.0,58584.0,55357.0,57366.0,475697536.8099986,8292.32536363
2021-03-20,BTC/USD,58049.0,60000.0,57800.0,58079.0,393526233.6601863,6775.70608413
2021-03-19,BTC/USD,57642.0,59480.0,56277.0,58049.62797928,376454851.41656476,6485.05192059
2021-03-18,BTC/USD,58867.0,60190.0,57005.0,57640.0,417238008.46640444,7238.68855771
2021-03-17,BTC/USD,56923.0,59128.0,54001.0,58849.0,663187135.2813354,11269.30169215
2021-03-16,BTC/USD,55675.0,56925.0,53346.0,56924.0,597507781.2172958,10496.58810374
2021-03-15,BTC/USD,59001.0,60575.0,54566.0,55688.0,823329603.7857944,14784.6861763
2021-03-14,BTC/USD,61203.0,61699.0,59000.0,59000.0,394219504.24458003,6681.68651262
2021-03-13,BTC/USD,57293.0,61693.0,56130.0,61202.887014,838494313.2421693,13700.24118389
2021-03-12,BTC/USD,57876.0,58159.0,55183.0,57297.0,547894501.6767117,9562.35931509
2021-03-11,BTC/USD,55954.0,58266.0,54401.0,57877.0,501200423.848651,8659.751263
2021-03-10,BTC/USD,54955.30786704,57444.0,53155.0,55985.0,597851202.415356,10678.77471493
2021-03-09,BTC/USD,52399.0,54955.30786704,51993.0,54955.30786704,451234618.0042095,8210.93786056
2021-03-08,BTC/USD,51011.0,52444.0,49369.0,52399.0,322489866.8386159,6154.5042241
2021-03-07,BTC/USD,48895.0,51442.0,48895.0,51000.0,274194347.71461,5376.35975911
2021-03-06,BTC/USD,48826.0,49238.0,47159.0,48860.0,205511883.4374662,4206.13760617
2021-03-05,BTC/USD,48389.0,49489.0,46417.0,48830.0,459836283.285248,9417.0854656
2021-03-04,BTC/USD,50409.0,51777.0,47603.0,48388.0,462537172.1395961,9558.92312432
2021-03-03,BTC/USD,48511.0,52567.0,48183.35073552,50408.0,433676835.7031408,8603.3335126
2021-03-02,BTC/USD,49580.0,50148.0,47158.0,48536.0,406484792.4364866,8374.91331046
2021-03-01,BTC/USD,45284.744486,49743.0,45100.0,49580.0,467086041.4998606,9420.85602057
2021-02-28,BTC/USD,46199.0,46703.0,43171.0,45300.0,613702602.284166,13547.51881422
2021-02-27,BTC/USD,46270.0,48407.0,45100.0,46238.0,351592193.201425,7603.9662875
2021-02-26,BTC/USD,47155.0,48441.0,44027.0,46318.0,1034066636.7173454,22325.37321813
2021-02-25,BTC/USD,49715.0,52189.0,46750.0,47162.0,450682115.69594187,9556.04333353
2021-02-24,BTC/USD,48882.0,51354.46137096,46902.0,49716.0,596727524.3697616,12002.72597091
2021-02-23,BTC/USD,54070.36217422,54138.0,45000.0,48874.0,1593251844.9495966,32599.17021217
2021-02-22,BTC/USD,57374.0,57449.0,48255.0,54075.0,1476773400.6729796,27309.72539386
2021-02-21,BTC/USD,55787.0,58321.24403166,55386.0,57376.0,383696431.6270695,6687.40294944
2021-02-20,BTC/USD,55866.0,57485.0,54000.0,55777.0,649132289.5962899,11637.99217592
2021-02-19,BTC/USD,51566.0,56342.0,50755.0,55866.0,659547493.5232987,11805.88360583
2021-02-18,BTC/USD,52110.0,52539.0,50863.0,51566.0,302678712.18031174,5869.73416942
2021-02-17,BTC/USD,49182.0,52577.0,49000.0,52116.0,480042151.7227504,9211.03215371
2021-02-16,BTC/USD,47934.0,50490.0,47046.0,49203.0,641648036.8423333,13040.83159243
2021-02-15,BTC/USD,48597.0,48959.0,45730.50181348,47906.0,473471913.98705745,9883.3531079
2021-02-14,BTC/USD,47177.86105756,49659.0,47030.0,48584.0,356489505.24197096,7337.59067269
2021-02-13,BTC/USD,47365.0,48209.0,46255.0,47177.0,246511648.87055123,5225.25062786
2021-02-12,BTC/USD,48001.0,48945.0,45851.95356552,47397.0,511380394.46619594,10789.29878402
2021-02-11,BTC/USD,44840.0,48598.0,43917.41935602,48008.0,494500413.4825468,10300.37521835
2021-02-10,BTC/USD,46485.10574522,47383.0,43777.0,44841.0,449268688.10100335,10019.14961979
2021-02-09,BTC/USD,46444.0,48277.0,45060.0,46488.0,739299778.1481436,15903.02396636
2021-02-08,BTC/USD,38841.0,46666.0,37947.0,46444.0,1151284711.9134717,24788.66402363
2021-02-07,BTC/USD,39237.0,39725.7155421,37350.0,38837.0,296232179.7673193,7627.57627436
2021-02-06,BTC/USD,38260.8799317,40985.0,38205.0,39234.0,399442032.30760217,10181.01728877
2021-02-05,BTC/USD,36945.0,38366.0,36571.55235544,38260.0,171398034.8549394,4479.82317969
2021-02-04,BTC/USD,37667.0,38750.0,36222.0,36951.548313,237216189.5913399,6419.65493792
2021-02-03,BTC/USD,35576.0,37677.35566244,35471.0,37667.0,331728117.9206056,8806.86324689
2021-02-02,BTC/USD,33569.0,36053.96796779,33500.0,35577.0,249258041.92941085,7006.15684092
2021-02-01,BTC/USD,33117.79931925,34707.0,32333.0,33566.0,177917812.41886106,5300.53662691
2021-01-31,BTC/USD,34333.0,34407.005674,32228.0,33138.0,192993444.57112145,5823.93157617
2021-01-30,BTC/USD,34284.0,34929.0,32827.0,34341.0,250364041.48397577,7290.52856597
2021-01-29,BTC/USD,33374.0,38710.69632264,31987.0,34253.0,981076218.2498617,28642.05232388
2021-01-28,BTC/USD,30421.23654981,33800.0,29918.0,33373.0,306034791.1490373,9170.13127825
2021-01-27,BTC/USD,32518.32570147,32596.0,29283.0,30421.23654981,449828663.76808095,14786.66598682
2021-01-26,BTC/USD,32252.0,32971.0,30867.0338669,32519.0,277725627.4767166,8540.41106666
2021-01-25,BTC/USD,32327.0,34918.0,31966.0,32285.0,298005038.7493025,9230.4487765
2021-01-24,BTC/USD,32099.0,33174.0,31011.0,32320.0,190290821.4669568,5887.71106024
2021-01-23,BTC/USD,33027.0,33554.0,31439.4275088,32099.0,226783513.10508528,7065.12704773
2021-01-22,BTC/USD,30890.60960271,33850.0,28989.0,33058.0,519675942.0852656,15720.12650751
2021-01-21,BTC/USD,35510.0,35616.0,30196.0,30872.0,690220114.7070894,22357.47974563
2021-01-20,BTC/USD,35888.0,36422.0,33303.0,35516.0,502257363.4817258,14141.72101255
2021-01-19,BTC/USD,36685.0,37936.5743351,35863.0,35890.0,346287602.2673887,9648.58184083
2021-01-18,BTC/USD,35901.0,37555.0,34842.0,36699.0,308820397.79944,8414.95402598
2021-01-17,BTC/USD,36037.0,36928.0,33868.0,35900.0,353516333.18241197,9847.25162068
2021-01-16,BTC/USD,36741.0,37997.0,35418.0,36041.0,390780131.10720205,10842.65506249
2021-01-15,BTC/USD,39147.32923992,39701.0,34500.0,36741.0,571371933.8804784,15551.34410823
2021-01-14,BTC/USD,37368.0,40001.0,36666.0,39136.0,507510514.93045855,12967.86884021
2021-01-13,BTC/USD,34104.0,37776.0,32436.0,37358.07975004,556173103.8027594,14887.62558258
2021-01-12,BTC/USD,35410.0,36656.0,32427.0,34123.0,756744137.070647,22176.95211648
2021-01-11,BTC/USD,38200.0,38277.0,30635.0,35408.0,1701086864.4237409,48042.44420537
2021-01-10,BTC/USD,40170.0,41399.0,35260.0,38200.0,726248347.9137161,19011.73685638
2021-01-09,BTC/USD,40500.0,41399.0,38700.0,40168.0,328317500.94952315,8173.60836859
2021-01-08,BTC/USD,39387.0,41969.0,36555.0,40509.0,882517580.3016273,21785.71626803
2021-01-07,BTC/USD,36791.0,40383.3509214,36123.590728,39401.0,871266649.9219686,22112.80551057
2021-01-06,BTC/USD,33978.0,36932.0,33335.0,36760.0,684448833.765818,18619.39156055
2021-01-05,BTC/USD,31991.0,34493.0,29861.0,33985.0,492205587.7171226,14483.02450249
2021-01-04,BTC/USD,32990.0,33593.61627648,28540.0,31990.0,789742680.9396691,24687.17352109
2021-01-03,BTC/USD,32185.0,34873.0,31975.0,32968.0,623388697.2494396,18908.90248876
2021-01-02,BTC/USD,29349.83250154,33292.0,29000.0,32183.0,708441943.2380126,22012.92431526
