Datetime,Symbol_Pair,Open,High,Low,Close,Volume_USD,Volume_in_LTC
2022-12-27,LTC/USD,70.868,71.179,67.858,68.768,685419.9676582608,9967.13540685
2022-12-26,LTC/USD,69.199,71.649,68.658,70.803,1042748.9387175285,14727.4683095
2022-12-25,LTC/USD,65.814,69.778,65.386,69.241,761922.7736420169,11003.92503924
2022-12-24,LTC/USD,65.828,66.084,65.139,65.815,234508.0576073158,3563.13997732
2022-12-23,LTC/USD,66.32,66.811,65.089,65.828,422601.13996917853,6419.77790559
2022-12-22,LTC/USD,65.52,66.73,64.396,66.251,608816.0654414621,9189.53774949
2022-12-21,LTC/USD,65.662,66.859,64.691,65.436,660601.5253596352,10095.38366281
2022-12-20,LTC/USD,63.369,66.378,63.148,65.664,1055403.65005829,16072.78950503
2022-12-19,LTC/USD,64.52,65.099,61.118,63.446,1364992.0531833752,21514.23341398
2022-12-18,LTC/USD,64.988,65.97,63.11,64.441,546042.9703673352,8473.53347042
2022-12-17,LTC/USD,66.318,67.745,62.626,64.948,1665100.5209926083,25637.44104503
2022-12-16,LTC/USD,72.471,73.605,65.0,66.401,2006528.5205499965,30218.34792473
2022-12-15,LTC/USD,75.361,75.519,71.846,72.433,947916.1723739492,13086.79983397
2022-12-14,LTC/USD,77.394,79.201,74.177,75.4,1137203.093121316,15082.26913954
2022-12-13,LTC/USD,76.312,80.295,74.433,77.462,1811210.9814488736,23381.92896451
2022-12-12,LTC/USD,76.589,76.782,73.57,76.272,1272896.3533525479,16688.90750672
2022-12-11,LTC/USD,76.409,78.463,76.337,76.6,411597.37569747394,5373.33388639
2022-12-10,LTC/USD,76.377,77.49,75.677,76.431,416864.0347904219,5454.12247374
2022-12-09,LTC/USD,78.32,78.856,75.91,76.333,820905.3203690458,10754.26513263
2022-12-08,LTC/USD,76.952,78.74,74.545,78.371,1432927.4170763665,18283.89859867
2022-12-07,LTC/USD,79.879,80.373,75.562,76.894,1137587.9637135947,14794.23574939
2022-12-06,LTC/USD,80.207,81.79,77.696,79.875,2168262.77733351,27145.69987272
2022-12-05,LTC/USD,77.179,84.97,76.91,80.225,4935476.495606793,61520.42998575
2022-12-04,LTC/USD,76.437,77.547,75.794,77.179,828418.9476872135,10733.73518298
2022-12-03,LTC/USD,77.899,78.097,75.46,76.437,2066018.2142451399,27029.03324627
2022-12-02,LTC/USD,77.63,78.071,75.363,77.953,2919719.3413691134,37454.86820737
2022-12-01,LTC/USD,79.279,80.629,76.305,77.541,1545224.5354399022,19927.83863298
2022-11-30,LTC/USD,75.884,80.749,75.545,79.3,2325872.360016335,29330.04237095
2022-11-29,LTC/USD,73.847,77.959,73.471,75.81,2217521.546566185,29251.04269313
2022-11-28,LTC/USD,74.945,75.369,70.64,73.887,2737207.3456366286,37045.85848169
2022-11-27,LTC/USD,76.46,79.294,74.258,74.945,1883761.9114065622,25135.25800796
2022-11-26,LTC/USD,74.12,79.57,73.953,76.457,2946507.0955843064,38538.09455752
2022-11-25,LTC/USD,78.57,79.819,73.277,74.095,3140008.537934877,42378.1434366
2022-11-24,LTC/USD,78.944,79.437,75.072,78.68,3452951.431820285,43886.01209736
2022-11-23,LTC/USD,70.589,83.75,69.645,78.899,9595580.728921892,121618.53418829
2022-11-22,LTC/USD,61.281,71.152,61.11,70.596,5100147.805244165,72244.14705145
2022-11-21,LTC/USD,62.073,63.492,59.181,61.277,1947559.9278175181,31782.88636548
2022-11-20,LTC/USD,63.896,64.812,60.382,62.079,622892.8585954638,10033.8739122
2022-11-19,LTC/USD,62.545,64.6,61.23,63.968,964685.4434371546,15080.75042892
2022-11-18,LTC/USD,62.495,63.88,61.553,62.609,1590433.8973942732,25402.640153880002
2022-11-17,LTC/USD,57.447,63.204,56.955,62.495,3077523.2893728754,49244.31217494
2022-11-16,LTC/USD,58.005,60.1,56.66,57.521,756331.4538428442,13148.78833544
2022-11-15,LTC/USD,56.706,59.546,56.55,57.949,1354335.0906362412,23371.15550978
2022-11-14,LTC/USD,57.331,59.204,53.516,56.723,1452927.69152113,25614.43667509
2022-11-13,LTC/USD,60.016,60.359,56.344,57.375,1296345.7820256639,22594.26199609
2022-11-12,LTC/USD,61.408,61.75,58.2,59.991,1740725.1437064526,29016.43819417
2022-11-11,LTC/USD,60.49,64.335,58.51,61.4,4016662.909552206,65417.96269629
2022-11-10,LTC/USD,50.629,61.187,49.686,60.397,2971234.0166657763,49195.05963319
2022-11-09,LTC/USD,57.79,59.802,47.65,50.67,3785082.7397519746,74700.66587235
2022-11-08,LTC/USD,67.467,68.902,53.743,57.751,7614714.2710306,131854.24098337
2022-11-07,LTC/USD,68.351,73.3,66.341,67.467,2579257.065339901,38229.90595906
2022-11-06,LTC/USD,69.41,71.0,67.621,68.405,2466065.4121009074,36050.95259266
2022-11-05,LTC/USD,67.65,72.317,67.119,69.325,5954705.099877619,85895.49368738
2022-11-04,LTC/USD,62.029,70.47,61.724,67.608,6882304.103400698,101797.18529465
2022-11-03,LTC/USD,60.9,64.764,60.22,61.933,5895259.59820124,95187.69635253
2022-11-02,LTC/USD,55.112,62.903,54.714,61.029,5186246.358213909,84980.0317589
2022-11-01,LTC/USD,55.015,55.937,54.499,55.171,872986.2745752542,15823.28169827
2022-10-31,LTC/USD,55.431,56.463,54.032,55.069,527957.7203664134,9587.20369657
2022-10-30,LTC/USD,56.635,57.539,54.794,55.38,546515.6505833389,9868.46606326
2022-10-29,LTC/USD,54.956,57.659,54.689,56.698,808294.0743370528,14256.13027509
2022-10-28,LTC/USD,54.83,55.631,53.569,54.967,548433.1267873193,9977.49789487
2022-10-27,LTC/USD,56.37,56.744,54.566,54.792,735682.1434728444,13426.81675195
2022-10-26,LTC/USD,56.004,57.645,55.731,56.43,755230.2034814262,13383.48756834
2022-10-25,LTC/USD,52.559,56.832,52.338,55.937,1154718.6335368478,20643.19919797
2022-10-24,LTC/USD,54.064,54.239,52.14,52.607,407614.3613149972,7748.29131703
2022-10-23,LTC/USD,52.234,54.076,51.861,54.064,286785.35828803584,5304.55309056
2022-10-22,LTC/USD,51.7,52.5,51.385,52.228,190568.37111402862,3648.77787995
2022-10-21,LTC/USD,51.245,51.849,49.558,51.644,237486.84495401135,4598.53700244
2022-10-20,LTC/USD,50.969,52.12,50.578,51.2,245383.537390592,4792.64721466
2022-10-19,LTC/USD,51.961,52.013,50.762,50.948,259453.7666234559,5092.52113181
2022-10-18,LTC/USD,51.857,52.242,50.765,51.898,452812.01953636575,8725.03795014
2022-10-17,LTC/USD,51.447,52.196,51.1,51.821,253003.69065932266,4882.26183708
2022-10-16,LTC/USD,50.33,51.852,50.304,51.447,330259.8638391248,6419.41928274
2022-10-15,LTC/USD,51.338,51.679,50.286,50.37,174219.926154897,3458.8033781
2022-10-14,LTC/USD,51.084,52.58,50.911,51.335,743964.6508061902,14492.34734209
2022-10-13,LTC/USD,52.211,52.523,48.35,51.154,1376993.2493075603,26918.58406591
2022-10-12,LTC/USD,52.041,63.529,51.866,52.208,2909995.077515034,55738.48983901
2022-10-11,LTC/USD,52.589,52.628,51.194,52.04,957448.8593931268,18398.32550717
2022-10-10,LTC/USD,53.924,54.463,52.4,52.59,1669012.812940184,31736.31513482
2022-10-09,LTC/USD,52.745,53.992,52.701,53.977,189196.00680228093,3505.12267822
2022-10-08,LTC/USD,52.845,53.548,52.397,52.816,193636.0871919944,3666.23915465
2022-10-07,LTC/USD,53.506,53.85,52.307,52.882,462782.65032574546,8751.23199436
2022-10-06,LTC/USD,54.611,55.057,53.343,53.507,258428.0401822043,4829.79872133
2022-10-05,LTC/USD,55.306,55.308,53.341,54.637,214514.31429880022,3926.17300179
2022-10-04,LTC/USD,54.172,55.708,53.901,55.296,281566.4574241382,5091.98599219
2022-10-03,LTC/USD,51.834,54.361,51.514,54.192,221196.9477138341,4081.72696549
2022-10-02,LTC/USD,52.89,53.47,51.726,51.813,188386.34757122735,3635.88959472
2022-10-01,LTC/USD,53.518,53.845,52.437,52.93,216608.5756005713,4092.35925941
2022-09-30,LTC/USD,53.987,55.1,52.871,53.46,295418.1855171888,5525.96680728
2022-09-29,LTC/USD,53.373,54.237,52.284,53.976,797406.1093475599,14773.34573417
2022-09-28,LTC/USD,52.685,53.865,51.021,53.329,733565.9588822324,13755.47936174
2022-09-27,LTC/USD,53.452,55.808,51.84,52.68,815559.1356010357,15481.38070617
2022-09-26,LTC/USD,52.536,53.768,51.932,53.452,603468.679549668,11289.91767473
2022-09-25,LTC/USD,53.444,54.453,52.284,52.596,636885.4525689776,12109.00928909
2022-09-24,LTC/USD,55.266,56.0,53.178,53.448,948991.0421805237,17755.40791387
2022-09-23,LTC/USD,53.61,55.334,51.421,55.265,568528.6103179735,10287.31765707
2022-09-22,LTC/USD,51.079,54.15,50.634,53.551,286801.85689406365,5355.67696017
2022-09-21,LTC/USD,52.321,55.535,50.25,51.119,1373825.2376664795,26875.0413284
2022-09-20,LTC/USD,52.889,53.8,50.909,52.343,1841515.6662732987,35181.69891434
2022-09-19,LTC/USD,52.666,53.732,50.0,52.92,1931563.0020928248,36499.67879994
2022-09-18,LTC/USD,57.837,57.84,52.072,52.667,1462485.6245028463,27768.53863905
2022-09-17,LTC/USD,55.961,58.723,55.879,57.898,1357603.2653142058,23448.18932112
2022-09-16,LTC/USD,56.403,56.988,54.62,55.978,532971.7404676902,9521.09293772
2022-09-15,LTC/USD,60.184,60.879,55.886,56.402,2197648.4162852503,38964.01574918
2022-09-14,LTC/USD,59.119,61.24,58.2,60.183,823696.7196682284,13686.53473021
2022-09-13,LTC/USD,61.364,67.471,58.34,59.111,2990815.629635391,50596.60011902
2022-09-12,LTC/USD,62.16,63.205,60.116,61.43,613157.0616464707,9981.39445949
2022-09-11,LTC/USD,63.309,64.48,61.283,62.219,356348.2873039395,5727.32263945
2022-09-10,LTC/USD,61.204,64.761,60.561,63.337,1311718.30709607,20710.14268273
2022-09-09,LTC/USD,57.938,61.97,57.702,61.196,1154398.4240096055,18863.95228462
2022-09-08,LTC/USD,57.281,58.647,56.054,57.919,746882.4692660123,12895.29289639
2022-09-07,LTC/USD,54.109,58.249,52.919,57.35,1559764.8398720731,27197.29450518
2022-09-06,LTC/USD,60.41,62.776,54.039,54.097,1249814.9952627884,23103.22190256
2022-09-05,LTC/USD,60.929,61.66,59.268,60.354,425069.9247903658,7042.94536883
2022-09-04,LTC/USD,60.127,61.039,58.6,60.93,738497.2175133904,12120.42044171
2022-09-03,LTC/USD,61.049,62.264,59.54,60.163,920514.6233071884,15300.34445269
2022-09-02,LTC/USD,57.552,62.449,56.508,61.069,1828328.3554212512,29938.73086871
2022-09-01,LTC/USD,53.736,57.85,53.206,57.612,1011473.3670008195,17556.64387629
2022-08-31,LTC/USD,52.975,55.27,52.975,53.805,555512.0472779233,10324.54320747
2022-08-30,LTC/USD,55.833,56.268,51.862,53.044,689384.9957098141,12996.47454396
2022-08-29,LTC/USD,53.401,56.769,52.503,55.846,630885.4287074538,11296.87764043
2022-08-28,LTC/USD,53.052,56.03,52.451,53.412,1061506.2903998564,19873.92889987
2022-08-27,LTC/USD,52.69,53.469,51.72,53.017,2891651.9256853093,54541.97569997
2022-08-26,LTC/USD,56.605,58.298,52.12,52.73,912217.43039153,17299.78058774
2022-08-25,LTC/USD,56.486,57.549,55.85,56.636,409566.7090620599,7231.56135783
2022-08-24,LTC/USD,57.097,57.716,55.55,56.413,404050.849239374,7162.37124846
2022-08-23,LTC/USD,57.203,57.785,53.956,57.065,505472.8961476911,8857.84449571
2022-08-22,LTC/USD,55.653,57.455,52.32,57.222,1175689.4988106184,20546.10986702
2022-08-21,LTC/USD,54.077,55.998,53.8,55.628,632185.6675406845,11364.52267816
2022-08-20,LTC/USD,53.983,55.621,52.611,54.06,1020134.5429055576,18870.41329829
2022-08-19,LTC/USD,59.993,60.154,53.244,54.041,1656456.245821799,30651.84296778
2022-08-18,LTC/USD,60.44,61.68,59.358,60.03,399898.5417423981,6661.64487327
2022-08-17,LTC/USD,61.334,64.708,59.706,60.49,940314.8795970237,15544.96411964
2022-08-16,LTC/USD,60.633,61.763,59.945,61.347,496904.04544000083,8099.89152591
2022-08-15,LTC/USD,63.15,65.348,59.653,60.65,702649.6757734824,11585.32029305
2022-08-14,LTC/USD,63.838,65.8,62.39,63.179,515913.1191630668,8165.89561663
2022-08-13,LTC/USD,62.911,65.637,62.634,63.791,844667.9213531422,13241.17698975
2022-08-12,LTC/USD,61.931,63.07,60.652,62.958,836221.8096844613,13282.21686973
2022-08-11,LTC/USD,61.569,63.424,61.461,61.904,1012515.4322863686,16356.21982887
2022-08-10,LTC/USD,59.099,62.292,57.456,61.589,1384080.6101240458,22472.8540831
2022-08-09,LTC/USD,62.599,62.815,58.224,59.14,639927.5143567028,10820.55316802
2022-08-08,LTC/USD,61.112,64.07,60.79,62.613,733861.8917399211,11720.599424080001
2022-08-07,LTC/USD,60.735,62.019,59.829,61.08,391165.992418074,6404.15835655
2022-08-06,LTC/USD,62.444,62.525,60.438,60.794,306207.3308573001,5036.80183665
2022-08-05,LTC/USD,59.649,62.561,59.61,62.464,925143.034821038,14810.81958922
2022-08-04,LTC/USD,57.756,60.77,57.6,59.631,842520.3982358677,14128.89936838
2022-08-03,LTC/USD,58.088,60.189,56.716,57.74,805705.303269134,13954.0232641
2022-08-02,LTC/USD,59.452,59.829,56.625,58.069,620350.5961117165,10682.99085763
2022-08-01,LTC/USD,59.723,60.723,58.252,59.48,569754.5759091296,9578.92696552
2022-07-31,LTC/USD,60.417,63.069,59.614,59.736,605311.2511480137,10133.10652116
2022-07-30,LTC/USD,60.656,64.102,59.933,60.458,1436131.4004681646,23754.19961739
2022-07-29,LTC/USD,63.41,64.679,59.793,60.648,1350389.198374828,22266.01369171
2022-07-28,LTC/USD,59.035,64.27,58.02,63.479,1832068.9144236818,28861.02355777
2022-07-27,LTC/USD,53.925,59.07,53.026,59.008,1125055.731742116,19066.15597448
2022-07-26,LTC/USD,53.961,54.151,51.97,53.9,850554.7853689039,15780.23720536
2022-07-25,LTC/USD,58.36,59.027,53.88,53.88,722115.6480724381,13402.29487885
2022-07-24,LTC/USD,56.304,59.779,56.296,58.416,576369.0045037656,9866.62908285
2022-07-23,LTC/USD,56.053,57.258,54.5,56.329,649424.4838437128,11529.13213165
2022-07-22,LTC/USD,58.02,59.199,55.521,56.111,794207.5425244216,14154.22185533
2022-07-21,LTC/USD,57.175,58.606,55.163,58.0,560491.01754822,9663.63823359
2022-07-20,LTC/USD,57.9,61.678,56.4,57.175,1645571.7357734735,28781.31588585
2022-07-19,LTC/USD,58.625,59.6,55.808,57.9,2257398.65207742,38987.8869098
2022-07-18,LTC/USD,55.751,59.337,55.263,58.679,2580295.8575296854,43973.07141447
2022-07-17,LTC/USD,55.147,57.047,54.423,55.7,1101944.569868362,19783.56498866
2022-07-16,LTC/USD,51.778,55.67,51.029,55.14,886695.1895042844,16080.79777846
2022-07-15,LTC/USD,51.335,52.749,50.636,51.735,606826.486868537,11729.515547859999
2022-07-14,LTC/USD,49.564,51.769,47.94,51.262,621299.6286708198,12120.08171103
2022-07-13,LTC/USD,47.255,49.727,46.4,49.52,1321788.3572205536,26692.01044468
2022-07-12,LTC/USD,48.679,49.372,47.197,47.265,1355084.7979121886,28669.94177324
2022-07-11,LTC/USD,52.107,52.26,48.185,48.69,918767.3722450649,18869.7344885
2022-07-10,LTC/USD,54.034,55.1,50.628,52.107,1719831.4585095656,33005.76618323
2022-07-09,LTC/USD,51.322,54.819,51.322,54.034,667081.9335367023,12345.59598654
2022-07-08,LTC/USD,52.091,53.962,50.718,51.34,2340836.423485976,45594.78814737
2022-07-07,LTC/USD,50.328,52.578,49.732,52.091,817075.6600151828,15685.54376025
2022-07-06,LTC/USD,49.69,51.25,48.93,50.328,470792.2781749277,9354.48017356
2022-07-05,LTC/USD,52.267,52.48,47.856,49.73,1069468.6764608773,21505.50324675
2022-07-04,LTC/USD,50.854,52.435,49.69,52.207,816290.7395026471,15635.65689472
2022-07-03,LTC/USD,50.484,52.27,49.09,50.931,906320.3706339046,17795.06333341
2022-07-02,LTC/USD,51.187,51.656,49.731,50.499,592955.6700738245,11741.92895055
2022-07-01,LTC/USD,53.865,56.239,50.042,51.141,1503873.796569366,29406.42139515
2022-06-30,LTC/USD,53.65,53.985,50.137,53.736,1861361.3159068227,34639.00022158
2022-06-29,LTC/USD,52.69,54.4,51.346,53.635,1687184.1237819304,31456.77493767
2022-06-28,LTC/USD,55.813,57.06,52.532,52.631,1425775.7794375895,27090.03779973
2022-06-27,LTC/USD,56.621,58.608,54.818,55.83,1719503.9608026687,30798.92460689
2022-06-26,LTC/USD,58.836,60.463,56.62,56.631,1224782.2313026488,21627.41663228
2022-06-25,LTC/USD,55.785,59.75,54.556,58.855,1750157.6888731096,29736.77153807
2022-06-24,LTC/USD,55.71,57.17,54.246,55.775,1305403.181419882,23404.80827288
2022-06-23,LTC/USD,52.094,56.744,51.854,55.65,2678993.0847998117,48140.03746271
2022-06-22,LTC/USD,53.454,53.46,50.34,52.051,1620739.929397272,31137.53682729
2022-06-21,LTC/USD,52.733,55.668,51.821,53.429,1912231.9941683458,35790.15130675
2022-06-20,LTC/USD,54.175,54.76,51.313,52.735,5971438.725395195,113234.82934285
2022-06-19,LTC/USD,47.145,56.37,44.864,54.259,23168447.728956643,426997.32263692
2022-06-18,LTC/USD,47.507,48.282,41.438,47.198,5866894.28377324,124303.8748204
2022-06-17,LTC/USD,44.833,48.355,44.473,47.507,6921475.637380621,145693.8059103
2022-06-16,LTC/USD,50.729,51.27,44.018,44.813,3765141.0446472196,84018.94639161
2022-06-15,LTC/USD,46.19,51.034,41.651,50.674,8325590.9080550745,164297.09334284
2022-06-14,LTC/USD,43.451,46.535,40.347,46.185,8285967.384231072,179408.19279487
2022-06-13,LTC/USD,48.02,48.341,41.011,43.516,7494301.959787906,172219.45858507
2022-06-12,LTC/USD,52.188,52.687,47.327,48.027,6042220.745507561,125808.83139708
2022-06-11,LTC/USD,56.73,57.809,51.705,52.183,11935209.880408024,228718.35426112
2022-06-10,LTC/USD,60.27,60.47,55.557,56.713,3537436.3053506063,62374.34636416
2022-06-09,LTC/USD,61.452,62.429,59.22,60.249,1074253.0989694989,17830.22289116
2022-06-08,LTC/USD,63.83,64.529,61.151,61.438,1255706.4809508403,20438.59632395
2022-06-07,LTC/USD,64.467,65.506,60.17,63.856,3271071.395583187,51225.74849009
2022-06-06,LTC/USD,63.153,66.561,62.901,64.47,3066231.2949026558,47560.59089348
2022-06-05,LTC/USD,63.815,63.93,61.732,63.117,1901103.4255685536,30120.30713704
2022-06-04,LTC/USD,62.646,64.409,61.342,63.769,1803803.6707490408,28286.52904623
2022-06-03,LTC/USD,64.462,64.919,61.439,62.569,1764622.581932026,28202.82539168
2022-06-02,LTC/USD,62.681,64.846,62.12,64.467,4269152.974080176,66222.29937922
2022-06-01,LTC/USD,68.411,70.649,61.729,62.675,8191566.511540035,130699.10668592
2022-05-31,LTC/USD,69.04,69.758,66.725,68.322,2924268.70661192,42801.27494236
2022-05-30,LTC/USD,63.622,69.819,63.25,69.12,5685740.368628198,82258.97524057
2022-05-29,LTC/USD,63.022,64.392,61.84,63.632,4247366.211834348,66748.90325362
2022-05-28,LTC/USD,61.521,64.05,61.257,63.092,4309747.100943699,68308.93141672
2022-05-27,LTC/USD,63.402,64.12,60.862,61.493,2546076.083697205,41404.32380429
2022-05-26,LTC/USD,68.235,68.794,60.355,63.391,4427358.766011411,69842.07168228
2022-05-25,LTC/USD,70.226,71.726,67.766,68.258,4452991.519157227,65237.65007995
2022-05-24,LTC/USD,68.991,70.762,67.0,70.233,5897907.5375924315,83976.30084992
2022-05-23,LTC/USD,71.585,73.938,68.251,69.005,4688852.331809653,67949.45774668
2022-05-22,LTC/USD,69.901,72.534,69.343,71.639,1960423.0867554648,27365.30502597
2022-05-21,LTC/USD,68.572,70.649,67.829,69.866,2950004.575583099,42223.75083135
2022-05-20,LTC/USD,72.105,73.455,66.747,68.593,7133415.888709108,103996.26621826
2022-05-19,LTC/USD,65.908,72.747,64.576,72.119,5096786.376121576,70671.89473123
2022-05-18,LTC/USD,73.12,74.332,65.703,65.846,3811787.894725656,57889.43739522
2022-05-17,LTC/USD,67.214,73.862,66.919,73.08,7243445.527383845,99116.66019956
2022-05-16,LTC/USD,71.536,71.536,64.875,67.19,8347565.759852841,124238.21639906
2022-05-15,LTC/USD,68.891,71.7,65.933,71.559,12681759.716707103,177221.03043233
2022-05-14,LTC/USD,67.862,70.328,64.16,68.861,9237060.590461152,134140.66874517
2022-05-13,LTC/USD,64.489,73.426,63.306,67.817,12424508.634623917,183206.40303499
2022-05-12,LTC/USD,66.693,69.9,54.0,64.546,10495677.916731939,162607.72033483
2022-05-11,LTC/USD,80.205,82.891,64.159,66.475,10683562.419809073,160715.49334049
2022-05-10,LTC/USD,76.218,85.044,73.289,80.281,9892669.222298583,123225.53558499
2022-05-09,LTC/USD,93.941,94.965,75.32,76.369,10344885.663290711,135459.22643076
2022-05-08,LTC/USD,94.361,95.84,91.611,94.026,3501587.896803155,37240.63447135
2022-05-07,LTC/USD,96.691,97.437,92.73,94.332,2718682.4725573706,28820.36289443
2022-05-06,LTC/USD,96.881,98.423,92.88,96.68,4890328.632556858,50582.62962926
2022-05-05,LTC/USD,106.24,106.94,94.78,96.947,6990833.697465846,72109.85071705
2022-05-04,LTC/USD,99.343,107.24,99.046,106.2,6268946.27481738,59029.6259399
2022-05-03,LTC/USD,100.67,101.49,97.51,99.403,2183399.924667706,21965.13107922
2022-05-02,LTC/USD,99.28,101.94,98.37,100.7,2511255.177262064,24937.98587152
2022-05-01,LTC/USD,95.85,100.07,94.38,99.262,2454266.0148912407,24725.13162027
2022-04-30,LTC/USD,100.53,101.63,94.111,95.928,2529481.032375592,26368.53715678
2022-04-29,LTC/USD,103.36,104.56,98.326,100.4,4637936.657316112,46194.58822028
2022-04-28,LTC/USD,100.58,104.44,99.73,103.34,7828480.684310597,75754.60309958
2022-04-27,LTC/USD,98.614,101.94,97.74,100.64,1962799.8784974816,19503.17844294
2022-04-26,LTC/USD,104.59,105.39,96.411,98.649,3811786.808293824,38639.89303788
2022-04-25,LTC/USD,104.61,104.94,98.34,104.56,5752092.878636653,55012.36494488
2022-04-24,LTC/USD,105.23,106.02,103.5,104.59,1249450.6961130593,11946.17741766
2022-04-23,LTC/USD,105.35,107.23,104.3,105.16,2595000.4847027888,24676.68775868
2022-04-22,LTC/USD,106.7,108.73,104.78,105.39,2324121.478601876,22052.58068699
2022-04-21,LTC/USD,111.85,114.58,105.39,106.79,3381946.4084824943,31669.13014779
2022-04-20,LTC/USD,113.9,114.21,110.63,111.91,3330539.2127633705,29760.87224344
2022-04-19,LTC/USD,111.36,114.18,110.66,113.9,2111974.3076226613,18542.35564199
2022-04-18,LTC/USD,108.81,111.56,105.28,111.29,5407186.710390049,48586.45619903
2022-04-17,LTC/USD,114.41,115.23,108.36,108.88,3864851.2264738716,35496.4293394
2022-04-16,LTC/USD,110.96,114.96,110.24,114.42,4276807.447062001,37378.14584043
2022-04-15,LTC/USD,107.31,112.96,107.04,111.03,6352443.048216,57213.75347398
2022-04-14,LTC/USD,110.59,112.33,106.01,107.4,4643052.551206368,43231.40178032
2022-04-13,LTC/USD,104.97,110.84,104.02,110.61,5721803.170991386,51729.52871342
2022-04-12,LTC/USD,102.58,105.84,101.74,104.97,3483638.5691639916,33186.99218028
2022-04-11,LTC/USD,110.32,110.7,102.0,102.59,5056680.4967087405,49290.18907017
2022-04-10,LTC/USD,112.72,114.57,110.08,110.26,2627672.3436689517,23831.60115789
2022-04-09,LTC/USD,110.69,112.98,110.06,112.65,2156423.68617918,19142.6869612
2022-04-08,LTC/USD,114.05,115.26,109.57,110.76,2818172.2163413106,25443.95283804
2022-04-07,LTC/USD,111.67,114.98,110.09,114.14,1477632.4938685806,12945.79020386
2022-04-06,LTC/USD,122.65,123.24,111.25,111.78,5560193.723782275,49742.29489875
2022-04-05,LTC/USD,124.8,127.33,122.53,122.79,1616089.476742483,13161.40953451
2022-04-04,LTC/USD,128.83,128.83,121.19,124.81,3178120.4015248674,25463.66798754
2022-04-03,LTC/USD,124.83,129.52,123.76,128.7,2674948.4152496816,20784.36997086
2022-04-02,LTC/USD,124.95,128.36,123.63,124.79,3573635.3279448245,28637.19310798
2022-04-01,LTC/USD,123.84,126.46,119.17,124.96,1924998.2860605377,15404.91586156
2022-03-31,LTC/USD,131.07,132.86,121.08,123.91,5455810.949114444,44030.4329684
2022-03-30,LTC/USD,130.08,134.09,125.59,131.04,4537992.7904023435,34630.59211235
2022-03-29,LTC/USD,127.5,132.01,127.07,130.03,3472715.758990325,26707.03498416
2022-03-28,LTC/USD,129.65,132.71,126.78,127.43,3616885.4319292414,28383.31187263
2022-03-27,LTC/USD,124.93,129.71,123.31,129.55,2552817.7810299345,19705.27040548
2022-03-26,LTC/USD,123.92,125.61,121.97,124.9,1421141.5315122532,11378.23483997
2022-03-25,LTC/USD,126.41,127.28,121.65,123.95,2085897.474267532,16828.53952616
2022-03-24,LTC/USD,122.42,127.7,120.06,126.44,3374338.648044571,26687.27181307
2022-03-23,LTC/USD,122.79,124.52,118.61,122.55,1775514.7688795188,14488.08460938
2022-03-22,LTC/USD,116.09,124.31,115.64,122.79,5539762.21818512,45115.74410119
2022-03-21,LTC/USD,114.92,116.79,112.92,116.14,1836735.342722195,15814.83849425
2022-03-20,LTC/USD,116.82,118.47,111.29,114.77,2187782.057914059,19062.31644083
2022-03-19,LTC/USD,111.86,117.35,111.37,116.76,2843414.3877006173,24352.64121018
2022-03-18,LTC/USD,110.25,113.0,107.88,112.0,1407835.4489696,12569.9593658
2022-03-17,LTC/USD,111.39,111.77,108.73,110.3,1204494.512313006,10920.16783602
2022-03-16,LTC/USD,107.01,112.29,105.79,111.47,3760566.4201803464,33736.13008146
2022-03-15,LTC/USD,105.65,108.7,102.63,107.0,2147622.72963195,20071.24046385
2022-03-14,LTC/USD,101.72,106.48,100.82,105.79,2288889.932762634,21636.16535365
2022-03-13,LTC/USD,105.51,107.48,101.01,101.71,994058.5338131455,9773.45918605
2022-03-12,LTC/USD,104.5,107.99,104.5,105.47,1118311.71210527,10603.12612217
2022-03-11,LTC/USD,102.59,106.92,99.761,104.53,2669163.3966268827,25534.90286642
2022-03-10,LTC/USD,107.06,107.15,99.691,102.61,2283199.7239780333,22251.23987894
2022-03-09,LTC/USD,100.8,109.32,100.51,106.97,2684524.590163399,25096.05113736
2022-03-08,LTC/USD,98.43,102.65,97.791,100.75,2535288.1141694277,25164.15001657
2022-03-07,LTC/USD,101.14,103.98,96.274,98.45,3507311.358464359,35625.30582493
2022-03-06,LTC/USD,104.91,106.06,100.71,101.19,2077571.5395711511,20531.3918329
2022-03-05,LTC/USD,101.1,105.4,99.45,104.93,2061753.778580636,19648.8495052
2022-03-04,LTC/USD,111.88,112.71,99.027,101.1,4202037.144519015,41563.17650365
2022-03-03,LTC/USD,110.4,113.11,107.9,111.88,4638363.278869767,41458.37753727
2022-03-02,LTC/USD,112.74,114.8,109.2,110.39,3675453.9673322863,33295.17136817
2022-03-01,LTC/USD,113.87,116.31,110.02,112.67,5376841.900539176,47722.03692677
2022-02-28,LTC/USD,103.04,114.03,101.32,113.87,6397237.2168512745,56180.18105604
2022-02-27,LTC/USD,108.34,110.23,101.36,103.03,3982713.162894758,38655.85909827
2022-02-26,LTC/USD,109.46,115.38,106.66,108.21,4043088.027543072,37363.34929806
2022-02-25,LTC/USD,104.33,110.71,101.71,109.31,5116727.216615668,46809.32409309
2022-02-24,LTC/USD,105.58,108.05,91.673,104.34,11791915.35386231,113014.33154938
2022-02-23,LTC/USD,107.58,111.59,105.04,105.57,4458510.456453007,42232.74089659
2022-02-22,LTC/USD,102.85,107.99,100.38,107.59,6064240.553793447,56364.35127608
2022-02-21,LTC/USD,110.82,114.7,102.09,102.94,6653075.913941979,64630.61894251
2022-02-20,LTC/USD,115.66,115.81,108.58,110.73,4373285.486560541,39495.03735718
2022-02-19,LTC/USD,114.94,117.3,113.08,115.71,4038391.2119617327,34900.96976892
2022-02-18,LTC/USD,116.38,123.59,114.24,114.97,14063714.968286483,122325.08452889
2022-02-17,LTC/USD,127.94,129.07,115.0,116.44,7862865.030843938,67527.18164586
2022-02-16,LTC/USD,131.75,131.84,125.56,127.76,3609147.6508138743,28249.43371019
2022-02-15,LTC/USD,124.62,132.69,124.06,131.65,5006309.583050493,38027.41802545
2022-02-14,LTC/USD,125.86,127.06,121.43,124.7,3950760.8565587653,31682.12394995
2022-02-13,LTC/USD,126.79,128.97,123.57,125.7,3699463.498665465,29430.89497745
2022-02-12,LTC/USD,125.75,127.74,121.05,126.66,6977990.672373268,55092.29963977
2022-02-11,LTC/USD,134.75,134.93,124.92,125.8,9262773.803651165,73630.95233427
2022-02-10,LTC/USD,140.23,144.07,133.9,134.67,10413014.38006814,77322.45028639
2022-02-09,LTC/USD,133.93,141.12,132.12,140.15,8015420.152613004,57191.72424269
2022-02-08,LTC/USD,137.55,142.93,130.65,133.74,11191569.414310506,83681.54190452
2022-02-07,LTC/USD,127.72,139.91,125.15,137.45,11204410.966027671,81516.26748656
2022-02-06,LTC/USD,121.83,128.25,120.69,127.68,5644936.698401079,44211.59694863
2022-02-05,LTC/USD,121.47,123.89,118.9,121.93,5929397.365473365,48629.51993335
2022-02-04,LTC/USD,111.19,121.48,108.84,121.38,7222096.175468597,59499.88610536
2022-02-03,LTC/USD,108.25,111.23,105.5,110.99,3770245.611750919,33969.23697406
2022-02-02,LTC/USD,115.15,116.0,107.31,108.36,4988603.9158761455,46037.31926796
2022-02-01,LTC/USD,109.55,116.99,108.29,115.06,5637768.281777403,48998.50757672
2022-01-31,LTC/USD,108.66,111.48,104.4,109.61,5899700.288230904,53824.47119999
2022-01-30,LTC/USD,110.87,112.3,107.1,108.76,4111859.7928933385,37806.72851134
2022-01-29,LTC/USD,109.47,112.41,107.64,110.72,4084368.9253577916,36889.17020735
2022-01-28,LTC/USD,107.02,110.16,105.29,109.53,4816307.091415363,43972.49238944
2022-01-27,LTC/USD,106.93,110.03,102.94,107.15,7951978.778313068,74213.52102952
2022-01-26,LTC/USD,107.97,116.68,104.78,107.06,7165752.795025965,66932.12025991
2022-01-25,LTC/USD,109.62,110.0,105.31,107.9,4026169.9242973914,37313.90105929
2022-01-24,LTC/USD,112.43,112.47,97.409,109.59,14998442.972560303,136859.59460316
2022-01-23,LTC/USD,108.56,112.9,105.74,112.37,8817074.030515078,78464.66165805
2022-01-22,LTC/USD,114.6,117.12,96.335,108.48,14522481.260455584,133872.4304983
2022-01-21,LTC/USD,129.67,131.12,109.65,114.85,12200666.850075375,106231.31780649
2022-01-20,LTC/USD,136.34,142.96,128.97,129.92,5776033.637079507,44458.38698491
2022-01-19,LTC/USD,141.54,143.1,133.21,136.12,7405168.666284039,54401.76804499
2022-01-18,LTC/USD,151.25,153.5,138.66,141.58,17934944.17733712,126677.10253805
2022-01-17,LTC/USD,146.46,154.04,143.98,151.27,19925836.08143587,131723.64699832
2022-01-16,LTC/USD,147.73,149.0,143.23,146.41,7353603.261397559,50226.09972951
2022-01-15,LTC/USD,144.85,150.73,144.03,147.66,12540355.567488525,84927.23532093
2022-01-14,LTC/USD,136.89,146.46,135.9,144.69,17439101.20386143,120527.3426212
2022-01-13,LTC/USD,141.96,142.34,134.6,136.81,10075074.830353377,73642.82457681
2022-01-12,LTC/USD,131.57,142.18,130.95,142.01,9906609.263295848,69759.94129495
2022-01-11,LTC/USD,126.5,133.5,125.82,131.67,10706111.65855733,81310.18195912
2022-01-10,LTC/USD,130.85,131.54,120.73,126.55,12286943.119147418,97091.60900156
2022-01-09,LTC/USD,129.41,132.59,127.8,130.84,7114183.096111424,54373.15114729
2022-01-08,LTC/USD,131.37,134.69,124.84,129.33,12156186.58923392,93993.55593624
2022-01-07,LTC/USD,135.89,136.54,126.0,131.24,19074432.260945424,145340.08123244
2022-01-06,LTC/USD,135.32,138.11,132.4,136.03,16382539.617320934,120433.28396178
2022-01-05,LTC/USD,146.52,149.92,129.93,135.28,13842571.602045204,102325.33709377
2022-01-04,LTC/USD,148.42,151.67,145.28,146.52,8350109.4384331275,56989.55390686
2022-01-03,LTC/USD,151.13,151.25,146.0,148.42,7761170.070488934,52291.94226175
2022-01-02,LTC/USD,150.8,153.42,147.83,151.14,6289153.724675719,41611.44451949
2022-01-01,LTC/USD,146.2,151.03,146.18,150.72,5762018.292786931,38229.95151796
2021-12-31,LTC/USD,148.04,152.82,143.75,146.16,9622523.142449783,65835.5442149
2021-12-30,LTC/USD,145.58,150.05,142.61,148.1,9670573.512293208,65297.59292568
2021-12-29,LTC/USD,145.75,150.99,144.09,145.41,10736695.099804997,73837.39151231
2021-12-28,LTC/USD,155.92,155.95,144.44,145.68,10426392.27512222,71570.51259694
2021-12-27,LTC/USD,155.99,161.37,154.59,156.02,6560389.00491952,42048.38485399
2021-12-26,LTC/USD,157.85,158.55,153.16,155.93,10299689.713009331,66053.29130385
2021-12-25,LTC/USD,161.43,163.68,157.58,157.89,7183299.483723482,45495.59493143
2021-12-24,LTC/USD,163.74,166.82,160.23,161.18,9253123.589222431,57408.63375867
2021-12-23,LTC/USD,155.5,165.2,153.19,163.72,13568944.098265857,82878.96468523
2021-12-22,LTC/USD,154.78,160.17,153.02,155.43,10711310.407317452,68914.04752826
2021-12-21,LTC/USD,152.75,156.47,149.1,154.86,10763845.382921984,69506.94422654
2021-12-20,LTC/USD,153.31,157.47,145.29,152.81,10597526.210344957,69350.99934785
2021-12-19,LTC/USD,148.84,161.07,147.68,153.31,13336340.85995468,86989.37355655
2021-12-18,LTC/USD,144.01,150.4,142.9,148.79,4486348.134773028,30152.21543634
2021-12-17,LTC/USD,148.92,150.41,141.24,144.08,7896161.573168939,54804.00869773
2021-12-16,LTC/USD,153.67,156.78,148.65,148.87,6903799.719718311,46374.68744353
2021-12-15,LTC/USD,150.48,155.21,141.86,153.66,10854746.553203054,70641.32860343
2021-12-14,LTC/USD,144.72,152.05,143.16,150.71,9733561.007255303,64584.70577437
2021-12-13,LTC/USD,159.01,159.94,142.91,144.69,11955914.679594385,82631.24389795
2021-12-12,LTC/USD,158.29,162.96,153.37,159.12,8498237.458670108,53407.72661306
2021-12-11,LTC/USD,148.55,159.58,145.81,158.14,13477268.237768013,85223.65143397
2021-12-10,LTC/USD,151.5,160.05,147.66,148.51,17847417.01552179,120176.53367128
2021-12-09,LTC/USD,165.26,167.13,151.4,151.56,12017928.089070737,79294.85411105
2021-12-08,LTC/USD,162.13,170.32,156.1,165.22,12944421.356751803,78346.57642387
2021-12-07,LTC/USD,161.54,166.02,158.33,162.13,11114186.508217746,68551.07943143
2021-12-06,LTC/USD,156.67,164.71,141.62,161.51,19263103.825376112,119268.79961226
2021-12-05,LTC/USD,163.04,165.07,148.17,156.61,21163027.4320382,135132.03136478
2021-12-04,LTC/USD,188.12,189.25,126.8,162.99,55480438.62729259,340391.67204916
2021-12-03,LTC/USD,203.86,208.22,180.06,188.27,14714649.191578232,78157.16360322
2021-12-02,LTC/USD,208.88,210.19,200.12,203.7,13267035.838908095,65130.26921408
2021-12-01,LTC/USD,208.01,217.79,205.01,208.93,14431891.25139125,69075.2465007
2021-11-30,LTC/USD,205.83,219.87,197.81,207.84,23912999.427283045,115054.84712896
2021-11-29,LTC/USD,199.66,209.72,195.47,205.87,19133111.275690127,92937.8310375
2021-11-28,LTC/USD,195.22,200.34,182.63,199.77,20955033.7221068,104895.79877913
2021-11-27,LTC/USD,195.97,201.16,191.19,195.44,9214700.597554665,47148.488526170004
2021-11-26,LTC/USD,223.57,225.12,189.75,195.97,42170113.94415307,215186.57929353
2021-11-25,LTC/USD,212.48,229.82,210.83,223.01,17606513.347098842,78949.43431729
2021-11-24,LTC/USD,216.41,217.69,206.12,212.42,18313110.53367678,86211.79989491
2021-11-23,LTC/USD,209.22,218.76,205.32,216.32,13427611.967325171,62072.91035191
2021-11-22,LTC/USD,221.79,222.1,205.4,209.28,26738162.208025575,127762.62522948
2021-11-21,LTC/USD,226.9,230.88,220.1,221.43,17742775.871880032,80128.14827205
2021-11-20,LTC/USD,218.12,227.71,213.15,227.08,28383815.05395525,124994.78181238
2021-11-19,LTC/USD,204.31,221.38,199.67,218.31,33959675.0796593,155557.1209732
2021-11-18,LTC/USD,229.72,232.39,199.8,204.22,43727369.91172244,214118.93992617
2021-11-17,LTC/USD,230.32,235.31,218.3,229.82,45997399.0185768,200145.32685831
2021-11-16,LTC/USD,262.89,263.05,221.95,230.33,94612960.34005389,410771.32957085
2021-11-15,LTC/USD,279.18,281.32,258.89,262.91,41054842.10097569,156155.49846326
2021-11-14,LTC/USD,257.77,279.28,248.42,279.16,65839913.38944283,235850.09811378
2021-11-13,LTC/USD,251.14,263.97,245.38,257.94,33667900.96962713,130526.09509819
2021-11-12,LTC/USD,262.24,282.75,243.97,251.15,85245442.31627482,339420.43526289
2021-11-11,LTC/USD,260.15,273.9,250.65,262.39,59016821.627918445,224920.23944479
2021-11-10,LTC/USD,262.28,295.4,251.7,260.13,254887533.08587447,979846.74234373
2021-11-09,LTC/USD,228.94,275.66,226.44,262.27,174665094.1238293,665974.35514481
2021-11-08,LTC/USD,202.14,229.81,202.09,228.84,61987736.651571296,270878.06612293
2021-11-07,LTC/USD,197.64,202.18,197.07,202.14,4576880.013888211,22642.12928608
2021-11-06,LTC/USD,198.98,201.29,191.25,197.58,4187398.9051276436,21193.43509023
2021-11-05,LTC/USD,202.59,203.39,196.8,198.98,5508973.548312727,27686.06668164
2021-11-04,LTC/USD,207.23,207.23,196.29,203.03,6874573.770347607,33859.89149558
2021-11-03,LTC/USD,201.02,209.49,197.41,206.97,11627273.045875242,56178.54300563
2021-11-02,LTC/USD,197.58,205.04,194.93,201.01,8488906.778028827,42231.26599686
2021-11-01,LTC/USD,191.95,201.25,187.93,197.82,8989346.898266653,45442.05286759
2021-10-31,LTC/USD,190.27,195.17,186.66,191.89,5283319.574077352,27533.06359934
2021-10-30,LTC/USD,196.62,197.24,186.76,190.41,4651158.613263508,24427.07112685
2021-10-29,LTC/USD,189.87,198.58,188.22,196.62,8430048.816235421,42874.82868597
2021-10-28,LTC/USD,179.11,194.43,177.49,189.85,12333450.723701732,64964.18606111
2021-10-27,LTC/USD,197.52,204.87,171.25,179.13,20914702.458398372,116757.11750348
2021-10-26,LTC/USD,195.51,199.21,190.41,197.43,6989252.237742691,35401.16617405
2021-10-25,LTC/USD,190.39,197.3,189.53,195.37,4862106.22801485,24886.65725554
2021-10-24,LTC/USD,196.28,199.79,185.28,190.45,7456918.849833531,39154.20766518
2021-10-23,LTC/USD,190.95,198.06,188.84,196.41,9960535.81239716,50712.97699912
2021-10-22,LTC/USD,196.88,201.35,187.21,190.93,29898636.327339552,156594.7537178
2021-10-21,LTC/USD,207.34,214.65,195.15,196.73,20053108.047531858,101932.13057251999
2021-10-20,LTC/USD,188.65,209.43,185.67,207.41,15698648.702294119,75688.96727397
2021-10-19,LTC/USD,185.68,191.82,182.32,188.82,9268275.268043892,49085.2413306
2021-10-18,LTC/USD,183.78,187.64,178.61,185.52,8888616.911641685,47911.90659574
2021-10-17,LTC/USD,185.96,188.05,176.31,183.82,6227644.472968918,33879.03641045
2021-10-16,LTC/USD,189.61,192.67,185.06,185.99,7231690.902945899,38882.14905611
2021-10-15,LTC/USD,181.48,192.99,176.62,189.61,23025047.736094475,121433.72045828
2021-10-14,LTC/USD,177.68,187.01,177.13,181.39,20337936.59957188,112122.70025675
2021-10-13,LTC/USD,172.55,179.67,167.73,177.69,5042653.97316069,28378.940701
2021-10-12,LTC/USD,179.09,179.09,166.37,172.63,14398013.376696777,83403.8891079
2021-10-11,LTC/USD,174.75,185.26,172.41,179.24,9625684.145688877,53702.76805227
2021-10-10,LTC/USD,180.0,183.99,174.3,174.86,12471396.15871452,71322.17864986
2021-10-09,LTC/USD,175.91,183.94,174.44,179.93,13727819.702620806,76295.33542278
2021-10-08,LTC/USD,178.64,183.57,174.46,175.77,31131573.40674568,177115.3974327
2021-10-07,LTC/USD,178.56,187.22,173.58,178.43,25853261.504227027,144893.01969527
2021-10-06,LTC/USD,173.88,183.23,163.97,178.5,26961137.178472243,151042.78531357
2021-10-05,LTC/USD,167.6,175.45,166.69,173.9,19567452.54609865,112521.29123691
2021-10-04,LTC/USD,170.59,170.8,161.48,167.6,10253115.989370327,61176.10972178
2021-10-03,LTC/USD,169.02,175.0,165.93,170.56,9217946.63416536,54045.18429975
2021-10-02,LTC/USD,166.28,173.6,164.64,169.11,9430714.867397679,55766.7486689
2021-10-01,LTC/USD,153.31,168.17,151.2,166.26,13226676.707518494,79554.17242583
2021-09-30,LTC/USD,144.82,154.76,143.96,153.19,11816163.932948472,77134.04225438
2021-09-29,LTC/USD,140.49,150.37,139.75,144.79,7944850.292096873,54871.54010703
2021-09-28,LTC/USD,145.03,149.0,140.11,140.68,11950437.893686177,84947.66771173
2021-09-27,LTC/USD,150.74,155.0,144.85,145.06,12227197.11634615,84290.6184775
2021-09-26,LTC/USD,151.13,153.53,142.06,150.88,22289069.943513326,147727.13377196
2021-09-25,LTC/USD,152.25,156.25,148.82,151.11,12181478.43682043,80613.31769453001
2021-09-24,LTC/USD,163.88,166.65,141.93,152.23,21091931.200471997,138553.05262085
2021-09-23,LTC/USD,161.48,165.0,157.21,164.1,8080365.569902476,49240.49707436
2021-09-22,LTC/USD,148.51,161.9,145.28,161.5,14076324.86462375,87159.9062825
2021-09-21,LTC/USD,157.25,162.4,144.81,148.44,20949712.840349123,141132.5305871
2021-09-20,LTC/USD,175.67,175.96,153.63,157.34,26457721.494370833,168156.35880495
2021-09-19,LTC/USD,181.36,181.69,172.55,175.64,9297730.12987515,52936.29087836
2021-09-18,LTC/USD,180.11,185.86,177.95,181.43,6968991.849868913,38411.46364917
2021-09-17,LTC/USD,185.39,190.69,177.65,179.99,17127195.671995882,95156.37353184
2021-09-16,LTC/USD,189.11,195.4,181.66,185.32,19681002.938630998,106200.10219421
2021-09-15,LTC/USD,183.14,191.99,179.81,189.13,12281051.898142949,64934.44666707
2021-09-14,LTC/USD,179.32,189.0,176.11,182.83,15607518.038856532,85366.28583305
2021-09-13,LTC/USD,183.0,236.49,170.82,179.25,54474912.25145603,303904.67085889
2021-09-12,LTC/USD,178.49,186.12,175.17,183.0,5039865.237171779,27540.24719766
2021-09-11,LTC/USD,174.25,186.0,173.43,178.39,7219122.158929022,40468.19978098
2021-09-10,LTC/USD,180.43,187.45,170.64,174.13,7358981.1707966635,42261.42060987
2021-09-09,LTC/USD,179.69,188.66,176.6,180.42,11698122.887416812,64838.28227146
2021-09-08,LTC/USD,178.38,188.75,169.0,179.76,35305514.41264731,196403.6182279
2021-09-07,LTC/USD,219.5,221.92,155.21,177.96,38670374.64321028,217298.1267881
2021-09-06,LTC/USD,232.42,232.48,215.19,219.43,21135714.858955193,96320.99010598
2021-09-05,LTC/USD,212.01,232.71,210.41,232.35,44915848.197081625,193311.16073631
2021-09-04,LTC/USD,213.02,225.21,208.44,211.65,17233224.142163802,81423.21824788
2021-09-03,LTC/USD,183.34,217.74,179.76,212.86,22657127.961548734,106441.45429648
2021-09-02,LTC/USD,180.83,187.95,179.43,183.36,10850729.267222486,59177.18841199
2021-09-01,LTC/USD,171.56,182.8,168.72,181.0,9483848.73807762,52396.95435402
2021-08-31,LTC/USD,167.4,175.4,165.66,171.58,5552441.89922872,32360.65916324
2021-08-30,LTC/USD,174.41,176.57,166.54,167.54,2865312.4991319473,17102.25915681
2021-08-29,LTC/USD,175.71,182.84,173.09,174.43,4834529.209563321,27716.15667926
2021-08-28,LTC/USD,176.41,177.25,171.31,175.59,2831108.5491583366,16123.40423235
2021-08-27,LTC/USD,167.64,176.43,165.09,176.36,3869934.141016627,21943.37798263
2021-08-26,LTC/USD,177.76,180.21,165.14,167.59,3970920.094277593,23694.25439631
2021-08-25,LTC/USD,173.39,179.07,169.17,177.61,3693759.8226502473,20797.02619588
2021-08-24,LTC/USD,187.19,188.7,172.28,173.57,12358861.896125412,71203.90560653
2021-08-23,LTC/USD,185.98,191.73,183.64,187.34,5179872.493350182,27649.58094027
2021-08-22,LTC/USD,179.77,189.84,178.54,185.98,6596191.867202598,35467.21081408
2021-08-21,LTC/USD,183.69,184.6,176.69,179.54,4284416.355303251,23863.29706641
2021-08-20,LTC/USD,175.89,184.16,174.24,183.68,5243130.568758433,28544.91816615
2021-08-19,LTC/USD,166.64,175.95,162.61,175.7,5667766.746068742,32258.20572606
2021-08-18,LTC/USD,168.73,174.66,163.03,166.63,4831398.830399486,28994.7718322
2021-08-17,LTC/USD,178.09,184.47,168.03,168.47,4540962.313227229,26954.1301907
2021-08-16,LTC/USD,184.82,189.35,176.74,178.09,8086380.834057089,45406.14764477
2021-08-15,LTC/USD,182.95,186.93,175.3,184.96,6041090.063383847,32661.60285134
2021-08-14,LTC/USD,183.49,185.12,174.58,182.97,5961104.667464075,32579.68337686
2021-08-13,LTC/USD,165.46,184.69,164.02,183.43,6381112.997459405,34787.72827487
2021-08-12,LTC/USD,170.65,179.6,160.66,165.44,4156785.1689556194,25125.63569243
2021-08-11,LTC/USD,165.41,175.96,164.26,170.76,5884642.652266452,34461.4819177
2021-08-10,LTC/USD,166.36,168.35,158.74,165.4,6659941.781633503,40265.66978013
2021-08-09,LTC/USD,149.64,170.82,145.17,166.5,8806696.570157759,52893.07249344
2021-08-08,LTC/USD,155.97,157.55,146.66,149.64,3247991.1048643123,21705.36691302
2021-08-07,LTC/USD,148.09,156.31,147.15,155.97,7286157.835033867,46715.12364579
2021-08-06,LTC/USD,143.68,150.93,141.94,147.87,2775906.0305857817,18772.61128414
2021-08-05,LTC/USD,142.61,145.22,136.12,143.42,2300499.140426584,16040.29521982
2021-08-04,LTC/USD,138.59,144.48,135.59,142.53,1504771.604436521,10557.57808487
2021-08-03,LTC/USD,141.4,143.19,135.77,138.49,1107373.6292035286,7996.05479965
2021-08-02,LTC/USD,140.34,145.9,138.9,141.38,1979929.007229718,14004.3075911
2021-08-01,LTC/USD,144.38,149.62,138.12,140.34,2605196.4370618397,18563.46328247
2021-07-31,LTC/USD,145.55,146.61,141.81,144.31,1551531.0238930322,10751.37567662
2021-07-30,LTC/USD,141.54,145.84,136.04,145.58,2378590.991805835,16338.72092187
2021-07-29,LTC/USD,140.55,143.18,136.74,141.52,1750320.0511143354,12368.00488351
2021-07-28,LTC/USD,134.91,142.0,132.35,140.46,3329333.7541705286,23703.07385854
2021-07-27,LTC/USD,131.2,135.25,127.42,134.91,2044742.3279976798,15156.34369578
2021-07-26,LTC/USD,127.83,140.44,127.08,131.11,5286430.596115289,40320.57505999
2021-07-25,LTC/USD,126.18,128.2,123.69,127.67,862942.8102500855,6759.16668168
2021-07-24,LTC/USD,124.25,127.92,123.43,126.12,2110096.52221374,16730.8636395
2021-07-23,LTC/USD,120.83,125.05,117.06,124.23,1835066.9382121894,14771.52811891
2021-07-22,LTC/USD,117.59,122.1,115.74,120.75,1469650.9555015573,12171.02240581
2021-07-21,LTC/USD,107.34,119.29,105.12,117.67,2989041.81785715,25401.90208088
2021-07-20,LTC/USD,113.2,115.14,104.0,107.32,2949230.7144007212,27480.71854641
2021-07-19,LTC/USD,119.32,120.87,112.02,113.11,2281102.037682059,20167.11199436
2021-07-18,LTC/USD,120.07,124.15,116.31,119.25,3843721.754862885,32232.46754602
2021-07-17,LTC/USD,120.71,123.06,117.86,119.97,1958581.9268802989,16325.5974567
2021-07-16,LTC/USD,125.88,127.88,120.4,120.71,1672430.2209440102,13854.94342593
2021-07-15,LTC/USD,131.03,133.16,122.0,126.0,2278565.15722416,18083.85045416
2021-07-14,LTC/USD,131.57,132.51,123.67,131.09,2175080.0676652943,16592.26537238
2021-07-13,LTC/USD,133.24,134.7,129.39,131.59,2560037.6080917083,19454.65163076
2021-07-12,LTC/USD,134.29,139.61,131.77,133.36,3296635.8731262255,24719.82508343
2021-07-11,LTC/USD,134.01,136.42,132.1,134.33,1093191.1854119992,8138.10158127
2021-07-10,LTC/USD,134.39,136.68,130.28,134.05,1617406.9128811406,12065.69871601
2021-07-09,LTC/USD,131.99,135.79,125.82,134.39,3024303.575446591,22503.93314567
2021-07-08,LTC/USD,137.47,137.85,127.5,132.21,6253678.676089576,47301.10185379
2021-07-07,LTC/USD,139.03,143.0,137.06,137.49,1527617.2514639832,11110.75170168
2021-07-06,LTC/USD,137.68,142.76,135.69,138.9,2716152.5233921083,19554.73378972
2021-07-05,LTC/USD,144.96,144.96,133.82,137.69,5828501.727254291,42330.61026403
2021-07-04,LTC/USD,140.31,148.1,136.94,144.86,4232344.902782217,29216.7948556
2021-07-03,LTC/USD,136.87,141.48,134.59,140.26,2103595.651256652,14997.8301102
2021-07-02,LTC/USD,137.09,138.98,130.62,136.97,2659859.097791136,19419.28230847
2021-07-01,LTC/USD,144.37,144.37,134.01,137.29,6040944.612675441,44001.34469135
2021-06-30,LTC/USD,144.32,146.95,139.55,144.25,4090506.2655139277,28357.06249923
2021-06-29,LTC/USD,137.73,149.31,137.23,144.21,3164677.0774335586,21944.92113885
2021-06-28,LTC/USD,132.77,139.6,130.08,137.44,3122030.3104346516,22715.58724123
2021-06-27,LTC/USD,127.02,132.81,124.8,132.75,5140831.680999428,38725.66238041
2021-06-26,LTC/USD,125.01,129.35,118.82,127.03,5719046.374862871,45021.22628405
2021-06-25,LTC/USD,134.74,138.49,124.3,125.0,5958098.26905,47664.7861524
2021-06-24,LTC/USD,129.21,137.3,123.82,134.64,3520269.2405904406,26145.79055697
2021-06-23,LTC/USD,119.87,133.72,115.66,129.24,5199774.153670321,40233.47379813
2021-06-22,LTC/USD,124.77,133.57,105.78,119.87,23075008.57756366,192500.28011649
2021-06-21,LTC/USD,155.24,155.63,124.4,124.98,16842311.87191956,134760.05658441
2021-06-20,LTC/USD,152.77,156.47,144.04,155.06,4682315.005686997,30196.79482579
2021-06-19,LTC/USD,156.38,160.94,152.58,152.79,1845100.2126057006,12076.05348914
2021-06-18,LTC/USD,166.94,167.33,151.25,156.33,3455334.94476305,22102.82699906
2021-06-17,LTC/USD,166.59,173.3,162.76,166.81,5615272.75965613,33662.68664742
2021-06-16,LTC/USD,175.03,177.28,164.21,166.59,4216433.907734428,25310.24615964
2021-06-15,LTC/USD,179.82,181.12,172.0,175.55,3908901.937254632,22266.60175024
2021-06-14,LTC/USD,170.88,179.86,166.5,179.84,4160784.98313497,23136.03749519
2021-06-13,LTC/USD,161.92,171.62,156.5,170.81,2712087.7613685364,15877.80435202
2021-06-12,LTC/USD,162.82,164.63,154.07,161.63,16145890.990206461,99894.14706556
2021-06-11,LTC/USD,168.22,173.71,160.57,162.94,3945009.0965983532,24211.42197495
2021-06-10,LTC/USD,172.53,174.53,162.17,168.09,5503101.286048373,32739.01651525
2021-06-09,LTC/USD,160.81,173.24,152.5,172.46,10510950.61151902,60947.17970265
2021-06-08,LTC/USD,161.87,164.51,145.12,160.62,10756167.227753267,66966.54979301
2021-06-07,LTC/USD,176.23,182.21,160.22,161.92,6378776.030318559,39394.61481175
2021-06-06,LTC/USD,173.03,180.0,172.3,176.24,2861066.697262562,16233.92361134
2021-06-05,LTC/USD,178.6,185.61,167.65,173.07,4507790.554771017,26046.05393639
2021-06-04,LTC/USD,193.49,193.59,168.98,178.55,9708310.349657666,54373.06272561
2021-06-03,LTC/USD,187.15,197.66,182.1,193.24,3977341.4220914585,20582.39195866
2021-06-02,LTC/USD,182.88,191.24,178.32,187.15,4375370.867556086,23378.95200404
2021-06-01,LTC/USD,188.01,193.17,175.86,182.88,5540956.648282066,30298.31938037
2021-05-31,LTC/USD,170.26,188.57,163.51,188.2,9416903.2929663,50036.6806215
2021-05-30,LTC/USD,163.86,180.86,154.88,170.63,6742177.352565186,39513.43463966
2021-05-29,LTC/USD,177.26,188.68,157.6,163.76,14583276.069899924,89052.73613764
2021-05-28,LTC/USD,194.18,199.06,165.52,177.41,16140340.04731404,90977.62272315
2021-05-27,LTC/USD,199.13,209.0,180.67,194.28,11161611.974588579,57451.16313871
2021-05-26,LTC/USD,183.86,204.4,179.67,199.13,10967280.607625024,55075.98356664
2021-05-25,LTC/USD,185.28,194.68,167.35,184.2,14699528.342465129,79801.99968765
2021-05-24,LTC/USD,142.73,185.46,140.01,185.46,38977895.45076009,210168.7450165
2021-05-23,LTC/USD,169.72,176.81,118.5,142.61,49186678.59179123,344903.43308177
2021-05-22,LTC/USD,180.5,185.19,162.27,169.75,21549061.03034018,126945.86763087
2021-05-21,LTC/USD,210.94,219.17,157.37,180.81,47132273.57844869,260672.93611221
2021-05-20,LTC/USD,186.32,224.89,167.0,210.99,135030035.4687271,639983.10568618
2021-05-19,LTC/USD,294.25,300.7,144.1,186.44,147738933.2038573,792420.79598722
2021-05-18,LTC/USD,281.51,318.0,278.41,294.14,44026279.44788804,149677.97459675
2021-05-17,LTC/USD,296.76,297.21,262.0,280.91,60611628.89949598,215768.85443557
2021-05-16,LTC/USD,300.61,325.02,280.72,297.01,35351510.124703474,119024.64605469
2021-05-15,LTC/USD,326.83,332.49,297.0,300.74,24499659.490726773,81464.5856578
2021-05-14,LTC/USD,318.49,339.1,308.47,326.62,27583571.239877086,84451.5683053
2021-05-13,LTC/USD,310.66,332.77,292.04,318.14,56103286.20157721,176347.79091462
2021-05-12,LTC/USD,378.1,394.08,302.0,311.07,64918654.13237672,208694.68007965
2021-05-11,LTC/USD,358.92,379.74,344.9,377.75,53396458.63869549,141353.96065836
2021-05-10,LTC/USD,388.07,413.46,334.0,359.05,81990873.45721927,228355.02982097
2021-05-09,LTC/USD,347.44,389.36,333.17,388.42,49494933.34754438,127426.32549185
2021-05-08,LTC/USD,344.86,356.56,334.44,347.24,28214927.807291698,81254.83183761
2021-05-07,LTC/USD,354.74,372.55,333.69,344.76,58387949.1550565,169358.24676603
2021-05-06,LTC/USD,356.4,365.24,318.51,354.49,67642429.11622463,190816.18414123
2021-05-05,LTC/USD,305.47,359.89,301.21,356.38,79644514.95886981,223481.99943563
2021-05-04,LTC/USD,294.45,327.66,270.93,305.65,87861415.39842853,287457.59986399
2021-05-03,LTC/USD,268.87,299.65,268.51,294.29,21216408.39973876,72093.54174365
2021-05-02,LTC/USD,276.79,277.24,264.75,269.04,7997304.043235389,29725.33468345
2021-05-01,LTC/USD,270.92,277.99,265.8,276.6,9177428.206257632,33179.422293050004
2021-04-30,LTC/USD,255.36,273.24,252.55,270.94,9904606.005446628,36556.45532386
2021-04-29,LTC/USD,258.53,262.73,248.45,255.31,17819812.42017072,69796.76636313
2021-04-28,LTC/USD,259.94,266.74,248.63,258.7,11990615.508395381,46349.49945263
2021-04-27,LTC/USD,247.71,263.24,244.04,259.67,12332365.338740889,47492.45326276
2021-04-26,LTC/USD,224.06,248.48,221.46,247.81,14598533.359193277,58910.18667202
2021-04-25,LTC/USD,225.24,236.16,211.46,223.65,11569606.002403628,51730.85625935
2021-04-24,LTC/USD,241.41,241.61,221.04,225.38,10430757.05901165,46280.75720566
2021-04-23,LTC/USD,252.66,257.27,207.0,241.63,58035359.73793569,240182.75767883
2021-04-22,LTC/USD,257.47,289.6,239.36,253.01,50560380.4920893,199835.50251804
2021-04-21,LTC/USD,260.74,276.78,250.82,257.51,29169551.401016835,113275.41222095
2021-04-20,LTC/USD,261.24,272.95,234.93,260.74,32784602.772000328,125736.75988341
2021-04-19,LTC/USD,273.56,281.99,250.48,261.13,32659813.98539824,125071.09097154
2021-04-18,LTC/USD,300.27,304.49,226.63,273.78,96693627.77327047,353180.02693137
2021-04-17,LTC/USD,308.01,335.36,296.86,300.65,89409708.49698798,297388.02094458
2021-04-16,LTC/USD,286.01,316.57,264.24,308.0,121332660.27412069,393937.20868221
2021-04-15,LTC/USD,278.97,291.0,266.02,286.01,31211012.098193623,109125.59735042
2021-04-14,LTC/USD,267.19,282.77,255.05,278.57,47343716.570286244,169952.67462499999
2021-04-13,LTC/USD,244.99,272.96,244.37,267.06,36683260.00652233,137359.61958557
2021-04-12,LTC/USD,252.76,258.98,239.31,244.79,27158387.71857814,110945.65839527
2021-04-11,LTC/USD,256.58,263.33,244.7,252.43,36102194.75325298,143018.63785308
2021-04-10,LTC/USD,221.16,256.61,219.26,256.25,49257477.826686874,192224.3037139
2021-04-09,LTC/USD,226.33,229.04,218.94,221.03,14628558.633040888,66183.58880261
2021-04-08,LTC/USD,218.99,228.24,217.01,226.39,19715034.80798819,87084.38892172
2021-04-07,LTC/USD,237.14,242.99,211.0,219.43,53708615.85309434,244764.23393836
2021-04-06,LTC/USD,221.44,244.41,213.0,237.03,66286953.974127494,279656.38937741
2021-04-05,LTC/USD,202.43,225.53,198.12,221.39,32476748.322685905,146694.73925058
2021-04-04,LTC/USD,195.12,204.86,192.35,202.46,10312983.372335484,50938.37485101
2021-04-03,LTC/USD,211.44,217.73,194.82,195.21,20191147.318880863,103432.95588792
2021-04-02,LTC/USD,202.87,213.67,200.75,211.43,19813579.32429033,93712.24199163
2021-04-01,LTC/USD,196.8,204.99,194.25,202.74,13295014.54168841,65576.67229796
2021-03-31,LTC/USD,196.06,199.18,187.26,196.72,8894084.129772145,45211.89573898
2021-03-30,LTC/USD,193.92,200.48,190.46,196.14,8407254.667880703,42863.53965474
2021-03-29,LTC/USD,184.18,197.62,182.51,193.77,12081122.305778682,62347.7437466
2021-03-28,LTC/USD,184.15,187.42,180.27,184.2,2987234.91051141,16217.34479105
2021-03-27,LTC/USD,183.36,186.23,177.72,184.15,3555262.7789879707,19306.34145527
2021-03-26,LTC/USD,171.76,183.78,171.63,183.33,6186103.461002923,33742.99602358
2021-03-25,LTC/USD,176.04,178.23,167.73,171.83,10825876.519537212,63003.41337099
2021-03-24,LTC/USD,185.79,197.0,171.58,176.13,14721780.743391432,83584.74276609
2021-03-23,LTC/USD,185.66,189.3,181.01,185.8,5532058.937725427,29774.26769497
2021-03-22,LTC/USD,195.26,198.98,184.51,185.66,9055564.94667004,48774.99163347
2021-03-21,LTC/USD,199.94,201.83,192.18,195.57,7560905.636712331,38660.86637374
2021-03-20,LTC/USD,199.94,206.5,199.0,199.99,5457499.401735483,27288.86145175
2021-03-19,LTC/USD,199.81,204.99,195.53,200.13,4757768.437969268,23773.38948668
2021-03-18,LTC/USD,205.56,208.35,198.98,199.65,13269924.51910455,66465.937987
2021-03-17,LTC/USD,201.58,206.88,194.01,205.58,10013460.633789707,48708.34046984
2021-03-16,LTC/USD,200.89,204.94,191.63,201.58,13034309.706325412,64660.72877431
2021-03-15,LTC/USD,213.72,222.47,197.88,200.76,22184712.523431443,110503.6487519
2021-03-14,LTC/USD,226.22,228.09,213.64,213.69,8261395.9713101955,38660.65782821
2021-03-13,LTC/USD,221.24,229.98,212.38,226.22,18390564.583571058,81295.04280599
2021-03-12,LTC/USD,201.74,224.5,198.66,221.0,38090580.53520902,172355.56803262
2021-03-11,LTC/USD,200.63,204.0,191.22,201.74,23299728.692162044,115493.84699198
2021-03-10,LTC/USD,204.2,208.29,191.76,200.37,19796314.966525488,98798.79705807
2021-03-09,LTC/USD,192.01,205.25,189.3,204.21,18381667.01811952,90013.54986592
2021-03-08,LTC/USD,191.0,195.35,179.69,192.01,23313465.4270267,121417.97524622
2021-03-07,LTC/USD,182.93,192.19,182.28,190.63,8541002.188079862,44804.08219105
2021-03-06,LTC/USD,180.57,184.99,174.85,182.71,10171132.28846062,55668.17518724
2021-03-05,LTC/USD,180.79,183.73,168.85,180.52,18967502.801985636,105071.47574776
2021-03-04,LTC/USD,187.91,194.54,177.14,180.76,11233327.419273116,62144.98461647
2021-03-03,LTC/USD,179.3,196.64,177.13,187.76,15698834.126132786,83611.17451072
2021-03-02,LTC/USD,176.02,185.43,171.01,179.16,10138252.124799667,56587.69884349
2021-03-01,LTC/USD,165.77,176.45,163.89,175.93,8741022.256660344,49684.66012994
2021-02-28,LTC/USD,171.95,173.19,153.0,165.85,17745874.960781068,106999.54754767
2021-02-27,LTC/USD,170.16,180.35,167.28,172.2,10727978.49703398,62299.5266959
2021-02-26,LTC/USD,179.58,182.99,162.56,170.46,29862380.76451546,175187.0278336
2021-02-25,LTC/USD,181.4,205.26,175.26,179.7,34535350.74030745,192183.36527717
2021-02-24,LTC/USD,177.41,189.47,168.82,181.56,20983745.895538803,115574.71852577
2021-02-23,LTC/USD,207.9,208.52,155.43,177.41,72408922.89986724,408144.54032956
2021-02-22,LTC/USD,226.99,227.24,178.93,207.33,53843710.16532806,259700.52652934
2021-02-21,LTC/USD,226.18,233.43,219.85,227.0,26184806.46074909,115351.57031167
2021-02-20,LTC/USD,236.49,246.49,213.73,226.32,42381892.662096255,187265.34403542
2021-02-19,LTC/USD,226.86,241.89,220.0,236.32,31931068.660376344,135117.92764208
2021-02-18,LTC/USD,237.26,239.14,220.89,226.58,31399235.093518086,138579.02327442
2021-02-17,LTC/USD,210.59,237.26,203.58,237.25,44233640.582176074,186443.16367619
2021-02-16,LTC/USD,208.47,222.71,200.0,210.07,30612363.47141883,145724.5845262
2021-02-15,LTC/USD,213.67,220.24,185.5,207.63,45386355.55840837,218592.47487554
2021-02-14,LTC/USD,226.05,230.82,208.23,213.67,32151979.726368446,150474.93670786
2021-02-13,LTC/USD,196.71,228.84,192.08,226.05,88135132.00451377,389892.20086049
2021-02-12,LTC/USD,183.85,199.86,176.77,196.56,37806511.38593828,192340.81901678
2021-02-11,LTC/USD,181.83,193.58,175.8,183.8,24335901.095209222,132404.2497019
2021-02-10,LTC/USD,181.82,195.43,170.0,181.74,43605250.72550695,239932.04977169
2021-02-09,LTC/USD,167.77,184.51,164.26,181.67,32018773.722626068,176246.89669525
2021-02-08,LTC/USD,150.87,169.53,147.79,167.78,28757096.89440654,171397.64509719
2021-02-07,LTC/USD,155.71,157.39,144.84,150.81,15483959.878224742,102671.97054721
2021-02-06,LTC/USD,154.94,164.19,149.68,155.55,18159419.714623664,116743.2961403
2021-02-05,LTC/USD,145.09,156.96,143.5,154.96,12702940.398941893,81975.60918264
2021-02-04,LTC/USD,156.13,158.9,141.17,145.03,11852963.527248178,81727.66687753
2021-02-03,LTC/USD,142.34,156.71,142.27,156.18,19852571.665429994,127113.4054644
2021-02-02,LTC/USD,132.1,146.23,132.01,142.29,17581636.451759756,123561.99628758
2021-02-01,LTC/USD,129.44,136.79,126.02,132.13,9046912.811346212,68469.78590287
2021-01-31,LTC/USD,133.52,135.17,125.79,129.58,5315665.105486105,41022.26505237
2021-01-30,LTC/USD,134.78,136.43,127.95,133.46,8331123.234326009,62424.12134217
2021-01-29,LTC/USD,133.13,146.0,131.58,134.96,18536000.99053906,137344.40567975
2021-01-28,LTC/USD,122.51,135.84,120.82,133.1,9828402.377462724,73842.24175404
2021-01-27,LTC/USD,134.81,135.14,118.24,122.62,13879980.514709,113195.07841061
2021-01-26,LTC/USD,137.13,139.83,128.47,134.82,12183046.77087448,90365.27793261
2021-01-25,LTC/USD,141.26,147.96,136.68,137.03,12432497.597762244,90728.29013911
2021-01-24,LTC/USD,137.65,142.94,134.1,141.17,6357702.101695902,45035.7873606
2021-01-23,LTC/USD,137.88,143.97,135.22,137.73,5230724.779499859,37978.10774341
2021-01-22,LTC/USD,129.76,142.14,123.0,138.06,19313017.059040967,139888.57785775
2021-01-21,LTC/USD,149.77,150.24,125.74,129.73,26782317.437450416,206446.60014993
2021-01-20,LTC/USD,151.74,156.25,138.17,149.92,20613881.233881228,137499.20780337
2021-01-19,LTC/USD,152.31,166.69,150.46,151.93,22700263.99799921,149412.65054959
2021-01-18,LTC/USD,143.03,155.0,138.67,152.06,16103535.42674746,105902.50839634
2021-01-17,LTC/USD,143.62,147.13,136.27,143.05,6635512.792640411,46385.96849102
2021-01-16,LTC/USD,143.61,152.82,139.11,143.7,11690148.802210588,81351.0703007
2021-01-15,LTC/USD,152.3,155.47,130.38,143.91,16532715.041802788,114882.32257524
2021-01-14,LTC/USD,147.33,156.84,143.31,152.59,17385178.309096072,113933.92954385
2021-01-13,LTC/USD,133.51,148.38,125.95,147.26,17577211.290075198,119361.74989865
2021-01-12,LTC/USD,139.02,147.35,128.0,133.79,35022389.28276082,261771.35273758
2021-01-11,LTC/USD,170.3,170.78,112.75,139.02,100995030.87980759,726478.42669981
2021-01-10,LTC/USD,177.43,185.75,162.14,170.28,36078678.013459675,211878.54130526
2021-01-09,LTC/USD,172.05,179.19,163.09,177.38,22959685.104693685,129437.84589409
2021-01-08,LTC/USD,169.07,181.58,149.55,172.0,43985559.90928032,255729.99947256
2021-01-07,LTC/USD,169.26,181.26,160.86,169.29,65581185.114698544,387389.59840923
2021-01-06,LTC/USD,158.67,169.71,155.11,168.84,39141262.75039339,231824.58392794
2021-01-05,LTC/USD,155.39,162.97,146.28,158.61,29726409.517694484,187418.25558095
2021-01-04,LTC/USD,160.88,173.47,139.53,155.35,51774293.25822633,333275.14166866
2021-01-03,LTC/USD,136.98,164.73,135.36,161.27,65853626.13352197,408343.93336344
2021-01-02,LTC/USD,126.32,142.18,123.27,136.92,32818933.44349271,239694.22614295
