Datetime,Symbol_Pair,Open,High,Low,Close,Volume_USD,Volume_in_SOL
2022-12-27,SOL/USD,11.369,11.442,10.716,11.095,1048297.4020694274,94483.76764934
2022-12-26,SOL/USD,11.399,11.508,11.071,11.333,533621.2859178862,47085.61598146
2022-12-25,SOL/USD,11.456,11.559,11.248,11.389,276239.1593116736,24254.909062400002
2022-12-24,SOL/USD,11.796,11.808,11.124,11.456,997916.7472753972,87108.65461552
2022-12-23,SOL/USD,11.833,12.124,11.75,11.796,362196.59227586206,30705.03495048
2022-12-22,SOL/USD,12.138,12.192,11.684,11.833,552824.760018417,46718.90137906
2022-12-21,SOL/USD,12.261,12.29,11.911,12.157,332059.1567760526,27314.23515473
2022-12-20,SOL/USD,11.939,12.488,11.847,12.27,378144.82936561346,30818.64950005
2022-12-19,SOL/USD,12.398,12.587,11.681,11.945,545677.0798284272,45682.467963869996
2022-12-18,SOL/USD,12.531,12.614,12.271,12.368,331067.3055670864,26768.0551073
2022-12-17,SOL/USD,12.245,12.553,11.928,12.52,503597.26191689074,40223.42347579
2022-12-16,SOL/USD,14.062,14.169,12.016,12.248,1615844.0821974515,131927.17849424
2022-12-15,SOL/USD,14.123,14.535,13.886,14.068,1467433.401950541,104310.02288531
2022-12-14,SOL/USD,13.897,14.952,13.822,14.129,1609387.2649956928,113906.66466103
2022-12-13,SOL/USD,13.339,14.246,12.774,13.909,986811.5213078448,70947.69726852
2022-12-12,SOL/USD,13.412,13.51,12.826,13.324,700621.1998673568,52583.39836891
2022-12-11,SOL/USD,13.562,13.81,13.391,13.428,298878.77981404547,22257.87755541
2022-12-10,SOL/USD,13.576,13.737,13.547,13.575,82886.542275555,6105.8226354
2022-12-09,SOL/USD,13.715,14.042,13.521,13.598,504261.36736299796,37083.49517304
2022-12-08,SOL/USD,13.488,13.784,13.273,13.694,871677.3519391103,63653.96173062
2022-12-07,SOL/USD,14.326,14.345,13.43,13.5,477316.73265916493,35356.795011789996
2022-12-06,SOL/USD,13.837,14.377,13.833,14.299,886909.0322855607,62025.94812823
2022-12-05,SOL/USD,13.701,14.172,13.606,13.824,1059896.9040746342,76670.78299151
2022-12-04,SOL/USD,13.29,13.768,13.282,13.713,265585.96273297473,19367.45881521
2022-12-03,SOL/USD,13.726,13.76,13.208,13.309,410343.61220757203,30832.03938745
2022-12-02,SOL/USD,13.484,13.817,13.311,13.709,684153.1178535149,49905.3992161
2022-12-01,SOL/USD,14.177,14.205,13.398,13.504,893391.141109968,66157.51933575
2022-11-30,SOL/USD,13.352,14.335,13.229,14.183,1560291.807790717,110011.40857299
2022-11-29,SOL/USD,13.33,13.974,13.144,13.333,890010.7702222071,66752.47657858
2022-11-28,SOL/USD,14.115,14.158,12.775,13.348,2751022.4698187998,206099.97526362
2022-11-27,SOL/USD,14.179,14.454,14.051,14.138,579457.1104512799,40985.79080855
2022-11-26,SOL/USD,14.019,14.975,13.972,14.165,886970.294675126,62617.03456937
2022-11-25,SOL/USD,14.61,14.613,13.898,14.019,707903.4179568297,50495.99956893
2022-11-24,SOL/USD,14.367,14.949,13.842,14.607,2944052.4326701676,201550.79295339
2022-11-23,SOL/USD,12.462,14.66,12.403,14.358,8386109.813113235,584072.28117518
2022-11-22,SOL/USD,11.833,12.52,10.942,12.439,3409373.7860240694,274087.44963615
2022-11-21,SOL/USD,12.263,12.294,11.274,11.852,1588630.7483588601,134039.04390473
2022-11-20,SOL/USD,12.834,13.632,12.117,12.262,1870893.404294067,152576.52946453
2022-11-19,SOL/USD,13.266,13.266,12.586,12.824,883871.5032927898,68923.23013824
2022-11-18,SOL/USD,13.649,13.871,12.991,13.262,779437.3302523806,58772.23120588
2022-11-17,SOL/USD,14.259,14.492,12.87,13.626,3558807.727261927,261177.72840613
2022-11-16,SOL/USD,14.293,14.605,13.626,14.258,2022323.0851889683,141837.78125887
2022-11-15,SOL/USD,13.999,15.1,13.872,14.303,2594080.6757766195,181366.19420937
2022-11-14,SOL/USD,13.219,15.085,12.117,14.03,3381389.7517132144,241011.38643715
2022-11-13,SOL/USD,14.565,14.758,13.146,13.185,1998673.8812632512,151586.94586752
2022-11-12,SOL/USD,16.504,16.579,14.471,14.571,1477814.579587711,101421.6306079
2022-11-11,SOL/USD,17.567,18.292,15.037,16.499,2374337.3488979093,143907.95496078
2022-11-10,SOL/USD,13.979,18.788,12.406,17.63,6493708.331529643,368332.86055188
2022-11-09,SOL/USD,24.248,24.249,11.57,13.983,7799496.251550281,557784.1844776
2022-11-08,SOL/USD,29.656,31.752,19.405,24.159,12214223.748988753,505576.54493103
2022-11-07,SOL/USD,32.654,33.162,28.1,29.647,4978546.243900197,167927.48824165
2022-11-06,SOL/USD,36.911,37.109,32.322,32.676,4616537.56469145,141282.21216463
2022-11-05,SOL/USD,33.781,38.822,33.693,36.803,6187537.639481349,168125.90385244
2022-11-04,SOL/USD,30.889,34.241,30.708,33.797,1697668.544556406,50231.33841928
2022-11-03,SOL/USD,30.83,32.248,30.632,30.894,1379948.8291649155,44667.21140561
2022-11-02,SOL/USD,32.249,32.953,30.258,30.809,2513174.7331779944,81572.74605401
2022-11-01,SOL/USD,32.582,33.409,32.15,32.25,572568.6168806475,17754.06563971
2022-10-31,SOL/USD,33.025,34.419,32.218,32.582,1435596.0055522036,44061.01545492
2022-10-30,SOL/USD,32.907,33.578,31.956,32.977,1298009.5755199653,39361.05696455
2022-10-29,SOL/USD,32.106,33.905,31.898,32.903,1689378.360948111,51344.20450865
2022-10-28,SOL/USD,30.575,32.641,30.136,32.081,1286548.839260263,40103.14015337
2022-10-27,SOL/USD,31.317,32.398,30.5,30.594,2777127.538393485,90773.60065351
2022-10-26,SOL/USD,30.899,32.164,30.673,31.314,1827760.563300954,58368.79872584
2022-10-25,SOL/USD,28.346,32.346,28.068,30.897,2256409.5061207907,73030.05165941
2022-10-24,SOL/USD,29.363,29.524,28.185,28.32,1293173.49792,45662.906
2022-10-23,SOL/USD,28.051,29.473,27.741,29.3,925413.3938738321,31584.07487624
2022-10-22,SOL/USD,28.12,28.254,27.494,28.03,679517.3247013945,24242.50177315
2022-10-21,SOL/USD,28.039,28.3,26.857,28.11,1104678.3798891848,39298.41266059
2022-10-20,SOL/USD,28.873,29.478,28.001,28.016,1212416.8615013778,43275.87312612
2022-10-19,SOL/USD,30.171,30.26,28.629,28.87,862042.1584410853,29859.44435196
2022-10-18,SOL/USD,31.219,31.49,29.729,30.133,648255.5032491339,21513.14184612
2022-10-17,SOL/USD,30.163,31.309,29.868,31.22,465836.559377049,14921.09415045
2022-10-16,SOL/USD,29.609,30.551,29.609,30.191,530023.0037375866,17555.66240726
2022-10-15,SOL/USD,30.013,30.209,29.408,29.58,362156.18464172154,12243.27872352
2022-10-14,SOL/USD,30.499,32.0,29.615,30.013,777649.0797819396,25910.4081492
2022-10-13,SOL/USD,31.145,31.19,27.881,30.49,2365585.711405249,77585.62516908
2022-10-12,SOL/USD,30.799,31.418,30.7,31.18,349263.7447229688,11201.53126116
2022-10-11,SOL/USD,31.954,31.954,30.41,30.804,638767.8713199171,20736.523546290002
2022-10-10,SOL/USD,32.936,33.46,31.86,31.946,391923.80474579736,12268.32169116
2022-10-09,SOL/USD,32.571,33.136,32.456,32.919,174980.12234270794,5315.47502484
2022-10-08,SOL/USD,32.998,33.07,32.371,32.589,141754.4519489546,4349.76378376
2022-10-07,SOL/USD,33.346,33.768,32.423,32.998,1728029.6160563093,52367.707620350004
2022-10-06,SOL/USD,34.026,34.481,33.242,33.36,550592.5709728776,16504.57347041
2022-10-05,SOL/USD,34.117,34.362,33.19,34.029,681524.9075893883,20027.76771546
2022-10-04,SOL/USD,32.893,34.385,32.855,34.13,920856.1315865684,26980.84182791
2022-10-03,SOL/USD,32.089,33.24,31.721,32.89,830019.7807818773,25236.23535366
2022-10-02,SOL/USD,32.434,33.023,31.895,32.073,554877.1568648076,17300.44451298
2022-10-01,SOL/USD,33.251,33.251,32.332,32.431,305355.47804356966,9415.54309283
2022-09-30,SOL/USD,33.954,35.211,32.631,33.248,2743487.4515777156,82515.86415958
2022-09-29,SOL/USD,33.255,34.4,32.622,33.938,931195.9220899969,27438.149628440002
2022-09-28,SOL/USD,32.697,33.805,31.657,33.24,736865.0352732781,22168.02151845
2022-09-27,SOL/USD,33.919,35.47,32.097,32.71,1207486.6178951955,36914.90730343
2022-09-26,SOL/USD,32.336,33.972,31.88,33.892,612128.252751995,18061.14282875
2022-09-25,SOL/USD,33.409,34.06,31.909,32.298,451904.10822295834,13991.70562335
2022-09-24,SOL/USD,33.695,34.82,33.142,33.409,1077201.7542097175,32242.86133107
2022-09-23,SOL/USD,32.422,33.975,31.242,33.69,600418.9091432937,17821.87323073
2022-09-22,SOL/USD,30.669,32.846,30.603,32.426,323173.2709801559,9966.48587492
2022-09-21,SOL/USD,31.442,33.472,30.021,30.722,1691392.7661969701,55054.77397946
2022-09-20,SOL/USD,32.635,32.91,31.314,31.421,469746.0902005677,14950.0681137
2022-09-19,SOL/USD,31.124,33.108,30.461,32.648,1224976.2255625848,37520.71261831
2022-09-18,SOL/USD,33.693,34.0,30.79,31.111,1067225.9526148613,34303.81384767
2022-09-17,SOL/USD,32.267,33.9,32.251,33.72,640596.6629872248,18997.52855834
2022-09-16,SOL/USD,33.111,33.274,31.482,32.263,782877.7557040086,24265.49780566
2022-09-15,SOL/USD,34.075,34.878,32.467,33.095,1331121.423980268,40221.2244744
2022-09-14,SOL/USD,32.98,34.338,32.716,34.129,479739.72931344,14056.65941907
2022-09-13,SOL/USD,37.451,38.949,32.949,32.997,2049458.67450539,62110.45472332
2022-09-12,SOL/USD,34.981,38.409,34.429,37.469,1647201.619382304,43961.71820391
2022-09-11,SOL/USD,35.043,35.99,34.032,34.987,446987.3101304841,12775.81130507
2022-09-10,SOL/USD,34.71,35.415,34.282,35.03,765113.5508911163,21841.66574054
2022-09-09,SOL/USD,33.65,35.942,33.636,34.73,1362023.5113579712,39217.49240881
2022-09-08,SOL/USD,32.702,34.0,31.991,33.616,1571493.5264559556,46748.37953522
2022-09-07,SOL/USD,30.88,32.988,30.275,32.678,1757654.1014789145,53787.07697775
2022-09-06,SOL/USD,32.178,33.898,30.429,30.88,1370709.4031006382,44388.25787243
2022-09-05,SOL/USD,32.182,32.505,31.159,32.176,295029.12256878754,9169.22931902
2022-09-04,SOL/USD,31.13,32.2,31.014,32.115,738260.7810417125,22988.03615263
2022-09-03,SOL/USD,31.22,31.278,30.794,31.13,456021.80458094366,14648.94971349
2022-09-02,SOL/USD,31.58,32.37,30.783,31.243,743923.8827688344,23810.89788973
2022-09-01,SOL/USD,31.429,31.789,30.46,31.604,310833.2729857763,9835.25101208
2022-08-31,SOL/USD,31.535,33.042,31.181,31.509,796131.0798917874,25266.78345526
2022-08-30,SOL/USD,32.444,33.156,30.693,31.436,636363.4543443128,20243.1433498
2022-08-29,SOL/USD,30.425,32.669,30.009,32.444,600957.4192088002,18522.91391964
2022-08-28,SOL/USD,31.472,32.24,30.231,30.412,469024.145118735,15422.33806125
2022-08-27,SOL/USD,31.737,32.279,30.926,31.515,461000.14648357726,14627.95959015
2022-08-26,SOL/USD,35.252,35.782,31.387,31.739,867444.8015707693,27330.56496962
2022-08-25,SOL/USD,34.899,36.5,34.862,35.299,536464.3897668289,15197.72202518
2022-08-24,SOL/USD,35.615,36.371,34.31,34.899,569531.3122993645,16319.41638154
2022-08-23,SOL/USD,35.381,36.098,34.219,35.631,688962.0907428414,19336.03016314
2022-08-22,SOL/USD,36.461,36.534,33.794,35.464,831233.4052473994,23438.79441821
2022-08-21,SOL/USD,35.303,37.031,34.475,36.472,1368652.1219930733,37526.10556024
2022-08-20,SOL/USD,35.812,37.269,34.197,35.31,1499806.0253328173,42475.39012554
2022-08-19,SOL/USD,39.505,39.543,35.057,35.809,3532914.5442350074,98659.96102195
2022-08-18,SOL/USD,40.524,41.636,39.317,39.522,778317.7559035948,19693.27857658
2022-08-17,SOL/USD,43.08,44.687,40.167,40.532,1450881.6943370057,35795.956141740004
2022-08-16,SOL/USD,43.73,44.3,42.543,43.15,960018.838292598,22248.40876692
2022-08-15,SOL/USD,44.823,47.246,42.771,43.737,1523535.118418087,34834.01052697
2022-08-14,SOL/USD,46.594,48.073,44.39,44.798,1638767.0606751244,36581.25498181
2022-08-13,SOL/USD,45.471,48.431,45.262,46.528,2117422.615266922,45508.56721258
2022-08-12,SOL/USD,42.842,45.5,42.135,45.428,1368319.4532330558,30120.61841228
2022-08-11,SOL/USD,42.467,45.295,42.371,42.745,3217722.0146699524,75277.15556603001
2022-08-10,SOL/USD,40.301,42.849,39.144,42.473,2983033.5869726287,70233.6445971
2022-08-09,SOL/USD,42.196,42.745,39.757,40.321,4107292.9852109626,101864.85913571
2022-08-08,SOL/USD,40.582,43.772,40.581,42.269,1759945.3365142264,41636.78668798
2022-08-07,SOL/USD,40.045,41.556,39.159,40.585,689933.8237858992,16999.72462205
2022-08-06,SOL/USD,40.578,40.867,39.81,40.047,431799.03706926794,10782.30671634
2022-08-05,SOL/USD,38.889,41.339,38.715,40.6,1237255.3849767582,30474.27056593
2022-08-04,SOL/USD,38.52,39.85,37.967,38.784,1490556.9701166067,38432.26511233
2022-08-03,SOL/USD,39.751,41.01,37.454,38.601,4777839.850296862,123775.02785671
2022-08-02,SOL/USD,41.655,42.438,39.484,39.755,1577541.405067719,39681.5848338
2022-08-01,SOL/USD,42.318,43.25,40.58,41.655,2059187.129575732,49434.33272298
2022-07-31,SOL/USD,43.837,45.131,42.21,42.411,1533162.6998362073,36150.11906902
2022-07-30,SOL/USD,41.93,46.66,41.413,43.837,2455936.345635746,56024.27961849
2022-07-29,SOL/USD,42.933,44.442,41.155,41.892,1951600.1722893282,46586.46453474
2022-07-28,SOL/USD,40.24,44.16,39.03,42.927,3068976.5753654577,71492.91996565
2022-07-27,SOL/USD,36.295,40.487,35.687,40.223,1849337.8949685423,45977.12490288
2022-07-26,SOL/USD,36.674,36.827,34.668,36.355,1573373.3085860398,43278.04452169
2022-07-25,SOL/USD,40.934,41.084,36.548,36.607,2438347.5564728314,66608.77855254
2022-07-24,SOL/USD,39.957,42.092,39.461,40.963,1339753.804776145,32706.43763338
2022-07-23,SOL/USD,40.523,41.95,38.6,39.957,1928415.8136225883,48262.27728865
2022-07-22,SOL/USD,43.1,44.306,40.048,40.518,2812372.795440319,69410.45450023
2022-07-21,SOL/USD,41.983,44.066,39.626,43.109,3099198.7006465006,71892.15014606
2022-07-20,SOL/USD,44.863,46.336,41.285,41.984,2679016.852129321,63810.42425994
2022-07-19,SOL/USD,43.56,47.69,42.521,44.891,5487737.3133930545,122245.82462839
2022-07-18,SOL/USD,38.583,44.041,38.548,43.485,3680389.275077379,84635.83477239
2022-07-17,SOL/USD,39.625,41.115,38.278,38.596,1448390.2667812651,37526.95270964
2022-07-16,SOL/USD,37.366,40.455,36.347,39.659,1791920.5595206546,45183.20077462
2022-07-15,SOL/USD,37.137,39.11,36.508,37.396,1029141.7422040245,27520.1022089
2022-07-14,SOL/USD,34.915,37.3,33.552,37.129,2619526.071045783,70552.02324452
2022-07-13,SOL/USD,32.651,35.053,31.8,34.97,2585100.6140410034,73923.38044155
2022-07-12,SOL/USD,33.397,34.557,32.546,32.618,1220647.5399587469,37422.51333493
2022-07-11,SOL/USD,36.7,36.73,33.222,33.444,1266580.0796755785,37871.66845101
2022-07-10,SOL/USD,37.994,38.075,36.267,36.703,1066846.519522841,29067.01140296
2022-07-09,SOL/USD,38.07,38.92,37.791,38.069,677935.5591045123,17808.07373728
2022-07-08,SOL/USD,38.444,39.679,36.444,38.146,2725051.3803720814,71437.40838809
2022-07-07,SOL/USD,37.035,39.2,36.38,38.495,1443829.5720780445,37506.93783811
2022-07-06,SOL/USD,35.388,37.601,34.791,37.034,1721774.015245555,46491.71073191
2022-07-05,SOL/USD,36.731,36.97,33.1,35.445,2528743.989912396,71342.75609853
2022-07-04,SOL/USD,33.342,36.947,32.438,36.671,1998436.865012875,54496.38310962
2022-07-03,SOL/USD,33.33,33.71,32.132,33.412,617785.7219179176,18489.93540997
2022-07-02,SOL/USD,32.862,34.159,31.859,33.321,1161204.6463894127,34849.03353409
2022-07-01,SOL/USD,33.776,35.362,31.859,32.883,2255967.016947429,68605.87589172
2022-06-30,SOL/USD,34.058,34.21,30.869,33.869,3040519.2866110415,89772.92765098
2022-06-29,SOL/USD,35.304,36.119,33.08,34.069,2849547.1234966954,83640.4685637
2022-06-28,SOL/USD,38.46,39.9,35.047,35.308,2896839.4989035428,82044.84816199
2022-06-27,SOL/USD,39.4,41.25,37.872,38.46,4556984.293486025,118486.33108388
2022-06-26,SOL/USD,42.199,42.644,39.21,39.458,2851843.887248644,72275.42924752
2022-06-25,SOL/USD,41.895,42.611,39.731,42.258,1784167.9463345676,42220.83265499
2022-06-24,SOL/USD,38.118,42.907,37.65,41.921,7888755.925996894,188181.48245502
2022-06-23,SOL/USD,34.066,38.577,33.85,38.063,2913898.118971045,76554.60996167
2022-06-22,SOL/USD,36.39,36.769,33.583,34.068,3417964.659161144,100327.71689447999
2022-06-21,SOL/USD,35.233,39.19,34.21,36.289,3824525.275431768,105390.75960847
2022-06-20,SOL/USD,34.15,36.83,31.722,35.233,7175006.9524029335,203644.50805787
2022-06-19,SOL/USD,31.994,35.39,28.695,34.204,5096336.083886253,148998.24827173
2022-06-18,SOL/USD,30.618,32.04,27.129,32.009,7473961.668396059,233495.63149102
2022-06-17,SOL/USD,30.099,32.149,29.264,30.629,3494835.1827995526,114102.16405366
2022-06-16,SOL/USD,34.757,36.0,29.562,29.998,4509222.137590904,150317.42574808
2022-06-15,SOL/USD,29.592,34.96,26.766,34.756,5344170.647714004,153762.53446064
2022-06-14,SOL/USD,28.656,32.222,25.82,29.558,5403716.636812458,182817.397551
2022-06-13,SOL/USD,30.645,31.169,26.12,28.66,7825039.224606076,273029.97992345
2022-06-12,SOL/USD,33.891,34.56,30.621,30.63,3828205.285295648,124982.21630087
2022-06-11,SOL/USD,37.169,37.959,33.176,33.916,2186027.609384645,64454.16940042
2022-06-10,SOL/USD,39.947,40.953,36.804,37.174,2794333.6688632322,75169.03397168
2022-06-09,SOL/USD,38.903,41.955,38.5,39.986,1985479.382006716,49654.36357742
2022-06-08,SOL/USD,39.343,40.959,38.306,38.907,1906239.0974503176,48994.75923228
2022-06-07,SOL/USD,42.37,42.721,37.119,39.322,9016473.165734155,229298.43766172
2022-06-06,SOL/USD,38.544,44.821,38.362,42.396,5518710.775881228,130170.55325694
2022-06-05,SOL/USD,39.022,40.251,37.83,38.528,2936328.3113349965,76212.84030666
2022-06-04,SOL/USD,38.338,39.569,35.734,39.0,3360404.6371155004,86164.2214645
2022-06-03,SOL/USD,40.882,41.562,37.671,38.316,2454214.9805125217,64051.96211798
2022-06-02,SOL/USD,40.154,41.65,38.21,40.911,3687248.7201905358,90128.54049499
2022-06-01,SOL/USD,45.785,46.067,39.55,40.158,3748429.817994785,93342.04437459
2022-05-31,SOL/USD,47.21,48.235,44.567,45.747,3370823.251136233,73684.02848572
2022-05-30,SOL/USD,44.986,48.391,44.255,47.259,5434136.348818091,114986.27454703
2022-05-29,SOL/USD,44.243,45.681,41.84,44.975,3990533.9419603543,88727.82527983
2022-05-28,SOL/USD,41.178,45.096,40.348,44.243,2909204.647238532,65755.13973371
2022-05-27,SOL/USD,43.474,43.918,39.96,41.09,6162618.646638713,149978.55066047
2022-05-26,SOL/USD,48.147,48.638,41.636,43.38,6602110.325680275,152192.49252375
2022-05-25,SOL/USD,49.53,50.552,47.543,47.969,1074631.5275376402,22402.6251858
2022-05-24,SOL/USD,49.119,50.834,47.053,49.649,1750316.5376937697,35253.81251775
2022-05-23,SOL/USD,52.416,54.629,48.592,49.07,5383913.856412622,109719.05148589
2022-05-22,SOL/USD,50.339,53.138,49.674,52.473,3587946.3872760227,68377.00126305
2022-05-21,SOL/USD,49.504,51.245,48.381,50.32,1852851.2458615198,36821.368161
2022-05-20,SOL/USD,52.164,53.614,47.775,49.419,3319447.908791234,67169.46738686
2022-05-19,SOL/USD,49.902,54.276,48.123,52.162,3594755.648835582,68915.218911
2022-05-18,SOL/USD,57.034,57.83,49.32,49.825,4038659.665407958,81056.89243167
2022-05-17,SOL/USD,53.83,58.178,52.974,57.053,3010607.72380976,52768.61381189
2022-05-16,SOL/USD,58.751,58.751,51.851,53.767,6200569.320629567,115322.95498409
2022-05-15,SOL/USD,52.468,59.279,49.677,58.804,8328015.8043838125,141623.28760601
2022-05-14,SOL/USD,48.988,53.843,45.882,52.471,4090146.449306598,77950.60984747
2022-05-13,SOL/USD,44.689,56.449,43.931,48.961,6111080.130418763,124815.26378993
2022-05-12,SOL/USD,50.968,54.412,37.049,44.643,26716524.9300812,598448.24339944
2022-05-11,SOL/USD,66.98,68.578,43.333,50.998,18989792.305416785,372363.47122273
2022-05-10,SOL/USD,62.522,74.035,60.211,66.769,7140927.978168559,106949.75180351
2022-05-09,SOL/USD,75.563,77.315,61.641,62.318,6504935.7592348,104382.93525522
2022-05-08,SOL/USD,78.904,79.465,73.792,75.587,1988623.5814346997,26309.06877419
2022-05-07,SOL/USD,81.722,82.323,77.163,78.853,1197117.2673616398,15181.63249796
2022-05-06,SOL/USD,84.579,84.74,80.001,81.666,1185104.4580540853,14511.6016219
2022-05-05,SOL/USD,92.79,95.257,81.368,84.496,3926724.1603305545,46472.30827886
2022-05-04,SOL/USD,85.941,93.0,85.453,92.83,2099431.8257647827,22615.87661063
2022-05-03,SOL/USD,87.506,88.817,84.66,85.914,1077624.0479494997,12543.0552407
2022-05-02,SOL/USD,89.804,90.954,85.16,87.542,2069687.1541956244,23642.2192113
2022-05-01,SOL/USD,84.676,93.239,84.129,89.704,6198178.662860951,69095.90054915
2022-04-30,SOL/USD,94.035,94.988,82.0,84.748,3333564.1772150467,39335.01884664
2022-04-29,SOL/USD,98.281,98.684,92.421,93.96,1466483.7448686995,15607.53240601
2022-04-28,SOL/USD,98.359,100.57,96.493,98.223,1389094.820675547,14142.25609761
2022-04-27,SOL/USD,95.716,100.83,94.931,98.351,1658209.9582420753,16860.12301087
2022-04-26,SOL/USD,101.15,102.07,94.63,95.794,1815397.656865827,18951.05807113
2022-04-25,SOL/USD,99.492,101.62,94.418,101.02,3383552.9885579958,33493.89218529
2022-04-24,SOL/USD,100.69,102.23,98.577,99.317,1056688.5024987317,10639.55317316
2022-04-23,SOL/USD,100.57,102.98,98.083,100.55,1725669.4334403544,17162.30167519
2022-04-22,SOL/USD,101.86,103.57,99.38,100.51,1841368.1722462233,18320.24845534
2022-04-21,SOL/USD,105.57,109.97,100.0,101.82,3613722.2805532413,35491.28148255
2022-04-20,SOL/USD,108.6,110.94,104.35,105.61,3618172.3767074966,34259.75169688
2022-04-19,SOL/USD,102.43,108.88,101.08,108.85,3029810.296190331,27834.72940919
2022-04-18,SOL/USD,100.17,102.62,94.71,102.41,3663429.467474222,35772.18501586
2022-04-17,SOL/USD,102.15,105.51,99.757,100.4,2302730.618274816,22935.56392704
2022-04-16,SOL/USD,101.45,103.54,100.8,102.19,1301473.7860221888,12735.82332931
2022-04-15,SOL/USD,100.75,102.92,99.551,101.42,2112672.378397524,20830.92465389
2022-04-14,SOL/USD,104.71,107.68,98.862,100.76,3040824.546320907,30178.88593014
2022-04-13,SOL/USD,103.34,106.05,100.17,104.84,3089349.7735175085,29467.281319319998
2022-04-12,SOL/USD,99.71,109.31,98.486,103.27,5809929.730833294,56259.60812272
2022-04-11,SOL/USD,111.12,111.95,98.165,99.369,5818903.883218541,58558.54324003
2022-04-10,SOL/USD,113.16,116.17,109.89,111.21,3223169.954527934,28982.73495664
2022-04-09,SOL/USD,109.93,113.52,108.44,112.83,1959149.5852808312,17363.72937411
2022-04-08,SOL/USD,118.48,122.36,108.17,110.07,5010412.142689493,45520.23387562
2022-04-07,SOL/USD,112.94,119.95,111.01,118.58,5557570.895643259,46867.69181686
2022-04-06,SOL/USD,126.85,127.4,112.24,113.13,12124951.036522044,107177.15050404
2022-04-05,SOL/USD,132.18,136.68,126.1,126.8,4748572.065060972,37449.30650679
2022-04-04,SOL/USD,136.86,138.31,126.0,132.11,7820291.263225784,59195.30136421
2022-04-03,SOL/USD,132.56,141.07,130.72,136.69,12240806.211072102,89551.58542009
2022-04-02,SOL/USD,134.61,143.5,131.48,132.46,7285464.829226358,55001.24436982
2022-04-01,SOL/USD,122.85,139.41,117.69,134.65,19448154.571322262,144434.86499311
2022-03-31,SOL/USD,120.8,129.49,119.91,122.86,11230805.638413627,91411.40841945
2022-03-30,SOL/USD,111.52,125.56,107.13,120.24,11533347.555606805,95919.39084836
2022-03-29,SOL/USD,105.78,115.65,105.57,111.7,8563994.68954828,76669.6033084
2022-03-28,SOL/USD,107.03,113.82,105.19,105.59,6659754.859424837,63071.83312269
2022-03-27,SOL/USD,101.81,107.38,98.779,106.99,4339746.278059668,40562.16728722
2022-03-26,SOL/USD,98.61,103.45,97.718,101.88,2925585.8824312477,28715.99806077
2022-03-25,SOL/USD,102.33,104.82,97.159,98.544,3972578.9647044754,40312.74318786
2022-03-24,SOL/USD,94.9,103.74,93.441,102.35,5641892.580079641,55123.52301006
2022-03-23,SOL/USD,90.365,96.26,89.22,94.9,3033952.0095391395,31969.98956311
2022-03-22,SOL/USD,88.652,93.916,88.023,90.447,4584918.466730957,50691.76939789
2022-03-21,SOL/USD,88.658,91.248,86.767,88.67,1658186.2962929152,18700.6461745
2022-03-20,SOL/USD,92.413,92.491,87.903,88.659,1639628.6808284773,18493.65186646
2022-03-19,SOL/USD,89.791,94.558,89.302,92.366,1957806.7863461059,21196.18459548
2022-03-18,SOL/USD,87.847,92.257,84.5,89.864,3291429.2568849474,36626.78332686
2022-03-17,SOL/USD,87.869,91.021,86.641,87.914,3018623.9319616742,34336.10041588
2022-03-16,SOL/USD,82.9,88.007,81.615,87.881,4051117.825346024,46097.76658602
2022-03-15,SOL/USD,81.318,85.97,78.772,82.908,2560404.056053163,30882.47281388
2022-03-14,SOL/USD,78.66,82.269,77.974,81.358,1710046.6848861717,21018.78960749
2022-03-13,SOL/USD,81.29,83.309,77.704,78.869,1639070.9567163873,20782.19524422
2022-03-12,SOL/USD,80.73,82.7,80.615,81.464,957922.1064526878,11758.83956659
2022-03-11,SOL/USD,82.92,84.281,80.054,80.704,3579056.7734953905,44347.94772868
2022-03-10,SOL/USD,88.071,88.62,80.809,82.861,4392316.575732691,53008.24966791
2022-03-09,SOL/USD,82.228,89.896,82.006,88.17,4887009.884985227,55427.12810463
2022-03-08,SOL/USD,81.845,85.04,81.331,82.371,4177135.210116299,50711.23587326
2022-03-07,SOL/USD,84.656,86.716,80.0,81.686,5694396.259609507,69710.79817361
2022-03-06,SOL/USD,89.55,89.994,84.116,84.521,2093558.47281406,24769.68413547
2022-03-05,SOL/USD,88.36,91.23,85.996,89.613,2325346.2726012054,25948.76047673
2022-03-04,SOL/USD,95.65,95.978,87.016,88.139,7104702.514893756,80607.93195854
2022-03-03,SOL/USD,100.77,101.8,94.186,95.48,4749679.777283025,49745.28463849
2022-03-02,SOL/USD,98.691,106.42,96.822,100.68,10797802.058585435,107248.72922711
2022-03-01,SOL/USD,99.775,102.1,94.3,98.603,7107664.379861125,72083.65242296
2022-02-28,SOL/USD,85.603,102.78,84.241,99.707,10208042.432841126,102380.39889718
2022-02-27,SOL/USD,90.36,92.273,84.142,85.585,5285239.510720382,61754.2736545
2022-02-26,SOL/USD,92.886,95.245,89.289,90.31,4271676.712968423,47300.1518433
2022-02-25,SOL/USD,89.745,95.134,86.986,92.814,8201763.951331258,88367.74572081
2022-02-24,SOL/USD,84.65,93.734,75.621,89.499,18071948.93199542,201923.47324546
2022-02-23,SOL/USD,86.5,93.507,84.453,84.587,8586123.416693399,101506.41844129
2022-02-22,SOL/USD,83.119,87.518,81.16,86.489,5899150.036292726,68206.94003044
2022-02-21,SOL/USD,90.77,96.215,82.855,83.007,9185303.91560891,110656.97971989
2022-02-20,SOL/USD,91.394,93.984,85.573,90.792,5614979.04243081,61844.42508625
2022-02-19,SOL/USD,89.911,92.801,88.718,91.348,2602094.253228316,28485.50874927
2022-02-18,SOL/USD,93.621,96.421,89.45,90.059,4462332.0257704025,49548.98484072
2022-02-17,SOL/USD,101.88,102.82,92.371,93.716,4777018.565885642,50973.35103809
2022-02-16,SOL/USD,105.66,105.71,98.362,101.8,5274312.306927366,51810.53346687
2022-02-15,SOL/USD,96.61,105.79,96.534,105.72,7981898.142127826,75500.36078441
2022-02-14,SOL/USD,92.969,97.922,90.834,96.415,4408476.1941954475,45723.96612763
2022-02-13,SOL/USD,95.97,97.432,91.445,92.929,3790741.2446724493,40791.80067226
2022-02-12,SOL/USD,96.588,99.84,92.822,96.047,5628193.18911817,58598.32362404
2022-02-11,SOL/USD,106.27,108.2,95.238,96.608,5670157.023567666,58692.41702103
2022-02-10,SOL/USD,114.14,115.01,105.74,106.19,7990912.599792307,75251.08390425
2022-02-09,SOL/USD,113.74,117.2,109.5,114.16,5013132.96881387,43913.21801694
2022-02-08,SOL/USD,117.65,120.36,109.73,113.39,8139327.149274824,71781.70164278
2022-02-07,SOL/USD,115.59,122.03,112.89,117.54,11486062.465814922,97720.45657491
2022-02-06,SOL/USD,114.14,116.19,111.55,115.41,6566102.678927587,56893.70660192
2022-02-05,SOL/USD,112.7,118.63,110.38,113.94,11321690.271878427,99365.37012356
2022-02-04,SOL/USD,101.88,112.95,100.42,112.61,19513746.66521819,173286.09062444
2022-02-03,SOL/USD,101.93,103.15,94.151,101.98,13983230.499779522,137117.38085683
2022-02-02,SOL/USD,110.14,112.4,97.092,101.86,22368306.6620955,219598.53389059
2022-02-01,SOL/USD,99.579,113.58,99.133,110.12,25907263.90981277,235263.92943891
2022-01-31,SOL/USD,93.332,101.42,89.311,99.535,13530189.59726396,135933.98902159
2022-01-30,SOL/USD,96.198,97.666,91.472,93.4,5130087.5653028805,54925.9910632
2022-01-29,SOL/USD,91.415,98.872,90.63,96.234,11413519.816061983,118601.73967685
2022-01-28,SOL/USD,89.638,93.645,87.301,91.5,13362670.765845165,146040.11765951
2022-01-27,SOL/USD,92.166,94.719,85.799,89.694,16529804.090904042,184291.07956947
2022-01-26,SOL/USD,94.75,104.38,89.353,92.117,20787473.52912322,225663.81372736
2022-01-25,SOL/USD,92.056,99.95,87.573,94.689,13722637.535569543,144923.24911626
2022-01-24,SOL/USD,99.937,99.937,80.868,92.022,39274462.36791366,426794.27058653
2022-01-23,SOL/USD,94.65,104.77,93.324,99.998,16913348.955665413,169136.8722941
2022-01-22,SOL/USD,112.38,114.12,87.891,94.642,38648719.760001235,408367.52984934
2022-01-21,SOL/USD,127.51,128.79,106.31,112.33,30634103.268802024,272715.2432013
2022-01-20,SOL/USD,135.51,144.0,126.12,127.65,7515601.2469489025,58876.62551468
2022-01-19,SOL/USD,141.37,142.73,132.82,135.36,5430633.168774961,40119.92589225
2022-01-18,SOL/USD,140.0,142.69,134.39,141.2,5313395.183708823,37630.27750502
2022-01-17,SOL/USD,148.19,148.27,137.14,139.85,4925219.706872797,35217.87420002
2022-01-16,SOL/USD,147.7,151.99,146.16,147.92,6295889.979334617,42562.80407879
2022-01-15,SOL/USD,146.37,149.57,144.04,147.69,4958827.732316843,33575.92072799
2022-01-14,SOL/USD,146.15,150.61,142.08,146.23,6609180.994153648,45197.16196508
2022-01-13,SOL/USD,151.49,157.79,145.55,145.97,11669167.222379643,79942.2293785
2022-01-12,SOL/USD,140.2,153.3,138.25,151.43,13104566.41052543,86538.77309995
2022-01-11,SOL/USD,135.89,143.46,133.63,140.34,5067669.805199169,36109.94588285
2022-01-10,SOL/USD,140.8,143.84,130.01,135.9,10278621.326795805,75633.71101395
2022-01-09,SOL/USD,142.14,145.7,137.93,140.7,14414172.880828895,102446.14698528
2022-01-08,SOL/USD,136.41,148.0,133.06,142.12,26639086.411030717,187440.79940213
2022-01-07,SOL/USD,150.27,150.72,133.05,136.38,28070898.622063115,205828.55713494
2022-01-06,SOL/USD,154.48,154.71,146.23,150.24,16655056.675792815,110856.34102631
2022-01-05,SOL/USD,168.02,171.29,145.01,154.3,15889025.291328354,102974.88847264
2022-01-04,SOL/USD,170.16,173.88,166.44,167.87,7321256.074831026,43612.65309365
2022-01-03,SOL/USD,176.37,176.37,166.71,169.99,5283194.133529374,31079.44075257
2022-01-02,SOL/USD,179.19,179.49,174.42,176.51,4245399.668760242,24051.89320016
2022-01-01,SOL/USD,170.03,179.14,170.03,179.08,4169912.3591001583,23285.19298135
2021-12-31,SOL/USD,172.55,177.69,167.61,170.03,7626898.848024148,44856.1950716
2021-12-30,SOL/USD,170.54,175.74,168.24,172.58,7340511.151303186,42533.96193825
2021-12-29,SOL/USD,177.29,180.64,170.02,170.68,14537627.263578637,85174.75546976
2021-12-28,SOL/USD,195.55,195.76,176.27,177.14,32695067.2214622,184571.9048293
2021-12-27,SOL/USD,198.24,204.75,194.76,195.69,16112826.21812434,82338.5263331
2021-12-26,SOL/USD,193.13,200.52,190.32,197.94,15362334.447042465,77611.06621725
2021-12-25,SOL/USD,190.49,195.3,189.34,193.27,15771786.332587361,81604.9378206
2021-12-24,SOL/USD,190.24,197.62,184.15,190.28,30534795.199457828,160472.96194796
2021-12-23,SOL/USD,178.38,193.55,175.84,190.07,12344381.125009226,64946.49931609
2021-12-22,SOL/USD,179.75,187.57,177.15,178.47,9935432.421361154,55670.04214356
2021-12-21,SOL/USD,174.08,182.65,170.32,179.84,9256983.994655475,51473.44303078
2021-12-20,SOL/USD,180.04,181.31,168.56,173.83,8957326.740693945,51529.23396821
2021-12-19,SOL/USD,182.98,189.7,178.32,180.34,6583959.643198269,36508.59289785
2021-12-18,SOL/USD,175.99,184.3,171.08,182.84,12962641.017445043,70896.08957255
2021-12-17,SOL/USD,176.95,182.49,168.4,175.28,19521613.37907632,111373.87824667
2021-12-16,SOL/USD,178.81,189.04,174.66,176.99,15802400.966796856,89284.14580935
2021-12-15,SOL/USD,161.48,182.72,156.79,178.57,26850318.319947504,150362.98549559
2021-12-14,SOL/USD,154.93,163.39,149.76,161.31,11701660.424422285,72541.44457518
2021-12-13,SOL/USD,172.9,172.9,148.28,155.16,17785082.504514452,114624.14607189
2021-12-12,SOL/USD,172.24,176.93,167.87,172.9,4371339.862648668,25282.47462492
2021-12-11,SOL/USD,167.5,173.76,161.56,172.18,13154250.549682017,76398.24921409
2021-12-10,SOL/USD,181.69,184.89,167.14,167.61,16274465.170133775,97097.22075135
2021-12-09,SOL/USD,194.79,196.79,178.92,181.35,9724255.021085786,53621.47792162
2021-12-08,SOL/USD,190.31,196.29,183.65,194.76,11152075.7617431,57260.60670437
