Datetime,Symbol_Pair,Open,High,Low,Close,Volume_USD,Volume_in_XRP
2022-12-27,XRP/USD,0.3664,0.3735,0.3589,0.36798,5736452.169358257,15589032.47284705
2022-12-26,XRP/USD,0.34618,0.37041,0.34597,0.36658,4272518.722727266,11655078.62602233
2022-12-25,XRP/USD,0.35238,0.35246,0.34427,0.34619,1393748.6080893488,4025964.37820084
2022-12-24,XRP/USD,0.35503,0.35503,0.35142,0.35241,1427202.5058360258,4049835.43553255
2022-12-23,XRP/USD,0.34988,0.35568,0.3475,0.35505,2478629.961873157,6981072.98091299
2022-12-22,XRP/USD,0.34515,0.35067,0.34167,0.34988,3411490.0590265747,9750457.46835079
2022-12-21,XRP/USD,0.34843,0.35071,0.33731,0.34533,4464378.802243723,12927862.63065393
2022-12-20,XRP/USD,0.33922,0.35353,0.33606,0.34861,6569156.049118745,18843854.30457745
2022-12-19,XRP/USD,0.35039,0.35348,0.33206,0.33915,9444051.236240631,27846236.8752488
2022-12-18,XRP/USD,0.35504,0.35598,0.34757,0.35032,4377819.98668486,12496631.61305338
2022-12-17,XRP/USD,0.35138,0.35749,0.34699,0.35488,5343377.226107871,15056856.47573228
2022-12-16,XRP/USD,0.37851,0.3805,0.3444,0.35139,8118440.531190138,23103789.32579225
2022-12-15,XRP/USD,0.3853,0.38691,0.37405,0.37857,4768404.547291177,12595833.12806397
2022-12-14,XRP/USD,0.39547,0.39558,0.37711,0.38532,4077372.937457232,10581783.80944989
2022-12-13,XRP/USD,0.38795,0.39739,0.3789,0.39561,5907793.817223335,14933378.37067651
2022-12-12,XRP/USD,0.38112,0.39,0.37082,0.38756,5019199.576358352,12950767.82010102
2022-12-11,XRP/USD,0.38667,0.38883,0.37849,0.38119,3398616.3101829244,8915806.57987598
2022-12-10,XRP/USD,0.38908,0.38949,0.3856,0.38675,1891699.413102194,4891271.9149378
2022-12-09,XRP/USD,0.39461,0.39558,0.385,0.38897,5239543.567030285,13470302.5092688
2022-12-08,XRP/USD,0.38354,0.3967,0.3828,0.39464,6300746.20723924,15965807.33640594
2022-12-07,XRP/USD,0.39136,0.39256,0.37354,0.3834,6289822.875302252,16405380.47809664
2022-12-06,XRP/USD,0.38937,0.39257,0.38081,0.3914,5095812.374115523,13019449.09073971
2022-12-05,XRP/USD,0.38989,0.39554,0.38,0.38969,3354267.2464623144,8607527.12787681
2022-12-04,XRP/USD,0.38728,0.39353,0.38623,0.38992,3445583.4764911276,8836642.0714278
2022-12-03,XRP/USD,0.39585,0.39699,0.38568,0.38746,5563031.528293431,14357692.47998098
2022-12-02,XRP/USD,0.39695,0.39764,0.38375,0.39579,4240313.807828481,10713544.57623609
2022-12-01,XRP/USD,0.4082,0.40945,0.39466,0.39712,3134504.0059175566,7893090.26469973
2022-11-30,XRP/USD,0.3984,0.412,0.39291,0.40827,5140470.362757813,12590859.87889831
2022-11-29,XRP/USD,0.38884,0.40385,0.383,0.39841,5843614.704245341,14667339.43486695
2022-11-28,XRP/USD,0.39639,0.39929,0.37306,0.38886,8489196.432444606,21830983.98509645
2022-11-27,XRP/USD,0.39614,0.40994,0.3944,0.3965,5814178.654204189,14663754.48727412
2022-11-26,XRP/USD,0.40777,0.41414,0.39314,0.39619,5919330.459800949,14940635.70458858
2022-11-25,XRP/USD,0.40199,0.41923,0.38935,0.4078,11017829.434716716,27017727.89288062
2022-11-24,XRP/USD,0.38168,0.405,0.37408,0.40207,10369478.253361782,25790231.18701167
2022-11-23,XRP/USD,0.37542,0.38226,0.3681,0.38159,5099538.253704672,13363920.05478307
2022-11-22,XRP/USD,0.36415,0.3783,0.35094,0.37554,6096328.6896555405,16233500.26536598
2022-11-21,XRP/USD,0.36095,0.3683,0.3457,0.36414,8422213.641483719,23129053.7746024
2022-11-20,XRP/USD,0.38411,0.39637,0.35893,0.36103,9459060.64634054,26200206.75938437
2022-11-19,XRP/USD,0.38279,0.38828,0.37513,0.38434,4454943.4629852455,11591152.26878609
2022-11-18,XRP/USD,0.38153,0.38725,0.37404,0.3828,3702701.0812601405,9672677.85073182
2022-11-17,XRP/USD,0.3751,0.38728,0.36883,0.38155,6255030.284007352,16393736.82088154
2022-11-16,XRP/USD,0.38839,0.39131,0.36139,0.37522,4206126.944182803,11209762.12404137
2022-11-15,XRP/USD,0.37785,0.3975,0.36719,0.38845,8132361.26364072,20935413.21570529
2022-11-14,XRP/USD,0.34085,0.37988,0.32144,0.37785,12135231.990388585,32116532.99030987
2022-11-13,XRP/USD,0.36369,0.36984,0.33314,0.3411,6019996.749004794,17648773.8170765
2022-11-12,XRP/USD,0.38451,0.38451,0.35989,0.36384,5026279.976990567,13814533.79779729
2022-11-11,XRP/USD,0.39432,0.39874,0.36666,0.38466,11166671.87922103,29029979.40836331
2022-11-10,XRP/USD,0.33296,0.40249,0.33033,0.39432,10186561.537537146,25833235.79209055
2022-11-09,XRP/USD,0.40584,0.4109,0.31451,0.33296,10099373.819163285,30332093.40210021
2022-11-08,XRP/USD,0.46523,0.46749,0.33455,0.40641,16244929.691504354,39971776.51018517
2022-11-07,XRP/USD,0.47151,0.48032,0.4587,0.46534,4195870.754410478,9016785.04837426
2022-11-06,XRP/USD,0.49335,0.49506,0.46884,0.47153,4173992.8148301104,8852019.62723498
2022-11-05,XRP/USD,0.50657,0.51,0.48979,0.49349,5488213.000961515,11121224.34286716
2022-11-04,XRP/USD,0.45521,0.508,0.45369,0.5069,9205032.33840053,18159464.07259919
2022-11-03,XRP/USD,0.45021,0.46,0.44906,0.4554,3593185.313912382,7890174.16318046
2022-11-02,XRP/USD,0.46394,0.46631,0.44529,0.45032,4683979.778194202,10401447.36674854
2022-11-01,XRP/USD,0.46476,0.46727,0.45448,0.46382,2207384.3922129166,4759140.16690293
2022-10-31,XRP/USD,0.45856,0.46784,0.44812,0.46447,3149950.620283121,6781817.16856443
2022-10-30,XRP/USD,0.47076,0.47359,0.45415,0.45856,3969909.6712802853,8657339.65300132
2022-10-29,XRP/USD,0.47509,0.48438,0.46623,0.47094,3609884.4829552746,7665274.73341673
2022-10-28,XRP/USD,0.46174,0.47598,0.45677,0.47467,2329470.5172076738,4907557.91857011
2022-10-27,XRP/USD,0.46917,0.48287,0.4591,0.46198,7285987.4248154415,15771218.28827101
2022-10-26,XRP/USD,0.46119,0.47167,0.45688,0.46926,3599558.008569106,7670711.35099754
2022-10-25,XRP/USD,0.45326,0.47332,0.44373,0.46116,5241258.352484899,11365379.37480462
2022-10-24,XRP/USD,0.46939,0.47351,0.44745,0.45344,3186631.136333586,7027679.81724944
2022-10-23,XRP/USD,0.4658,0.473,0.45214,0.46938,4377677.770057117,9326511.07856559
2022-10-22,XRP/USD,0.46156,0.47132,0.45611,0.46572,4100704.4676458435,8805085.60432415
2022-10-21,XRP/USD,0.44694,0.46213,0.43525,0.46158,5708777.930248137,12367905.7373546
2022-10-20,XRP/USD,0.45065,0.46491,0.4225,0.44684,7075873.961810293,15835363.80317405
2022-10-19,XRP/USD,0.46595,0.4667,0.44717,0.45073,4218846.703801294,9360030.84729504
2022-10-18,XRP/USD,0.48044,0.48443,0.45743,0.46583,2087296.8486982144,4480812.41804567
2022-10-17,XRP/USD,0.47679,0.48237,0.46261,0.48051,2471763.4448755807,5144041.6325895
2022-10-16,XRP/USD,0.4819,0.48739,0.46816,0.47665,2765405.9637764627,5801753.83148319
2022-10-15,XRP/USD,0.48852,0.49024,0.47755,0.48183,2337530.344100957,4851359.07706236
2022-10-14,XRP/USD,0.47906,0.5124,0.47822,0.4886,6713218.663610943,13739702.54525367
2022-10-13,XRP/USD,0.4881,0.48968,0.44035,0.47916,7741381.11826797,16156150.59326315
2022-10-12,XRP/USD,0.48608,0.496,0.4818,0.48835,1483743.4092217344,3038278.7124434
2022-10-11,XRP/USD,0.49366,0.50224,0.477,0.48604,3589627.8581942213,7385457.69523953
2022-10-10,XRP/USD,0.53259,0.5377,0.49314,0.49399,4101878.162864032,8303565.17918183
2022-10-09,XRP/USD,0.51707,0.54857,0.50595,0.53233,4200936.315392923,7891601.66699777
2022-10-08,XRP/USD,0.51794,0.5293,0.51141,0.51725,3004173.3639588216,5807971.70412532
2022-10-07,XRP/USD,0.4932,0.53392,0.48195,0.51797,8375648.097321437,16170141.31575465
2022-10-06,XRP/USD,0.48868,0.50593,0.48855,0.49366,3809439.4517029896,7716727.00178866
2022-10-05,XRP/USD,0.47936,0.50184,0.47194,0.48922,4872717.306130387,9960176.00697107
2022-10-04,XRP/USD,0.46214,0.48556,0.4514,0.47947,3666223.05414363,7646407.60452923
2022-10-03,XRP/USD,0.4487,0.46944,0.43791,0.46239,5026021.119527976,10869657.90680589
2022-10-02,XRP/USD,0.47521,0.47876,0.44337,0.44868,4617857.925168325,10292096.650549
2022-10-01,XRP/USD,0.48,0.48673,0.46688,0.47548,3011200.1978020025,6332969.20543872
2022-09-30,XRP/USD,0.48752,0.49905,0.46885,0.48021,5917860.787292046,12323485.11545375
2022-09-29,XRP/USD,0.44909,0.50899,0.4269,0.48719,7579995.46284453,15558602.31705193
2022-09-28,XRP/USD,0.44603,0.45579,0.41706,0.44913,4753088.811923191,10582879.81636317
2022-09-27,XRP/USD,0.46853,0.48794,0.4353,0.44565,6908748.637114624,15502633.54003057
2022-09-26,XRP/USD,0.49246,0.50245,0.4579,0.46847,5746737.945125015,12267035.12524818
2022-09-25,XRP/USD,0.48795,0.52179,0.47562,0.49212,6559521.256485224,13329109.27514676
2022-09-24,XRP/USD,0.50782,0.51974,0.472,0.48807,8644097.350814216,17710773.76362861
2022-09-23,XRP/USD,0.48616,0.5597,0.45683,0.50693,17821971.559122335,35156671.64918694
2022-09-22,XRP/USD,0.39353,0.50064,0.39353,0.48616,11372918.999955691,23393366.38134707
2022-09-21,XRP/USD,0.41456,0.43361,0.38375,0.39346,9060723.874846105,23028322.76431176
2022-09-20,XRP/USD,0.38506,0.42423,0.37101,0.41388,5822457.958119262,14067985.78843931
2022-09-19,XRP/USD,0.35768,0.3934,0.34008,0.38482,5180039.938212578,13460942.61787999
2022-09-18,XRP/USD,0.37647,0.39796,0.3556,0.35767,7162730.397695898,20026086.60971258
2022-09-17,XRP/USD,0.35531,0.38121,0.34643,0.37629,2186132.547485074,5809701.42040733
2022-09-16,XRP/USD,0.32631,0.3584,0.32187,0.3555,2271973.954270747,6390925.32846905
2022-09-15,XRP/USD,0.34159,0.34287,0.32438,0.32662,1131706.4753627784,3464902.56372169
2022-09-14,XRP/USD,0.3325,0.3442,0.33134,0.34208,1428080.727743499,4174698.10495644
2022-09-13,XRP/USD,0.35985,0.36032,0.33076,0.33269,1657860.9937309227,4983200.55827023
2022-09-12,XRP/USD,0.35505,0.36012,0.34755,0.36,846543.3196173912,2351509.22115942
2022-09-11,XRP/USD,0.35779,0.36051,0.34838,0.35519,553598.8330737544,1558599.15277388
2022-09-10,XRP/USD,0.35709,0.36216,0.35144,0.35758,944612.1233497848,2641680.52841262
2022-09-09,XRP/USD,0.33936,0.35999,0.33936,0.35702,2351214.2661975203,6585665.41425556
2022-09-08,XRP/USD,0.33705,0.34362,0.32821,0.33943,1389390.5518846372,4093305.10527837
2022-09-07,XRP/USD,0.32122,0.3385,0.31259,0.33696,1211547.9293240905,3595524.48161233
2022-09-06,XRP/USD,0.333,0.34307,0.31797,0.32106,2348828.926730375,7315856.62097544
2022-09-05,XRP/USD,0.33189,0.33383,0.32243,0.33295,1111437.7412313404,3338152.09860742
2022-09-04,XRP/USD,0.32966,0.33278,0.32742,0.33179,418639.93955151347,1261761.77567592
2022-09-03,XRP/USD,0.3317,0.33584,0.32642,0.3297,839145.3059022978,2545178.36185107
2022-09-02,XRP/USD,0.3335,0.33537,0.32535,0.3317,1427433.1038043103,4303385.90233437
2022-09-01,XRP/USD,0.32769,0.33362,0.32161,0.33347,992155.8744116486,2975247.77164857
2022-08-31,XRP/USD,0.32689,0.33407,0.32313,0.32788,871641.6813041645,2658416.74180848
2022-08-30,XRP/USD,0.3339,0.33596,0.3201,0.32689,934703.7157186038,2859383.02095079
2022-08-29,XRP/USD,0.32267,0.33439,0.31879,0.33417,1423183.633050614,4258861.15764615
2022-08-28,XRP/USD,0.33501,0.33761,0.32132,0.32277,663019.9396657267,2054156.02337803
2022-08-27,XRP/USD,0.33937,0.3454,0.32812,0.33467,1097178.442297784,3278388.98705526
2022-08-26,XRP/USD,0.34907,0.37114,0.33256,0.33957,2813035.87327729,8284111.88643664
2022-08-25,XRP/USD,0.34582,0.3521,0.3437,0.3491,1048003.7821519044,3002015.9901229
2022-08-24,XRP/USD,0.34731,0.35262,0.33878,0.3455,1344196.3669689265,3890582.82769588
2022-08-23,XRP/USD,0.34406,0.34803,0.33257,0.34713,1120357.4709350776,3227486.73677031
2022-08-22,XRP/USD,0.34461,0.3452,0.3314,0.34411,1142461.5703579825,3320047.57303764
2022-08-21,XRP/USD,0.33677,0.3485,0.33551,0.34452,1226202.3479357276,3559161.58114399
2022-08-20,XRP/USD,0.33442,0.34287,0.33197,0.33678,1412803.769498549,4195034.65021245
2022-08-19,XRP/USD,0.37018,0.3704,0.32881,0.3345,3879245.092203514,11597145.26817194
2022-08-18,XRP/USD,0.37968,0.3815,0.3692,0.37033,901239.7631652515,2433612.62432223
2022-08-17,XRP/USD,0.37728,0.39265,0.36728,0.37956,2138781.427361727,5634896.79460883
2022-08-16,XRP/USD,0.3752,0.37848,0.3666,0.37683,1012036.7251708047,2685658.5865531
2022-08-15,XRP/USD,0.3755,0.385,0.3658,0.37508,1299715.2149643328,3465168.0040640202
2022-08-14,XRP/USD,0.37777,0.3921,0.3738,0.37511,1124857.5453848944,2998740.49048251
2022-08-13,XRP/USD,0.3798,0.38793,0.3762,0.37795,975302.0021132214,2580505.36344284
2022-08-12,XRP/USD,0.38009,0.3803,0.37,0.37959,801973.8475289572,2112737.02555114
2022-08-11,XRP/USD,0.38123,0.38592,0.377,0.38011,1046894.3975540248,2754187.99177613
2022-08-10,XRP/USD,0.36702,0.38155,0.3584,0.38149,2201046.1014378387,5769603.66310477
2022-08-09,XRP/USD,0.37884,0.37995,0.3602,0.36702,952367.2439562503,2594864.70480151
2022-08-08,XRP/USD,0.37228,0.38477,0.371,0.37861,1272366.0731623713,3360624.58245258
2022-08-07,XRP/USD,0.37113,0.37705,0.36784,0.37216,344960.74401784845,926915.1548201
2022-08-06,XRP/USD,0.37625,0.37813,0.37001,0.37109,573311.8068690887,1544940.06000994
2022-08-05,XRP/USD,0.37106,0.3785,0.36722,0.37631,1572392.4706498703,4178449.87018647
2022-08-04,XRP/USD,0.36939,0.37475,0.36404,0.37072,800645.3360302795,2159703.64703895
2022-08-03,XRP/USD,0.37152,0.37747,0.3631,0.36942,1001819.2911977011,2711870.74656949
2022-08-02,XRP/USD,0.37918,0.39427,0.36666,0.37143,1323116.0781698003,3562221.8942191
2022-08-01,XRP/USD,0.37899,0.38592,0.37085,0.37921,2130024.0485044513,5617003.89890681
2022-07-31,XRP/USD,0.38783,0.39905,0.37805,0.37904,2038923.2053980902,5379176.88211822
2022-07-30,XRP/USD,0.36795,0.41,0.36295,0.38796,7613383.504063665,19624145.5409415
2022-07-29,XRP/USD,0.37385,0.38016,0.35983,0.36794,2874531.8344715605,7812501.58849693
2022-07-28,XRP/USD,0.35929,0.37931,0.34902,0.37381,1963271.7553414286,5252057.87790971
2022-07-27,XRP/USD,0.33723,0.3597,0.33034,0.35929,1782917.306544289,4962334.9008998
2022-07-26,XRP/USD,0.33598,0.33872,0.32523,0.33726,1140822.4455545463,3382620.07221297
2022-07-25,XRP/USD,0.35849,0.36003,0.335,0.33567,3130865.1344649433,9327211.64973022
2022-07-24,XRP/USD,0.35905,0.3668,0.3558,0.3585,935505.1579241827,2609498.34846355
2022-07-23,XRP/USD,0.35806,0.36275,0.34952,0.3592,1487523.4178655297,4141212.18782163
2022-07-22,XRP/USD,0.36673,0.37163,0.35408,0.35772,1725793.1171869356,4824424.45819897
2022-07-21,XRP/USD,0.36311,0.36855,0.34872,0.36706,1348693.0479609342,3674312.23222616
2022-07-20,XRP/USD,0.37277,0.38163,0.3573,0.36291,1567041.247090853,4317988.61175182
2022-07-19,XRP/USD,0.36527,0.37675,0.35144,0.37278,1684506.9139823893,4518769.55304037
2022-07-18,XRP/USD,0.3432,0.37,0.34275,0.36531,2634717.5805757707,7212278.83325332
2022-07-17,XRP/USD,0.35071,0.36159,0.341,0.34323,1636853.6362805255,4768970.18407635
2022-07-16,XRP/USD,0.33443,0.35626,0.33125,0.35063,2104476.1074894993,6001985.30499244
2022-07-15,XRP/USD,0.33369,0.34892,0.32742,0.33411,1835398.4381526662,5493395.70247124
2022-07-14,XRP/USD,0.32344,0.33375,0.31241,0.33334,1212459.5369962093,3637305.86487133
2022-07-13,XRP/USD,0.31141,0.32595,0.30201,0.32354,3598242.6509893276,11121476.94563061
2022-07-12,XRP/USD,0.31472,0.31786,0.30739,0.31141,1548176.9782475072,4971506.94662184
2022-07-11,XRP/USD,0.3254,0.32933,0.31037,0.31526,2344033.8139555175,7435240.16353333
2022-07-10,XRP/USD,0.34478,0.34501,0.31919,0.32548,1890270.5145893542,5807639.53112128
2022-07-09,XRP/USD,0.34009,0.34769,0.33901,0.34478,852318.068721886,2472063.54406255
2022-07-08,XRP/USD,0.34189,0.35879,0.3356,0.34031,4378451.294225393,12866067.09830858
2022-07-07,XRP/USD,0.33226,0.34501,0.32663,0.3419,1599950.9252932346,4679587.38020835
2022-07-06,XRP/USD,0.32494,0.3339,0.31968,0.33206,994631.6118404616,2995337.02294905
2022-07-05,XRP/USD,0.32818,0.33088,0.31218,0.325,1306000.4786520023,4018463.01123693
2022-07-04,XRP/USD,0.3215,0.32998,0.31451,0.32809,1315206.729858934,4008676.67365337
2022-07-03,XRP/USD,0.31536,0.3256,0.30816,0.32124,1794860.0089372655,5587286.79161146
2022-07-02,XRP/USD,0.31419,0.31818,0.30915,0.31514,1057572.8147156674,3355882.51163187
2022-07-01,XRP/USD,0.33175,0.33625,0.30972,0.31415,2450210.843559645,7799493.37437417
2022-06-30,XRP/USD,0.32922,0.3331,0.30591,0.33182,3962665.5561481514,11942214.3214639
2022-06-29,XRP/USD,0.33727,0.34152,0.32004,0.32947,1358912.5533979526,4124541.09144369
2022-06-28,XRP/USD,0.35355,0.3557,0.3349,0.33734,1849030.3320600316,5481206.88936987
2022-06-27,XRP/USD,0.35925,0.36735,0.34778,0.35348,3278498.654995496,9274919.8115749
2022-06-26,XRP/USD,0.36666,0.3752,0.35765,0.35951,1404826.9815618885,3907615.87038438
2022-06-25,XRP/USD,0.36705,0.37406,0.35398,0.3673,1483074.696843527,4037774.8348585
2022-06-24,XRP/USD,0.33537,0.38649,0.33453,0.36674,6231149.816781978,16990646.82549484
2022-06-23,XRP/USD,0.32248,0.33638,0.32074,0.3351,1002088.0317660507,2990414.89634751
2022-06-22,XRP/USD,0.32875,0.32921,0.31853,0.32139,1064698.2221339191,3312792.00390155
2022-06-21,XRP/USD,0.32235,0.3372,0.31821,0.3287,1423222.4929115977,4329852.42747672
2022-06-20,XRP/USD,0.32581,0.32879,0.31346,0.32255,4291605.454046569,13305240.90543038
2022-06-19,XRP/USD,0.3075,0.33299,0.29808,0.32586,2197958.5652093706,6745100.85683843
2022-06-18,XRP/USD,0.32047,0.3256,0.287,0.30742,4756255.93184499,15471524.07730463
2022-06-17,XRP/USD,0.31318,0.33991,0.31055,0.32044,5776164.455059649,18025728.5453116
2022-06-16,XRP/USD,0.34385,0.34766,0.30725,0.31307,3332474.2917043273,10644502.16151125
2022-06-15,XRP/USD,0.32133,0.347,0.29821,0.3437,7573624.60311069,22035567.65525368
2022-06-14,XRP/USD,0.31141,0.32671,0.29338,0.3215,5422308.068546228,16865654.95659791
2022-06-13,XRP/USD,0.34379,0.35097,0.30031,0.3119,12824742.972480796,41118124.31061493
2022-06-12,XRP/USD,0.36013,0.36567,0.34,0.34376,5969715.690208162,17365940.45324692
2022-06-11,XRP/USD,0.38156,0.38865,0.35574,0.35997,4293613.402944247,11927697.87189001
2022-06-10,XRP/USD,0.40019,0.41197,0.376,0.38127,5979883.849773532,15684118.47187959
2022-06-09,XRP/USD,0.40092,0.40432,0.39658,0.40023,766835.9311672824,1915988.13474073
2022-06-08,XRP/USD,0.40787,0.41048,0.3948,0.40063,2176139.74961683,5431794.29802269
2022-06-07,XRP/USD,0.40276,0.41775,0.38434,0.40767,5535036.618257004,13577247.81871858
2022-06-06,XRP/USD,0.39534,0.40932,0.39408,0.4028,3824429.571669662,9494611.64764067
2022-06-05,XRP/USD,0.39239,0.39952,0.38944,0.39552,2869820.198441169,7255815.63117205
2022-06-04,XRP/USD,0.39047,0.39482,0.38443,0.39239,1561438.3992047668,3979302.2228007
2022-06-03,XRP/USD,0.40558,0.41094,0.38425,0.39045,2958655.5320267156,7577552.90569014
2022-06-02,XRP/USD,0.3982,0.40722,0.39097,0.40545,3286180.0562014054,8105019.25317895
2022-06-01,XRP/USD,0.42183,0.42651,0.38878,0.3982,3763429.2053712616,9451102.97682386
2022-05-31,XRP/USD,0.4186,0.43441,0.40638,0.42144,3199535.963754253,7591913.35363101
2022-05-30,XRP/USD,0.38912,0.41974,0.38664,0.41867,3730540.8605937087,8910456.59013951
2022-05-29,XRP/USD,0.38629,0.39053,0.37923,0.38911,2353573.2382428455,6048606.40498277
2022-05-28,XRP/USD,0.38206,0.38871,0.38052,0.38649,2126883.6934627765,5503075.61246805
2022-05-27,XRP/USD,0.39181,0.40325,0.37597,0.38145,4474037.142936837,11729026.45939661
2022-05-26,XRP/USD,0.40576,0.41071,0.37546,0.39188,6749733.790839749,17223981.29743735
2022-05-25,XRP/USD,0.4083,0.414,0.39451,0.4059,3189121.981640367,7856915.45119578
2022-05-24,XRP/USD,0.40479,0.41359,0.3902,0.4083,3588729.780607656,8789443.49891662
2022-05-23,XRP/USD,0.42156,0.42865,0.4,0.40471,2518720.8312136005,6223520.12852067
2022-05-22,XRP/USD,0.4142,0.42534,0.40968,0.42204,1983336.9264089663,4699405.09527288
2022-05-21,XRP/USD,0.4099,0.41839,0.40266,0.4142,1607004.0862537075,3879778.09332136
2022-05-20,XRP/USD,0.42045,0.44084,0.40147,0.4099,4176366.35387326,10188744.4593151
2022-05-19,XRP/USD,0.40505,0.42411,0.39033,0.4205,4392688.629483059,10446346.32457327
2022-05-18,XRP/USD,0.4375,0.44244,0.40302,0.40476,3498001.107463571,8642161.05213848
2022-05-17,XRP/USD,0.42302,0.43989,0.41679,0.43736,3042002.673644072,6955374.68822954
2022-05-16,XRP/USD,0.44779,0.44789,0.408,0.42301,7702001.795947597,18207611.63080683
2022-05-15,XRP/USD,0.42592,0.45009,0.41472,0.44774,4780355.8465919,10676633.41803703
2022-05-14,XRP/USD,0.42297,0.441,0.39542,0.42618,7089268.313308926,16634446.27459976
2022-05-13,XRP/USD,0.38591,0.46701,0.38143,0.42281,9633771.289692396,22785107.47071355
2022-05-12,XRP/USD,0.41764,0.42998,0.33661,0.38587,29645841.70985449,76828573.63841318
2022-05-11,XRP/USD,0.51372,0.52403,0.3653,0.41735,30403724.80196278,72849466.39981498
2022-05-10,XRP/USD,0.48725,0.53725,0.47261,0.51383,8415025.41096074,16377061.3061922
2022-05-09,XRP/USD,0.5668,0.57925,0.47121,0.48842,12818516.559202123,26244864.17264265
2022-05-08,XRP/USD,0.58131,0.5834,0.55737,0.5666,2982207.435763828,5263338.22055035
2022-05-07,XRP/USD,0.60271,0.60487,0.56948,0.58112,2073119.3318993044,3567454.79745888
2022-05-06,XRP/USD,0.59835,0.61655,0.58787,0.60279,7433518.052414742,12331853.63462357
2022-05-05,XRP/USD,0.64624,0.65806,0.5797,0.5985,11775533.82960458,19675077.40953146
2022-05-04,XRP/USD,0.60438,0.65044,0.60437,0.64597,6017437.241923503,9315350.93258743
2022-05-03,XRP/USD,0.61444,0.62841,0.59616,0.60511,2996413.4709749203,4951849.20258287
2022-05-02,XRP/USD,0.60713,0.63178,0.59849,0.61459,4562886.124846898,7424276.54997136
2022-05-01,XRP/USD,0.58478,0.6128,0.57586,0.60719,4848566.939832774,7985254.92816544
2022-04-30,XRP/USD,0.61201,0.62872,0.56557,0.58514,5535212.574978653,9459637.99258067
2022-04-29,XRP/USD,0.64316,0.64682,0.59847,0.6117,5673672.500145602,9275253.39242374
2022-04-28,XRP/USD,0.65213,0.65779,0.63332,0.64331,3057223.740190926,4752333.61861455
2022-04-27,XRP/USD,0.64254,0.6629,0.63679,0.65252,4022282.3413928626,6164228.43957712
2022-04-26,XRP/USD,0.69371,0.7068,0.62754,0.6428,8363452.322231303,13010971.25424907
2022-04-25,XRP/USD,0.69856,0.7002,0.646,0.69395,7685829.960056043,11075480.88487073
2022-04-24,XRP/USD,0.70606,0.71218,0.695,0.69875,1751597.8954560345,2506759.06326445
2022-04-23,XRP/USD,0.71824,0.72743,0.70253,0.7053,2401898.4096820457,3405498.95035027
2022-04-22,XRP/USD,0.73285,0.73894,0.7144,0.71819,3048622.1025570286,4244868.49240038
2022-04-21,XRP/USD,0.75182,0.76949,0.71797,0.73317,3121927.1050956976,4258121.72496924
2022-04-20,XRP/USD,0.77543,0.77543,0.7425,0.75199,4139699.4779106406,5504992.72318866
2022-04-19,XRP/USD,0.77012,0.78278,0.75921,0.77583,3405870.7751671574,4389970.45121632
2022-04-18,XRP/USD,0.7521,0.77056,0.72722,0.77056,5236625.815029279,6795870.29566715
2022-04-17,XRP/USD,0.78121,0.78644,0.74809,0.75211,3106375.963051621,4130214.94602069
2022-04-16,XRP/USD,0.78612,0.80048,0.76624,0.78121,2686533.5271431976,3438938.9884195
2022-04-15,XRP/USD,0.72646,0.79816,0.72646,0.78608,6693260.829224265,8514732.37994131
2022-04-14,XRP/USD,0.72346,0.74174,0.70839,0.72651,2912699.07974783,4009165.84733566
2022-04-13,XRP/USD,0.71539,0.72562,0.70173,0.72332,4252511.3852114845,5879156.36953421
2022-04-12,XRP/USD,0.69559,0.72658,0.69262,0.71496,5819666.149264331,8139848.59189931
2022-04-11,XRP/USD,0.75455,0.75605,0.68113,0.69546,7219202.441336243,10380471.11456625
2022-04-10,XRP/USD,0.76287,0.77358,0.75316,0.75482,2054441.8228648927,2721763.89452438
2022-04-09,XRP/USD,0.75538,0.76699,0.75361,0.76285,1686246.7892812965,2210456.56325791
2022-04-08,XRP/USD,0.78737,0.794,0.74647,0.75562,3636555.9641055693,4812678.28287442
2022-04-07,XRP/USD,0.76003,0.79138,0.75243,0.78755,3506626.187258588,4452575.94725235
2022-04-06,XRP/USD,0.81656,0.81843,0.75672,0.7603,8296514.488763652,10912159.00139899
2022-04-05,XRP/USD,0.82651,0.83643,0.81462,0.81656,4231588.537859,5182213.8457174
2022-04-04,XRP/USD,0.84276,0.84291,0.80404,0.82633,6219082.39306372,7526148.6247186
2022-04-03,XRP/USD,0.82453,0.85186,0.81416,0.8426,2366197.836552503,2808210.10746796
2022-04-02,XRP/USD,0.82827,0.84999,0.81838,0.82367,2933092.633417641,3561004.56908427
2022-04-01,XRP/USD,0.81523,0.83463,0.80726,0.82831,3937649.083615678,4753835.01782627
2022-03-31,XRP/USD,0.8611,0.87404,0.78101,0.8148,7111711.41417238,8728168.15681441
2022-03-30,XRP/USD,0.85802,0.87199,0.84542,0.86112,3105320.1087048594,3606140.96607309
2022-03-29,XRP/USD,0.86303,0.88527,0.84357,0.8581,5694159.413489888,6635776.03250191
2022-03-28,XRP/USD,0.85788,0.912,0.85157,0.86453,10597844.72145545,12258504.29881606
2022-03-27,XRP/USD,0.83314,0.858,0.82765,0.85776,3386414.08815976,3947973.894982
2022-03-26,XRP/USD,0.82458,0.83538,0.82098,0.83314,1865616.8405223112,2239259.71688109
2022-03-25,XRP/USD,0.84305,0.8461,0.819,0.82451,3756790.9601277346,4556392.23311753
2022-03-24,XRP/USD,0.83779,0.85,0.82675,0.84305,3767035.9269721005,4468342.24182682
2022-03-23,XRP/USD,0.83689,0.84608,0.81691,0.8379,2721483.985782261,3247981.84244213
2022-03-22,XRP/USD,0.83729,0.86489,0.82742,0.83699,3678274.7908329554,4394646.04216652
2022-03-21,XRP/USD,0.80574,0.8548,0.78758,0.8376,4451786.250526619,5314931.05363732
2022-03-20,XRP/USD,0.81983,0.82253,0.79522,0.80453,1829904.5011902254,2274501.26308556
2022-03-19,XRP/USD,0.79696,0.827,0.7914,0.81996,3918262.794846922,4778602.36456281
2022-03-18,XRP/USD,0.79445,0.80091,0.77648,0.7968,3644225.316096372,4573575.94891613
2022-03-17,XRP/USD,0.79282,0.80217,0.78355,0.79419,2428674.0650997665,3058051.68171315
2022-03-16,XRP/USD,0.76683,0.79509,0.75827,0.79225,3453472.3138404,4359068.87199798
2022-03-15,XRP/USD,0.77576,0.77778,0.74234,0.76691,1992902.4835792386,2598613.24481261
2022-03-14,XRP/USD,0.76031,0.77872,0.74557,0.77564,4218163.258462527,5438300.31775376
2022-03-13,XRP/USD,0.78621,0.80551,0.75108,0.76007,4586766.40473641,6034663.12936494
2022-03-12,XRP/USD,0.80336,0.84941,0.77872,0.78668,7710838.59166799,9801747.33267401
2022-03-11,XRP/USD,0.7366,0.814,0.72511,0.80286,5634434.234540358,7017953.60902319
2022-03-10,XRP/USD,0.76669,0.78,0.7229,0.73695,5030687.474805932,6826361.99851541
2022-03-09,XRP/USD,0.72146,0.7759,0.72072,0.76571,3823508.43280615,4993415.82688766
2022-03-08,XRP/USD,0.72021,0.7314,0.71366,0.72153,2257444.4677574113,3128691.07002815
2022-03-07,XRP/USD,0.72561,0.75481,0.70356,0.72036,5502918.4880446065,7639122.78311484
2022-03-06,XRP/USD,0.7543,0.75983,0.72158,0.72455,4040090.3795540617,5575999.41971439
2022-03-05,XRP/USD,0.71314,0.76963,0.70519,0.75448,4014414.1765312785,5320769.50552868
2022-03-04,XRP/USD,0.75179,0.75558,0.69493,0.71314,5408933.7768240785,7584673.10321126
2022-03-03,XRP/USD,0.76983,0.79047,0.7342,0.75282,4096712.622354449,5441822.24483203
2022-03-02,XRP/USD,0.78487,0.7853,0.75619,0.76961,3861632.049757222,5017647.96423802
2022-03-01,XRP/USD,0.78219,0.80393,0.75752,0.78444,7490853.570470377,9549300.86491048
2022-02-28,XRP/USD,0.72193,0.79463,0.70833,0.7822,6629157.956008998,8475016.56355024
2022-02-27,XRP/USD,0.75179,0.76816,0.70415,0.72244,5803544.624049092,8033254.83645575
2022-02-26,XRP/USD,0.76995,0.7968,0.74102,0.75093,11852866.958490713,15784250.14114593
2022-02-25,XRP/USD,0.69732,0.78074,0.68306,0.77091,11550924.329709414,14983492.66413643
2022-02-24,XRP/USD,0.69777,0.72263,0.6231,0.697,15052198.39158208,21595693.53168161
2022-02-23,XRP/USD,0.72219,0.74495,0.69348,0.69722,6441094.348322529,9238252.41433483
2022-02-22,XRP/USD,0.70324,0.7276,0.66886,0.7219,7178917.656141917,9944476.59806333
2022-02-21,XRP/USD,0.77822,0.80275,0.69683,0.70234,8966865.858881546,12767129.67918892
2022-02-20,XRP/USD,0.82216,0.8237,0.76515,0.77802,6476881.592283005,8324826.60122234
2022-02-19,XRP/USD,0.78454,0.85424,0.77039,0.822,16186140.93405698,19691169.01953404
2022-02-18,XRP/USD,0.7691,0.80566,0.75623,0.78565,12481225.41050887,15886495.78121157
2022-02-17,XRP/USD,0.83775,0.8455,0.75361,0.7688,12777724.08998917,16620348.71226479
2022-02-16,XRP/USD,0.85226,0.85358,0.80888,0.83695,8931714.88664462,10671742.50151696
2022-02-15,XRP/USD,0.80178,0.8595,0.79631,0.85186,8217176.666570766,9646158.60184862
2022-02-14,XRP/USD,0.80656,0.81387,0.77862,0.8014,8117574.053891228,10129241.39492292
2022-02-13,XRP/USD,0.82277,0.84789,0.79291,0.8061,9429099.379244434,11697183.20213923
2022-02-12,XRP/USD,0.76005,0.85284,0.74684,0.82287,12010862.683267292,14596306.443626931
2022-02-11,XRP/USD,0.82657,0.83435,0.75101,0.75973,16368114.491868032,21544646.77170578
2022-02-10,XRP/USD,0.87142,0.89881,0.82199,0.82569,13597203.429183438,16467685.72852213
2022-02-09,XRP/USD,0.87718,0.91697,0.8444,0.8707,21317971.617172368,24483716.11022438
2022-02-08,XRP/USD,0.83253,0.91522,0.805,0.87655,37955844.50353869,43301402.66218548
2022-02-07,XRP/USD,0.68332,0.83857,0.67222,0.8323,25441254.427399807,30567408.89991566
2022-02-06,XRP/USD,0.66636,0.6886,0.65921,0.68373,2610835.44826693,3818518.19909457
2022-02-05,XRP/USD,0.65611,0.6875,0.65069,0.66636,5754724.023154313,8636058.62169745
2022-02-04,XRP/USD,0.61103,0.65988,0.60475,0.65614,6594490.556462908,10050432.15847671
2022-02-03,XRP/USD,0.60132,0.61126,0.58932,0.61,2526868.841809541,4142407.93739269
2022-02-02,XRP/USD,0.62892,0.63172,0.596,0.6015,2358700.4328939407,3921363.97821104
2022-02-01,XRP/USD,0.61771,0.63144,0.61142,0.62892,3304943.635865492,5254950.76617931
2022-01-31,XRP/USD,0.60157,0.6249,0.58033,0.61781,3542125.8052064404,5733357.83688584
2022-01-30,XRP/USD,0.61837,0.62373,0.59769,0.6016,2106293.8606181527,3501153.35874028
2022-01-29,XRP/USD,0.6114,0.62592,0.60898,0.61812,2120606.586024037,3430736.08041163
2022-01-28,XRP/USD,0.6093,0.61426,0.59221,0.61189,2457209.1757014683,4015769.46134349
2022-01-27,XRP/USD,0.61994,0.62482,0.58986,0.60913,2889525.7889900785,4743693.11803733
2022-01-26,XRP/USD,0.61864,0.65867,0.60493,0.61937,5311822.192063781,8576169.64345025
2022-01-25,XRP/USD,0.6123,0.625,0.58753,0.6181,3594576.6865932574,5815526.10676793
2022-01-24,XRP/USD,0.6289,0.6289,0.55344,0.61262,10225604.471117714,16691594.25274675
2022-01-23,XRP/USD,0.59701,0.63593,0.59051,0.62896,5619215.122903419,8934137.50143637
2022-01-22,XRP/USD,0.63707,0.65432,0.54837,0.59761,16590801.139008334,27761920.21386579
2022-01-21,XRP/USD,0.71969,0.72898,0.61217,0.63757,15325686.407275945,24037652.97500815
2022-01-20,XRP/USD,0.73801,0.76291,0.71591,0.72051,3241962.073056214,4499537.92876742
2022-01-19,XRP/USD,0.75113,0.7537,0.72344,0.73794,3000384.8852063855,4065892.7354614
2022-01-18,XRP/USD,0.76183,0.76882,0.73579,0.75183,3824415.7162902756,5086809.14075027
2022-01-17,XRP/USD,0.77894,0.78069,0.74966,0.76225,3165014.2040277487,4152199.67730764
2022-01-16,XRP/USD,0.77898,0.78434,0.76825,0.77892,2113318.671099818,2713139.56645075
2022-01-15,XRP/USD,0.77379,0.79061,0.76801,0.77899,2832715.350369392,3636395.01196343
2022-01-14,XRP/USD,0.76837,0.7905,0.75143,0.77362,6248415.229796579,8076853.27395437
2022-01-13,XRP/USD,0.79894,0.80284,0.7609,0.76814,3399118.165722849,4425128.44757837
2022-01-12,XRP/USD,0.77029,0.80794,0.75733,0.79895,7248350.447314341,9072345.51262825
2022-01-11,XRP/USD,0.74022,0.77658,0.73088,0.76994,7148180.177366162,9284074.31405845
2022-01-10,XRP/USD,0.75251,0.75925,0.69849,0.74023,9040327.38895707,12212862.743954
2022-01-09,XRP/USD,0.74505,0.76679,0.7383,0.75272,3614966.8247822,4802538.55986582
2022-01-08,XRP/USD,0.76362,0.77686,0.72262,0.74508,6384781.502004425,8569256.32415905
2022-01-07,XRP/USD,0.77911,0.78054,0.72892,0.76329,12622014.947477853,16536329.50448434
2022-01-06,XRP/USD,0.77207,0.79081,0.73809,0.77939,10279839.91675559,13189596.88571266
2022-01-05,XRP/USD,0.82263,0.837,0.70852,0.77279,14512150.48045327,18778905.62824735
2022-01-04,XRP/USD,0.83242,0.84569,0.81488,0.82244,4334522.3956406275,5270320.5044023
2022-01-03,XRP/USD,0.85832,0.85865,0.8213,0.8321,4732613.78260738,5687554.11922531
2022-01-02,XRP/USD,0.85117,0.86598,0.83738,0.85901,3652919.3506150735,4252475.9323117
2022-01-01,XRP/USD,0.8297,0.85617,0.8297,0.8504,3527383.2026290055,4147910.63338312
2021-12-31,XRP/USD,0.83882,0.85403,0.8024,0.82967,5464341.890769937,6586163.04165504
2021-12-30,XRP/USD,0.8176,0.85983,0.80226,0.83921,7455036.730194195,8883398.35106135
2021-12-29,XRP/USD,0.85184,0.86477,0.81103,0.8176,6188411.479429815,7568996.42787404
2021-12-28,XRP/USD,0.92689,0.92689,0.84603,0.85163,7981054.378148801,9371504.50095558
2021-12-27,XRP/USD,0.92048,0.9564,0.91453,0.9269,4702271.610955136,5073116.42135628
2021-12-26,XRP/USD,0.92561,0.93464,0.90557,0.92076,3993714.6896769074,4337411.14913431
2021-12-25,XRP/USD,0.91195,0.9348,0.89895,0.92542,9686801.32641475,10467464.85532488
2021-12-24,XRP/USD,0.99481,0.99736,0.89774,0.91136,25416636.483188238,27888689.9613635
2021-12-23,XRP/USD,0.95458,1.0174,0.93801,0.9944,32688820.806858554,32872909.09780627
2021-12-22,XRP/USD,0.94702,0.973,0.92334,0.95451,17244931.53714974,18066789.80539726
2021-12-21,XRP/USD,0.88037,0.96129,0.8534,0.94749,20127510.66961574,21242979.52444431
2021-12-20,XRP/USD,0.8351,0.91546,0.8245,0.87989,20270782.47072362,23037859.81284436
2021-12-19,XRP/USD,0.82667,0.84882,0.81925,0.83478,5714292.90932852,6845268.10576262
2021-12-18,XRP/USD,0.79713,0.83481,0.79124,0.82707,5855046.75924927,7079263.85825779
2021-12-17,XRP/USD,0.8053,0.83394,0.77604,0.79639,8879250.587405836,11149374.78798809
2021-12-16,XRP/USD,0.82701,0.83694,0.80348,0.80571,6602687.134131732,8194868.04697935
2021-12-15,XRP/USD,0.81126,0.84039,0.77747,0.82675,12176738.858210951,14728441.31625153
2021-12-14,XRP/USD,0.78251,0.82213,0.7728,0.81182,16034061.043475455,19750758.84244716
2021-12-13,XRP/USD,0.8403,0.84495,0.76158,0.78266,15843964.688063188,20243738.9007528
2021-12-12,XRP/USD,0.83993,0.85741,0.81,0.84039,7136240.051212523,8491581.35057833
2021-12-11,XRP/USD,0.80006,0.845,0.78571,0.83959,8227654.535643077,9799609.97110861
2021-12-10,XRP/USD,0.85871,0.88329,0.79289,0.80024,21991903.935328517,27481635.42853209
2021-12-09,XRP/USD,0.86283,0.93477,0.83266,0.85951,24762879.66878438,28810461.38937811
2021-12-08,XRP/USD,0.81643,0.8851,0.8042,0.86234,11206754.319661891,12995749.14727589
2021-12-07,XRP/USD,0.82649,0.84634,0.80439,0.8164,8635694.047148969,10577773.20816875
2021-12-06,XRP/USD,0.80561,0.831,0.75021,0.82671,12093723.324996348,14628737.19320723
2021-12-05,XRP/USD,0.8466,0.8632,0.76975,0.80568,12001814.661063615,14896503.15393657
2021-12-04,XRP/USD,0.9217,0.92478,0.57504,0.8481,77989162.15508427,91957507.55227482
2021-12-03,XRP/USD,0.9725,0.98433,0.89501,0.92292,11456190.624966001,12412983.38422182
2021-12-02,XRP/USD,0.9908,0.9908,0.9563,0.97317,8006457.804863718,8227193.40389009
2021-12-01,XRP/USD,0.99995,1.0188,0.9799,0.9907,10435838.425816912,10533802.79178047
2021-11-30,XRP/USD,0.99089,1.0301,0.97108,0.99904,13401855.406547055,13414733.55075578
2021-11-29,XRP/USD,0.96932,1.003,0.9647,0.99055,14119115.502869962,14253814.04560089
2021-11-28,XRP/USD,0.9464,0.97,0.88268,0.96968,14388224.804658275,14838116.49684254
2021-11-27,XRP/USD,0.94082,0.96717,0.935,0.94728,9108722.427560506,9615660.02402722
2021-11-26,XRP/USD,1.0449,1.0478,0.90404,0.94052,41745399.20428102,44385445.50278677
2021-11-25,XRP/USD,1.0332,1.0657,1.0226,1.0446,12507698.368021147,11973672.57133941
2021-11-24,XRP/USD,1.067,1.0742,1.0071,1.0336,11969031.774285061,11579945.60205598
2021-11-23,XRP/USD,1.037,1.0727,1.0207,1.067,11361668.39343508,10648236.5449251
2021-11-22,XRP/USD,1.0602,1.0721,1.0281,1.0371,12772586.582082456,12315675.03816648
2021-11-21,XRP/USD,1.0984,1.0989,1.057,1.0588,7366016.726992208,6956948.17434096
2021-11-20,XRP/USD,1.0908,1.1024,1.0614,1.0982,8688798.269510332,7911854.18822649
2021-11-19,XRP/USD,1.0416,1.1027,1.0187,1.0912,19656131.348174024,18013316.8513325
2021-11-18,XRP/USD,1.0956,1.1616,1.017,1.0421,43316616.857032664,41566660.45200332
2021-11-17,XRP/USD,1.0876,1.1131,1.0592,1.0954,15467940.838234434,14120815.07963706
2021-11-16,XRP/USD,1.1705,1.1707,1.042,1.0876,44370513.256566755,40796720.53748323
2021-11-15,XRP/USD,1.188,1.22,1.1654,1.1716,17464150.779531542,14906239.99618602
2021-11-14,XRP/USD,1.1903,1.1992,1.1671,1.188,9640631.107699674,8115009.34991555
2021-11-13,XRP/USD,1.1884,1.2043,1.1669,1.1892,11196436.346624926,9415099.51784807
2021-11-12,XRP/USD,1.2143,1.2326,1.155,1.1886,17671179.144708242,14867221.22220111
2021-11-11,XRP/USD,1.1899,1.2523,1.1755,1.2146,21963066.29460646,18082550.87650787
2021-11-10,XRP/USD,1.2577,1.3483,1.1197,1.1902,88901626.26685949,74694695.23345613
2021-11-09,XRP/USD,1.2815,1.2887,1.225,1.2577,26923263.842555083,21406745.52163082
2021-11-08,XRP/USD,1.2202,1.2963,1.2199,1.2814,26999523.11792241,21070331.76051382
2021-11-07,XRP/USD,1.1512,1.2369,1.1457,1.2192,15641855.799443638,12829606.13471427
2021-11-06,XRP/USD,1.1588,1.1759,1.0971,1.1516,9650572.288147246,8380142.66077392
2021-11-05,XRP/USD,1.2007,1.2014,1.133,1.1592,13697516.39911475,11816353.00130672
2021-11-04,XRP/USD,1.2106,1.2572,1.1621,1.2011,20764640.59677097,17288019.81248103
2021-11-03,XRP/USD,1.1358,1.235,1.127,1.21,32976353.40836096,27253184.63500906
2021-11-02,XRP/USD,1.0924,1.1469,1.0858,1.1353,14376357.594757382,12663047.29565523
2021-11-01,XRP/USD,1.1135,1.1321,1.0702,1.0917,10029513.895711476,9187060.45224098
2021-10-31,XRP/USD,1.0853,1.1541,1.07,1.113,20590502.38870898,18500002.14618956
2021-10-30,XRP/USD,1.082,1.1161,1.0616,1.0849,9056847.91574628,8348094.67761663
2021-10-29,XRP/USD,1.0584,1.0899,1.0545,1.0818,6714730.474051227,6206998.03480424
2021-10-28,XRP/USD,0.99512,1.0804,0.9808,1.0583,16741247.325009387,15818999.645667
2021-10-27,XRP/USD,1.1068,1.1239,0.94694,0.99449,25692010.659600593,25834357.97202646
2021-10-26,XRP/USD,1.0959,1.1593,1.0887,1.1068,15876059.2568525,14344108.47203876
2021-10-25,XRP/USD,1.0821,1.1037,1.0778,1.0955,4700215.856225614,4290475.45068518
2021-10-24,XRP/USD,1.0936,1.0962,1.0483,1.0829,6085231.533568898,5619384.55403906
2021-10-23,XRP/USD,1.0887,1.1013,1.0764,1.0937,3953049.8579655704,3614382.24189958
2021-10-22,XRP/USD,1.0887,1.1285,1.0746,1.0889,11815320.9639781,10850694.24554881
2021-10-21,XRP/USD,1.1464,1.1648,1.0845,1.0885,22906929.641120344,21044492.09106141
2021-10-20,XRP/USD,1.0911,1.1531,1.0872,1.146,14370377.910931993,12539596.78091797
2021-10-19,XRP/USD,1.0833,1.1015,1.0658,1.0911,7430615.789340772,6810206.02084206
2021-10-18,XRP/USD,1.0948,1.1072,1.0641,1.0832,11931837.5559118,11015359.63433512
2021-10-17,XRP/USD,1.135,1.14,1.0171,1.0942,19113327.97670325,17467855.94653925
2021-10-16,XRP/USD,1.1423,1.1869,1.13,1.1344,13783593.787195427,12150558.6981624
2021-10-15,XRP/USD,1.1341,1.1655,1.0919,1.1418,19226808.54852226,16839033.58602405
2021-10-14,XRP/USD,1.1283,1.158,1.1176,1.1339,10299631.850309832,9083368.77176985
2021-10-13,XRP/USD,1.1015,1.1392,1.0751,1.1278,10703539.113022933,9490635.85123509
2021-10-12,XRP/USD,1.1366,1.1366,1.0632,1.1011,19985105.855820306,18150127.92282291
2021-10-11,XRP/USD,1.1356,1.1822,1.1036,1.1365,18635194.083830576,16397003.1533925
2021-10-10,XRP/USD,1.1612,1.2292,1.1266,1.1354,31403191.80113751,27658262.99201824
2021-10-09,XRP/USD,1.0639,1.208,1.0564,1.1608,29951734.37109338,25802665.72285784
2021-10-08,XRP/USD,1.0679,1.0925,1.0536,1.063,7295091.18440129,6862738.64948381
2021-10-07,XRP/USD,1.0765,1.094,1.0435,1.0674,9251724.104732381,8667532.4196481
2021-10-06,XRP/USD,1.0847,1.1081,1.0179,1.0764,19546748.296863385,18159372.25646914
2021-10-05,XRP/USD,1.0434,1.089,1.0387,1.0851,14847763.853820713,13683313.84556328
2021-10-04,XRP/USD,1.0561,1.0602,1.0059,1.0434,11969538.47252535,11471668.07794264
2021-10-03,XRP/USD,1.0359,1.0892,1.0213,1.0561,14511029.684418147,13740204.22726839
2021-10-02,XRP/USD,1.0427,1.0724,1.0089,1.0362,10782983.763634494,10406276.5524363
2021-10-01,XRP/USD,0.95379,1.0686,0.94447,1.0423,18723824.867335293,17963949.79116885
2021-09-30,XRP/USD,0.9267,0.96438,0.92218,0.9537,5410931.178454482,5673619.77399023
2021-09-29,XRP/USD,0.89356,0.9934,0.88667,0.92788,15167769.369394897,16346692.85833825
2021-09-28,XRP/USD,0.922,0.94361,0.891,0.89355,5456001.461134719,6105983.39335764
2021-09-27,XRP/USD,0.94428,0.98193,0.92005,0.92198,8648758.307076085,9380635.48783714
2021-09-26,XRP/USD,0.94067,0.95786,0.89309,0.9454,12892088.140278038,13636649.18582403
2021-09-25,XRP/USD,0.94501,0.95845,0.91718,0.941,9811594.251612201,10426773.91244655
2021-09-24,XRP/USD,1.0019,1.0031,0.88676,0.94504,20576382.008868605,21773027.60609985
2021-09-23,XRP/USD,1.0033,1.017,0.96858,1.0023,11002457.671498328,10977210.08829525
2021-09-22,XRP/USD,0.87497,1.0098,0.86847,1.0037,24103172.89505064,24014319.91137854
2021-09-21,XRP/USD,0.92248,0.95955,0.859,0.87444,27028607.625795692,30909619.44306721
2021-09-20,XRP/USD,1.0482,1.0497,0.87495,0.92142,40937132.083673336,44428308.57119808
2021-09-19,XRP/USD,1.0754,1.0841,1.037,1.048,8063310.343202244,7693998.41908611
2021-09-18,XRP/USD,1.067,1.0953,1.057,1.0758,7566723.080473023,7033577.87736849
2021-09-17,XRP/USD,1.0905,1.103,1.0513,1.0668,13920845.83155275,13049161.82185297
2021-09-16,XRP/USD,1.1216,1.1312,1.0669,1.0905,24799158.083601296,22741089.48519147
2021-09-15,XRP/USD,1.0969,1.1303,1.0783,1.1221,13433244.577840941,11971521.76975398
2021-09-14,XRP/USD,1.0644,1.0985,1.0565,1.0978,10825757.461310405,9861320.3327659
2021-09-13,XRP/USD,1.1175,1.1264,1.024,1.065,17685033.88044675,16605665.61544296
2021-09-12,XRP/USD,1.0796,1.1274,1.058,1.1189,12683121.953427972,11335348.96186252
2021-09-11,XRP/USD,1.0551,1.113,1.0506,1.0797,14442700.695059735,13376586.732481
2021-09-10,XRP/USD,1.0877,1.2451,1.0295,1.0551,74376061.42640272,70491954.72126123
2021-09-09,XRP/USD,1.1002,1.138,1.0728,1.087,20551814.388661902,18906912.96105051
2021-09-08,XRP/USD,1.1282,1.1477,1.0158,1.1004,47378397.80142509,43055614.14160768
2021-09-07,XRP/USD,1.39,1.3924,0.92742,1.1283,160019565.14190114,141823597.5732528
2021-09-06,XRP/USD,1.3074,1.4154,1.3071,1.39,60106834.21988377,43242326.7768948
2021-09-05,XRP/USD,1.2551,1.3133,1.2364,1.3086,15132921.2550639,11564206.98079161
2021-09-04,XRP/USD,1.2909,1.2977,1.2361,1.2552,15922778.078721346,12685450.98687169
2021-09-03,XRP/USD,1.2535,1.3237,1.2213,1.291,29176271.602878775,22599745.62577752
2021-09-02,XRP/USD,1.2364,1.2962,1.2226,1.2531,28903950.44474453,23065956.78297385
2021-09-01,XRP/USD,1.1862,1.2381,1.1589,1.2364,30109901.11009821,24352880.22492576
2021-08-31,XRP/USD,1.1009,1.2435,1.0923,1.1867,37458428.69888917,31565204.93712747
2021-08-30,XRP/USD,1.1414,1.1493,1.0956,1.1016,20155095.26811565,18296201.22377964
2021-08-29,XRP/USD,1.1469,1.1696,1.1128,1.1413,23069866.899992097,20213674.66922991
2021-08-28,XRP/USD,1.1911,1.198,1.1334,1.1463,15397685.093790464,13432509.02363296
2021-08-27,XRP/USD,1.071,1.1916,1.0514,1.1907,47297103.998424724,39722099.60395122
2021-08-26,XRP/USD,1.1738,1.1858,1.0647,1.0719,69889607.6385972,65201611.75351917
2021-08-25,XRP/USD,1.1353,1.178,1.1079,1.1743,41063573.846511714,34968554.75305434
2021-08-24,XRP/USD,1.2459,1.2662,1.1276,1.1357,59858399.33863317,52706171.82234144
2021-08-23,XRP/USD,1.2267,1.304,1.2043,1.2464,30849307.243458487,24750727.89109314
2021-08-22,XRP/USD,1.2171,1.2567,1.18,1.2266,22348389.916914172,18219786.33369817
2021-08-21,XRP/USD,1.2638,1.2839,1.2028,1.2161,23483659.797416016,19310632.18272841
2021-08-20,XRP/USD,1.2351,1.2889,1.1991,1.2634,35039689.75772077,27734438.62412598
2021-08-19,XRP/USD,1.144,1.2364,1.0907,1.2341,54918689.57130927,44501004.43344078
2021-08-18,XRP/USD,1.099,1.1951,1.052,1.144,99500949.13561034,86976354.13951954
2021-08-17,XRP/USD,1.1858,1.2249,1.0867,1.0995,68381346.9699797,62193130.48656636
2021-08-16,XRP/USD,1.2845,1.33,1.1455,1.1866,69134553.91908514,58262728.73679853
2021-08-15,XRP/USD,1.28,1.3498,1.2268,1.2847,63423384.92890815,49368245.44944979
2021-08-14,XRP/USD,1.091,1.3109,1.0702,1.2804,94729929.16967772,73984636.96475923
2021-08-13,XRP/USD,0.96688,1.0969,0.95179,1.0911,46807208.9223235,42899100.83615022
2021-08-12,XRP/USD,1.0112,1.0449,0.92364,0.96689,52472957.68226129,54269831.81360991
2021-08-11,XRP/USD,0.85099,1.089,0.84798,1.0118,54448401.80408011,53813403.64111495
2021-08-10,XRP/USD,0.81714,0.86265,0.79962,0.85155,21090266.330255054,24766914.83794851
2021-08-09,XRP/USD,0.77864,0.82786,0.75886,0.81796,11966871.659991447,14630142.86761143
2021-08-08,XRP/USD,0.81618,0.83997,0.77158,0.77841,12296041.48228129,15796356.01069011
2021-08-07,XRP/USD,0.74761,0.81828,0.74138,0.81616,15138774.300774625,18548782.47007281
2021-08-06,XRP/USD,0.73375,0.75375,0.72252,0.74677,4848684.761656493,6492875.66674678
2021-08-05,XRP/USD,0.73143,0.7394,0.70102,0.73367,7968633.628690819,10861332.24568378
2021-08-04,XRP/USD,0.7136,0.74,0.69527,0.73082,7528660.999272052,10301662.51508176
2021-08-03,XRP/USD,0.73812,0.745,0.70112,0.7133,11148626.04203554,15629645.36945961
2021-08-02,XRP/USD,0.72554,0.77408,0.71518,0.73812,9502798.913394662,12874327.90521143
2021-08-01,XRP/USD,0.74542,0.77717,0.7072,0.72399,13144431.773231054,18155543.27163504
2021-07-31,XRP/USD,0.75213,0.75902,0.73712,0.74505,4907342.218435704,6586594.48149212
2021-07-30,XRP/USD,0.74959,0.76926,0.71248,0.75301,11844877.173677357,15730039.67235144
2021-07-29,XRP/USD,0.73269,0.76623,0.69706,0.75018,11288318.68554097,15047480.18547678
2021-07-28,XRP/USD,0.6453,0.75471,0.63082,0.73269,21991840.61704243,30015205.08952276
2021-07-27,XRP/USD,0.62423,0.65266,0.61202,0.64607,5629776.337678664,8713879.82367029
2021-07-26,XRP/USD,0.60742,0.679,0.60534,0.62409,15264237.895919384,24458392.05229916
2021-07-25,XRP/USD,0.6099,0.61257,0.59117,0.60773,3133725.483555518,5156443.62390456
2021-07-24,XRP/USD,0.60983,0.62113,0.60023,0.60918,3782754.9835108477,6209584.98885526
2021-07-23,XRP/USD,0.59268,0.61043,0.57563,0.60937,4665718.950612861,7656627.2553832
2021-07-22,XRP/USD,0.57219,0.604,0.56102,0.59242,5513267.096876322,9306348.70003768
2021-07-21,XRP/USD,0.52917,0.58487,0.52,0.57153,5925953.962758897,10368579.01205343
2021-07-20,XRP/USD,0.55746,0.57048,0.51601,0.52917,5031512.054667458,9508309.34230485
2021-07-19,XRP/USD,0.58721,0.5901,0.55382,0.55786,3144708.819167232,5637093.21185823
2021-07-18,XRP/USD,0.58292,0.60189,0.57182,0.58721,3531486.7677183747,6014009.9244195
2021-07-17,XRP/USD,0.58951,0.59848,0.56,0.58262,5512608.774710476,9461756.84787765
2021-07-16,XRP/USD,0.5987,0.6205,0.58746,0.58959,6933659.197010868,11760137.03931693
2021-07-15,XRP/USD,0.6202,0.62724,0.58803,0.59823,4046003.9502101303,6763291.62731747
2021-07-14,XRP/USD,0.61941,0.6257,0.58461,0.62028,4979599.875899055,8027987.16047439
2021-07-13,XRP/USD,0.62856,0.64328,0.60856,0.61985,5264700.345770892,8493507.05133644
2021-07-12,XRP/USD,0.63641,0.65714,0.61647,0.62824,3916129.794395927,6233493.24206661
2021-07-11,XRP/USD,0.62477,0.6445,0.61706,0.63616,2408050.3055895134,3785290.34455092
2021-07-10,XRP/USD,0.63609,0.64831,0.61182,0.62491,2913643.016399098,4662500.22627114
2021-07-09,XRP/USD,0.62116,0.64533,0.59113,0.63645,5967301.168431209,9375915.10477054
2021-07-08,XRP/USD,0.65242,0.6548,0.6107,0.62115,8105544.486550829,13049254.58673562
2021-07-07,XRP/USD,0.66502,0.67442,0.65011,0.65242,2753013.418732312,4219695.01047226
2021-07-06,XRP/USD,0.65205,0.68024,0.65102,0.66586,4231315.766650178,6354662.79195353
2021-07-05,XRP/USD,0.69626,0.69646,0.64392,0.65223,5945541.67524243,9115713.2840293
2021-07-04,XRP/USD,0.67242,0.70941,0.66569,0.6962,3668468.2688258565,5269273.58349017
2021-07-03,XRP/USD,0.65586,0.68538,0.64305,0.67395,4096322.770977553,6078081.12022784
2021-07-02,XRP/USD,0.65905,0.6674,0.63289,0.65657,3760804.554005093,5727956.73577089
2021-07-01,XRP/USD,0.70677,0.70679,0.64481,0.65954,7982766.8004610175,12103537.01134278
2021-06-30,XRP/USD,0.70676,0.71483,0.66608,0.70625,6214779.631779365,8799687.97420087
2021-06-29,XRP/USD,0.64438,0.73388,0.64193,0.7065,15072070.9485201,21333433.75586709
2021-06-28,XRP/USD,0.64894,0.65724,0.6249,0.64415,6340169.600936355,9842691.3000642
2021-06-27,XRP/USD,0.61792,0.65313,0.597,0.64894,8728445.9974276,13450312.81386199
2021-06-26,XRP/USD,0.6105,0.63274,0.58188,0.61786,9725903.155708186,15741273.35595149
2021-06-25,XRP/USD,0.67345,0.68884,0.60145,0.61103,16669948.708051585,27281718.91404937
2021-06-24,XRP/USD,0.6387,0.69239,0.61677,0.67345,16318035.313469874,24230507.5558243
2021-06-23,XRP/USD,0.54828,0.665,0.521,0.63899,26019928.200965054,40720399.69477622
2021-06-22,XRP/USD,0.60924,0.652,0.51252,0.54809,41845577.16862995,76348003.37285839
2021-06-21,XRP/USD,0.77569,0.78176,0.606,0.6082,24656301.100188445,40539791.35183895
2021-06-20,XRP/USD,0.75994,0.78567,0.69828,0.77501,12827756.283861127,16551730.02136892
2021-06-19,XRP/USD,0.79718,0.80599,0.75701,0.76,5848918.171049382,7695944.96190708
2021-06-18,XRP/USD,0.84143,0.84479,0.7678,0.79619,9624783.159325983,12088550.6717316
2021-06-17,XRP/USD,0.83159,0.86198,0.82242,0.84087,14395751.488368172,17120067.89202632
2021-06-16,XRP/USD,0.86604,0.87338,0.82533,0.83121,9879229.263560424,11885359.01103262
2021-06-15,XRP/USD,0.89035,0.9013,0.85511,0.86604,6975412.567834015,8054376.89694935
2021-06-14,XRP/USD,0.88394,0.92848,0.86253,0.89092,10654022.85791207,11958450.65540348
2021-06-13,XRP/USD,0.83283,0.88822,0.81752,0.88468,8867531.29794462,10023433.66860856
2021-06-12,XRP/USD,0.84766,0.84795,0.8055,0.83259,18603748.68116609,22344429.6486459
2021-06-11,XRP/USD,0.8682,0.88049,0.83363,0.84781,9760056.259723386,11512079.66374941
2021-06-10,XRP/USD,0.92097,0.92867,0.8525,0.86868,14415716.500939742,16594967.65315161
2021-06-09,XRP/USD,0.87439,0.92097,0.83091,0.92097,23460408.08553889,25473585.55168886
2021-06-08,XRP/USD,0.86212,0.887,0.7856,0.87444,30661887.676611923,35064598.68785957
2021-06-07,XRP/USD,0.94638,0.975,0.842,0.86268,19897750.82171963,23065042.45110543
2021-06-06,XRP/USD,0.92311,0.9489,0.91819,0.94612,7348750.691134061,7767250.12803245
2021-06-05,XRP/USD,0.96979,0.99848,0.896,0.92273,15415071.433560375,16705939.36856976
2021-06-04,XRP/USD,1.0458,1.0465,0.91574,0.96991,27482187.996333472,28334781.573891878
2021-06-03,XRP/USD,1.0248,1.078,1.0075,1.0449,17146404.49596595,16409612.87775476
2021-06-02,XRP/USD,1.01,1.0507,0.9795,1.024,14010420.975893494,13682051.73427099
2021-06-01,XRP/USD,1.0411,1.1,0.97414,1.01,32416212.827842094,32095260.22558623
2021-05-31,XRP/USD,0.90504,1.0486,0.87972,1.0417,38929384.954170175,37371013.68356549
2021-05-30,XRP/USD,0.8315,0.93284,0.79668,0.90524,19139068.76978588,21142535.42683253
2021-05-29,XRP/USD,0.89817,0.94136,0.7935,0.83049,23345209.90415417,28110163.76374691
2021-05-28,XRP/USD,0.975,0.9845,0.84621,0.89824,32837774.962793205,36557907.6447199
2021-05-27,XRP/USD,1.0336,1.0427,0.93406,0.97484,32184185.046591956,33014838.38023876
2021-05-26,XRP/USD,0.97613,1.0701,0.94752,1.0334,33379541.535454486,32300698.21507111
2021-05-25,XRP/USD,0.99327,1.0592,0.88174,0.97613,47271194.86396143,48427150.95731247
2021-05-24,XRP/USD,0.79147,0.99798,0.75551,0.99386,61653609.417469196,62034501.25517598
2021-05-23,XRP/USD,0.908,0.97129,0.652,0.791,84493228.08699,106818240.3122503
2021-05-22,XRP/USD,1.0086,1.0188,0.82012,0.90722,60129477.79675645,66278827.40322793
2021-05-21,XRP/USD,1.1807,1.22,0.86403,1.0095,134847482.8630767,133578487.23435035
2021-05-20,XRP/USD,1.0598,1.265,0.9085,1.1823,123818964.20895946,104727196.31985068
2021-05-19,XRP/USD,1.5902,1.6435,0.82918,1.0606,234201633.32404625,220819944.67664176
2021-05-18,XRP/USD,1.4975,1.7046,1.4719,1.591,116699976.67538653,73350079.61997896
2021-05-17,XRP/USD,1.4544,1.566,1.3308,1.4943,109854522.0604291,73515707.72965877
2021-05-16,XRP/USD,1.4966,1.6159,1.339,1.4529,114226800.96029072,78619864.38178176
2021-05-15,XRP/USD,1.402,1.5848,1.3215,1.4962,116420014.58069222,77810462.89312406
2021-05-14,XRP/USD,1.366,1.4485,1.3235,1.4025,46373250.99429521,33064706.59129783
2021-05-13,XRP/USD,1.2725,1.3881,1.2004,1.366,114448444.22489914,83783634.13242982
2021-05-12,XRP/USD,1.4805,1.5475,1.24,1.2704,94071056.5943185,74048375.78268144
2021-05-11,XRP/USD,1.3919,1.4884,1.353,1.4797,64478974.49050055,43575707.56944012
2021-05-10,XRP/USD,1.535,1.6285,1.2253,1.3907,119618155.35037541,86012911.01630503
2021-05-09,XRP/USD,1.5611,1.5948,1.4265,1.5349,77289581.60711278,50354799.40524645
2021-05-08,XRP/USD,1.58,1.6273,1.5419,1.561,54100306.82633973,34657467.53769361
2021-05-07,XRP/USD,1.6037,1.6936,1.504,1.5793,90471853.91133183,57286046.92669653
2021-05-06,XRP/USD,1.6149,1.7658,1.509,1.6042,170825176.2674891,106486208.86889982
2021-05-05,XRP/USD,1.388,1.6268,1.3686,1.6138,113088793.18029319,70076089.46603866
2021-05-04,XRP/USD,1.554,1.5581,1.3155,1.3889,118272116.71108629,85155242.79003981
2021-05-03,XRP/USD,1.561,1.62,1.5031,1.554,66021806.30238962,42485074.84066256
2021-05-02,XRP/USD,1.6516,1.6577,1.5269,1.5611,53848864.78298478,34494180.24661122
2021-05-01,XRP/USD,1.5976,1.664,1.5232,1.6518,55258003.43923036,33453204.64900736
2021-04-30,XRP/USD,1.3984,1.6392,1.375,1.5984,121682562.070438,76127729.02304679
2021-04-29,XRP/USD,1.3574,1.42,1.3278,1.3977,53479958.34375033,38262830.6101097
2021-04-28,XRP/USD,1.4015,1.4477,1.284,1.3574,85869658.58736901,63260393.83186165
2021-04-27,XRP/USD,1.3647,1.4671,1.3314,1.4029,120183472.57849379,85667882.65627898
2021-04-26,XRP/USD,1.036,1.3769,1.0145,1.365,141584963.73544046,103725248.15783183
2021-04-25,XRP/USD,1.052,1.1575,0.95,1.0359,72872592.84201293,70347130.84468861
2021-04-24,XRP/USD,1.1715,1.1728,1.0227,1.0516,43030867.159236185,40919424.83761524
2021-04-23,XRP/USD,1.156,1.1976,0.87472,1.1715,217318349.98648787,185504353.38155174
2021-04-22,XRP/USD,1.2909,1.42,1.0925,1.1563,117798815.01813596,101875650.79835333
2021-04-21,XRP/USD,1.3867,1.4634,1.2745,1.29,86308793.72819747,66906041.64976548
2021-04-20,XRP/USD,1.3094,1.4467,1.1788,1.3867,127114683.96024704,91667039.70595445
2021-04-19,XRP/USD,1.4095,1.5289,1.2465,1.3108,137787483.4420912,105117091.42667928
2021-04-18,XRP/USD,1.5391,1.5633,1.1197,1.4076,221566000.52087033,157406934.1580494
2021-04-17,XRP/USD,1.5475,1.741,1.5262,1.5395,101030459.7683665,65625501.63583404
2021-04-16,XRP/USD,1.7589,1.809,1.4203,1.5494,221646224.64669695,143052939.61965725
2021-04-15,XRP/USD,1.8348,1.8853,1.6486,1.7586,108709501.13388817,61815933.77339257
2021-04-14,XRP/USD,1.7928,1.9637,1.57,1.8346,365282563.7775309,199107469.62691098
2021-04-13,XRP/USD,1.4691,1.8853,1.4202,1.7949,365573956.9115521,203673718.2637206
2021-04-12,XRP/USD,1.353,1.4734,1.3206,1.4683,105758781.59731479,72028047.12750445
2021-04-11,XRP/USD,1.376,1.4965,1.3058,1.3525,154008213.83995107,113869289.34562
2021-04-10,XRP/USD,1.017,1.3967,1.0065,1.3716,293974857.4541114,214329875.6591655
2021-04-09,XRP/USD,1.0565,1.0842,0.98206,1.0181,71040572.7217866,69777598.19446675
2021-04-08,XRP/USD,0.91692,1.0722,0.90101,1.0574,75629125.47124803,71523666.98623797
2021-04-07,XRP/USD,1.0971,1.1111,0.8555,0.917,161659005.70731837,176291173.072321
2021-04-06,XRP/USD,0.91717,1.1177,0.8069,1.0971,246304019.66000557,224504620.96436566
2021-04-05,XRP/USD,0.63466,0.939,0.61952,0.91648,178907566.226741,195211642.61821425
2021-04-04,XRP/USD,0.57821,0.63567,0.5657,0.63466,13417888.869609855,21141853.70057961
2021-04-03,XRP/USD,0.6071,0.64171,0.57344,0.57858,27316606.846563395,47213188.92212554
2021-04-02,XRP/USD,0.57105,0.6095,0.56552,0.6071,18889476.175172877,31114274.70791118
2021-04-01,XRP/USD,0.57031,0.59549,0.5485,0.57093,18309426.68842727,32069477.323712658
2021-03-31,XRP/USD,0.56327,0.5767,0.5262,0.57017,23366942.6085065,40982413.33024625
2021-03-30,XRP/USD,0.56592,0.5875,0.5595,0.56294,12876086.489891864,22872928.71334754
2021-03-29,XRP/USD,0.5455,0.57149,0.54307,0.56621,12175061.887839109,21502732.00374262
2021-03-28,XRP/USD,0.54803,0.56141,0.53914,0.54593,4878606.590858992,8936322.58871832
2021-03-27,XRP/USD,0.56366,0.5745,0.53398,0.54754,12632020.932273246,23070498.83528737
2021-03-26,XRP/USD,0.51129,0.57708,0.51094,0.56339,21208501.71017696,37644441.16895394
2021-03-25,XRP/USD,0.48059,0.5247,0.4562,0.51159,22690251.44342047,44352413.93189951
2021-03-24,XRP/USD,0.54927,0.563,0.45033,0.48001,30171165.986462988,62855286.31999956
2021-03-23,XRP/USD,0.54406,0.59741,0.53816,0.54918,28202607.24066799,51354031.90332494
2021-03-22,XRP/USD,0.51652,0.602,0.50102,0.54408,53643627.18223999,98595109.51007202
2021-03-21,XRP/USD,0.52573,0.54671,0.49451,0.51686,23094529.343533047,44682369.19771901
2021-03-20,XRP/USD,0.46655,0.54956,0.46481,0.52562,32948991.047751043,62685953.82167924
2021-03-19,XRP/USD,0.46887,0.475,0.45867,0.46645,7539097.935898793,16162713.9798452
2021-03-18,XRP/USD,0.46953,0.49068,0.46568,0.46886,9436823.883910181,20127167.77697006
2021-03-17,XRP/USD,0.4608,0.48196,0.454,0.46951,13249507.805777175,28219862.84802704
2021-03-16,XRP/USD,0.43612,0.52099,0.4281,0.46059,40322246.43501077,87544771.7818684
2021-03-15,XRP/USD,0.43839,0.4478,0.4225,0.43608,11365760.384733144,26063475.4740716
2021-03-14,XRP/USD,0.4587,0.46194,0.43804,0.43858,5815861.145739669,13260662.01317814
2021-03-13,XRP/USD,0.44021,0.467,0.43232,0.45781,11418996.333249366,24942653.79360295
2021-03-12,XRP/USD,0.45339,0.465,0.423,0.43999,13179282.329665665,29953595.1491299
2021-03-11,XRP/USD,0.4625,0.465,0.43842,0.45275,9487320.085900871,20954875.94898039
2021-03-10,XRP/USD,0.48592,0.48994,0.455,0.4624,14698232.11983992,31786834.16920398
2021-03-09,XRP/USD,0.4747,0.48799,0.472,0.48532,7076163.621748819,14580408.02305452
2021-03-08,XRP/USD,0.46547,0.48949,0.4551,0.47429,12898184.708707843,27194722.02388379
2021-03-07,XRP/USD,0.4632,0.46941,0.45726,0.46538,4365648.291610257,9380824.89924418
2021-03-06,XRP/USD,0.45506,0.47146,0.44953,0.46251,8610337.8852181,18616544.25897408
2021-03-05,XRP/USD,0.48194,0.48498,0.44658,0.45513,13396182.981352033,29433750.7555029
2021-03-04,XRP/USD,0.44914,0.49487,0.43322,0.48085,32836531.53346928,68288513.11941203
2021-03-03,XRP/USD,0.43662,0.46888,0.43032,0.44835,9616409.395584125,21448442.9476617
2021-03-02,XRP/USD,0.44544,0.455,0.42201,0.43672,10833988.755748088,24807631.33300075
2021-03-01,XRP/USD,0.41651,0.454,0.4131,0.44546,12807863.596148714,28751994.78325487
2021-02-28,XRP/USD,0.4362,0.43947,0.39353,0.41678,12510261.787243556,30016463.81122788
2021-02-27,XRP/USD,0.42806,0.45847,0.42706,0.43647,10162613.483130334,23283647.17650774
2021-02-26,XRP/USD,0.43615,0.45,0.41,0.42841,20011374.779394954,46710802.22075804
2021-02-25,XRP/USD,0.46867,0.48241,0.425,0.43546,11378709.235931242,26130320.20376439
2021-02-24,XRP/USD,0.47626,0.49973,0.45126,0.46932,19690808.637788624,41956039.88278493
2021-02-23,XRP/USD,0.56591,0.57072,0.3616,0.47638,103949170.03575708,218206410.9235423
2021-02-22,XRP/USD,0.5443,0.65,0.514,0.56531,145583838.58780664,257529211.5614559
2021-02-21,XRP/USD,0.51134,0.55875,0.5025,0.54437,28477549.276684802,52312855.73540937
2021-02-20,XRP/USD,0.56479,0.58365,0.46595,0.51095,44429596.43018526,86954880.96718907
2021-02-19,XRP/USD,0.53143,0.58231,0.5131,0.56463,36856640.69083209,65275739.31748596
2021-02-18,XRP/USD,0.53424,0.55999,0.52,0.53135,21737411.289077472,40909779.40919822
2021-02-17,XRP/USD,0.52046,0.558,0.49191,0.53424,32918983.0325383,61618342.00460148
2021-02-16,XRP/USD,0.55025,0.58099,0.48192,0.52017,46154703.37445057,88730037.05413724
2021-02-15,XRP/USD,0.59284,0.60425,0.50278,0.55027,59636674.66751847,108377114.2666663
2021-02-14,XRP/USD,0.63381,0.64074,0.5601,0.59272,46310477.23018996,78132131.91758327
2021-02-13,XRP/USD,0.61,0.64364,0.542,0.63324,85966722.77226412,135756936.97849807
2021-02-12,XRP/USD,0.52834,0.61964,0.51925,0.609,61563349.42238345,101089243.71491535
2021-02-11,XRP/USD,0.50517,0.53621,0.5,0.52849,26437316.482056256,50024251.13447039
2021-02-10,XRP/USD,0.477,0.542,0.44053,0.5048,76893037.69533944,152323767.22531584
2021-02-09,XRP/USD,0.45214,0.49171,0.44919,0.47632,31903051.248463534,66978189.55421467
2021-02-08,XRP/USD,0.41863,0.47106,0.41232,0.45214,27867544.000370644,61634767.99303456
2021-02-07,XRP/USD,0.44337,0.45147,0.38911,0.41863,33085202.81023614,79032087.54804038
2021-02-06,XRP/USD,0.45274,0.45743,0.42603,0.44292,17459859.736784365,39419894.64640198
2021-02-05,XRP/USD,0.44519,0.4721,0.42437,0.45243,44665568.46680834,98723710.7769342
2021-02-04,XRP/USD,0.39744,0.48,0.37963,0.44518,73683656.1007681,165514300.06012872
2021-02-03,XRP/USD,0.37346,0.41999,0.37346,0.39744,30014749.742111042,75520203.65869324
2021-02-02,XRP/USD,0.3722,0.412,0.34042,0.37334,59735288.05504783,160002378.67640176
2021-02-01,XRP/USD,0.49573,0.75742,0.35966,0.37262,310533509.85273737,833378535.3785019
2021-01-31,XRP/USD,0.44405,0.51,0.38758,0.49558,170433012.7054764,343906155.82847655
2021-01-30,XRP/USD,0.28333,0.51695,0.27747,0.44508,298570153.3207459,670823567.2704815
2021-01-29,XRP/USD,0.26442,0.317,0.25977,0.28321,47343511.410405256,167167513.18952456
2021-01-28,XRP/USD,0.25117,0.27,0.24736,0.26427,8605566.268045524,32563538.30569313
2021-01-27,XRP/USD,0.26871,0.26901,0.2442,0.25104,7379531.002933777,29395837.32844876
2021-01-26,XRP/USD,0.26718,0.27148,0.25827,0.26855,5587117.609724823,20804757.43706879
2021-01-25,XRP/USD,0.27389,0.2855,0.26705,0.26754,8408649.363566367,31429503.48944594
2021-01-24,XRP/USD,0.27191,0.27851,0.26852,0.27362,4935514.257154472,18037841.74093441
2021-01-23,XRP/USD,0.27298,0.28407,0.26563,0.27193,6711160.844261021,24679736.8597103
2021-01-22,XRP/USD,0.26829,0.27886,0.24,0.27307,24665949.749604113,90328303.18088445
2021-01-21,XRP/USD,0.29593,0.308,0.25903,0.26787,18860524.323302645,70409244.49659404
2021-01-20,XRP/USD,0.29403,0.3117,0.27909,0.2954,14592925.886536574,49400561.56579748
2021-01-19,XRP/USD,0.28585,0.3299,0.28434,0.29357,22928483.492989324,78102270.30346876
2021-01-18,XRP/USD,0.27772,0.28952,0.27163,0.28597,8314778.478405481,29075701.92119971
2021-01-17,XRP/USD,0.27926,0.28577,0.26851,0.27777,6423147.760226964,23123979.4082405
2021-01-16,XRP/USD,0.27958,0.308,0.27542,0.27931,11718063.306922061,41953611.7823281
2021-01-15,XRP/USD,0.29658,0.303,0.2612,0.27991,13637503.660155721,48721030.54608882
2021-01-14,XRP/USD,0.30573,0.30877,0.28223,0.29632,16657222.089094097,56213627.46049574
2021-01-13,XRP/USD,0.29286,0.30999,0.28421,0.3055,13099586.923162745,42879171.59791406
2021-01-12,XRP/USD,0.2875,0.31039,0.27722,0.29287,22578118.30771746,77092629.1792176
2021-01-11,XRP/USD,0.31526,0.31649,0.2512,0.28767,47661915.823558986,165682607.93116763
2021-01-10,XRP/USD,0.32469,0.36799,0.28785,0.31501,43129760.06885923,136915526.70981628
2021-01-09,XRP/USD,0.31952,0.34,0.30529,0.325,31615126.513765913,97277312.35004896
2021-01-08,XRP/USD,0.32376,0.34588,0.28389,0.31996,57234556.671550065,178880349.64229923
2021-01-07,XRP/USD,0.24892,0.3696,0.24521,0.32358,120394050.20842956,372068886.2365708
2021-01-06,XRP/USD,0.22626,0.27415,0.22137,0.24892,33959483.08697614,136427298.27645886
2021-01-05,XRP/USD,0.23584,0.24291,0.21756,0.22592,13804375.498671826,61102936.87443265
2021-01-04,XRP/USD,0.22518,0.26185,0.21501,0.23591,22850716.12017411,96862007.20687596
2021-01-03,XRP/USD,0.2212,0.23983,0.21511,0.22488,15244977.331609435,67791610.3326638
2021-01-02,XRP/USD,0.2379,0.23829,0.21116,0.22126,15286488.693551641,69088351.68377312
