Datetime,Symbol_Pair,Open,High,Low,Close,Volume_USD,Volume_in_ADA
2022-12-27,ADA/USD,0.26567,0.26662,0.25663,0.2605,2994358.9094521273,11494659.92112141
2022-12-26,ADA/USD,0.25944,0.26599,0.25782,0.2656,3470721.90949579,13067477.06888475
2022-12-25,ADA/USD,0.25944,0.26032,0.25487,0.2595,1641865.5620001305,6327034.92100243
2022-12-24,ADA/USD,0.25975,0.26088,0.25692,0.25946,1573270.508878333,6063634.12039749
2022-12-23,ADA/USD,0.25698,0.26448,0.25572,0.25979,2582884.933310491,9942203.06135914
2022-12-22,ADA/USD,0.25347,0.25721,0.2467,0.25668,1776338.7702319955,6920440.9000779
2022-12-21,ADA/USD,0.25888,0.25979,0.24805,0.25362,2577085.3974822043,10161207.30810742
2022-12-20,ADA/USD,0.25309,0.26235,0.25142,0.25904,1405283.8269585606,5424968.44872823
2022-12-19,ADA/USD,0.26674,0.26962,0.24911,0.25289,1870901.9577224737,7398085.95722438
2022-12-18,ADA/USD,0.26796,0.27222,0.26287,0.26628,1936084.581249941,7270859.92658082
2022-12-17,ADA/USD,0.26384,0.26835,0.259,0.26769,2078477.4494011165,7764494.18880465
2022-12-16,ADA/USD,0.30048,0.3015,0.25471,0.26383,3294666.410664207,12487838.42119625
2022-12-15,ADA/USD,0.30822,0.30876,0.29635,0.30047,1676677.6722031727,5580183.28686116
2022-12-14,ADA/USD,0.31422,0.31577,0.30596,0.30835,2036377.9535367945,6604112.05946747
2022-12-13,ADA/USD,0.30735,0.31899,0.29954,0.31406,2197049.8966362383,6995637.44710004
2022-12-12,ADA/USD,0.30753,0.3081,0.30081,0.30703,909025.0923000295,2960704.46633889
2022-12-11,ADA/USD,0.31259,0.31525,0.30528,0.30771,724659.2268975213,2355007.07451016
2022-12-10,ADA/USD,0.3119,0.3149,0.31088,0.31269,338660.748672313,1083055.89776556
2022-12-09,ADA/USD,0.31496,0.31688,0.30882,0.31198,596732.5061560228,1912726.79708963
2022-12-08,ADA/USD,0.31041,0.31599,0.30733,0.31481,1078218.5307818854,3424981.83279402
2022-12-07,ADA/USD,0.3183,0.3202,0.30689,0.31032,2164309.7030231445,6974444.77643447
2022-12-06,ADA/USD,0.31962,0.32144,0.31402,0.31848,875370.6507591859,2748589.08176082
2022-12-05,ADA/USD,0.32261,0.32928,0.31636,0.31967,1400086.9757825246,4379788.45616581
2022-12-04,ADA/USD,0.3197,0.32448,0.31825,0.32274,1698147.609070174,5261658.32890306
2022-12-03,ADA/USD,0.31916,0.32669,0.31627,0.31963,2444368.2118211635,7647493.07581004
2022-12-02,ADA/USD,0.31479,0.32025,0.31053,0.31899,1371175.6223283173,4298490.93177942
2022-12-01,ADA/USD,0.3192,0.32028,0.31249,0.3146,1275689.0230609009,4054955.5723487
2022-11-30,ADA/USD,0.30933,0.32145,0.30829,0.31884,2097318.685062386,6577966.01763388
2022-11-29,ADA/USD,0.30675,0.3128,0.30418,0.30898,1283120.603379679,4152762.64929665
2022-11-28,ADA/USD,0.31274,0.31383,0.30003,0.30674,1494110.6963213112,4870935.30782197
2022-11-27,ADA/USD,0.31369,0.31985,0.31159,0.31233,711421.727087583,2277788.64370244
2022-11-26,ADA/USD,0.31484,0.32305,0.31083,0.31361,1868749.2576528252,5958831.85374454
2022-11-25,ADA/USD,0.31605,0.31758,0.30737,0.31478,1270400.1881894746,4035835.14895951
2022-11-24,ADA/USD,0.31882,0.32127,0.31164,0.31641,1361405.5951140104,4302662.98509532
2022-11-23,ADA/USD,0.31244,0.32055,0.30906,0.31861,1629757.8306787503,5115212.4248415
2022-11-22,ADA/USD,0.30447,0.31715,0.29818,0.31266,2269455.916421867,7258542.55875989
2022-11-21,ADA/USD,0.31151,0.31313,0.29527,0.30446,4132797.867232591,13574189.93376007
2022-11-20,ADA/USD,0.32757,0.3311,0.30954,0.31208,2038789.7039287498,6532907.27995626
2022-11-19,ADA/USD,0.32558,0.33218,0.3213,0.32782,1237732.8550420688,3775647.77939744
2022-11-18,ADA/USD,0.32453,0.33267,0.32049,0.3259,2164050.1989415563,6640227.67395384
2022-11-17,ADA/USD,0.33191,0.33411,0.3185,0.32485,1550313.7233143821,4772398.71729839
2022-11-16,ADA/USD,0.33636,0.34414,0.32357,0.33198,2037983.1763739672,6138873.35494297
2022-11-15,ADA/USD,0.33146,0.34494,0.32959,0.3368,2043982.1709527744,6068830.67385028
2022-11-14,ADA/USD,0.32936,0.34198,0.31436,0.33189,2990985.9744108007,9011979.79574799
2022-11-13,ADA/USD,0.34021,0.34585,0.32539,0.32973,4004051.782305444,12143425.77959374
2022-11-12,ADA/USD,0.35547,0.35656,0.336,0.33983,5530301.654203857,16273729.96558237
2022-11-11,ADA/USD,0.36817,0.37381,0.34212,0.35546,7139918.927541391,20086420.20914137
2022-11-10,ADA/USD,0.31688,0.3795,0.31184,0.36825,9246899.08420879,25110384.47850316
2022-11-09,ADA/USD,0.37161,0.3766,0.31021,0.31686,5656700.219504496,17852364.51273274
2022-11-08,ADA/USD,0.40435,0.41551,0.344,0.37197,7167785.006969775,19269793.28163501
2022-11-07,ADA/USD,0.40245,0.41657,0.39808,0.40452,2111202.486867285,5219031.16500367
2022-11-06,ADA/USD,0.42697,0.43137,0.40198,0.40235,2991858.667037272,7435960.40024176
2022-11-05,ADA/USD,0.42168,0.438,0.42042,0.42655,4322033.920980652,10132537.61805334
2022-11-04,ADA/USD,0.39007,0.4266,0.38838,0.42168,6757782.316405361,16025854.47829008
2022-11-03,ADA/USD,0.38572,0.39946,0.38445,0.38951,1750525.9605013814,4494174.63095012
2022-11-02,ADA/USD,0.40122,0.40971,0.38011,0.38598,5375274.697135737,13926303.68707119
2022-11-01,ADA/USD,0.40573,0.4152,0.39883,0.40158,1440159.2650613124,3586232.54410407
2022-10-31,ADA/USD,0.40599,0.4167,0.39782,0.40572,2160024.3869935893,5323928.78584637
2022-10-30,ADA/USD,0.42038,0.42225,0.39849,0.40599,2025798.332411807,4989773.96589031
2022-10-29,ADA/USD,0.40469,0.44075,0.40118,0.42051,3192236.025753208,7591343.90562224
2022-10-28,ADA/USD,0.3884,0.41156,0.37794,0.40452,2903944.6016353588,7178741.72262276
2022-10-27,ADA/USD,0.40304,0.41999,0.38636,0.38836,4095034.021323606,10544427.90535484
2022-10-26,ADA/USD,0.40056,0.412,0.39503,0.4035,2765343.98166526,6853392.76744798
2022-10-25,ADA/USD,0.35745,0.41759,0.3569,0.40032,4137864.6640638676,10336392.54612277
2022-10-24,ADA/USD,0.36217,0.36527,0.35345,0.35766,889410.8462454199,2486749.5561299
2022-10-23,ADA/USD,0.35211,0.3641,0.34571,0.36239,1325672.6970755542,3658138.18558888
2022-10-22,ADA/USD,0.34926,0.35469,0.34311,0.35165,1015079.7132765695,2886619.40360179
2022-10-21,ADA/USD,0.33996,0.35014,0.33013,0.34923,1075257.7507544628,3078938.6672235
2022-10-20,ADA/USD,0.34992,0.356,0.33629,0.33992,1572025.4351263957,4624692.38387384
2022-10-19,ADA/USD,0.36247,0.36247,0.3468,0.34982,1487030.6320696236,4250845.09767773
2022-10-18,ADA/USD,0.37248,0.37416,0.35714,0.36243,950891.0275840148,2623654.29899295
2022-10-17,ADA/USD,0.37036,0.37609,0.36616,0.3725,604563.7702114529,1622989.98714484
2022-10-16,ADA/USD,0.36384,0.37514,0.36384,0.37025,424967.7470576727,1147785.94748865
2022-10-15,ADA/USD,0.36648,0.37009,0.36112,0.36398,365691.99021485547,1004703.52825665
2022-10-14,ADA/USD,0.37681,0.38893,0.36072,0.36664,733261.6427461705,1999949.93112091
2022-10-13,ADA/USD,0.38097,0.38233,0.34913,0.37681,2109654.2525472944,5598721.51096652
2022-10-12,ADA/USD,0.39056,0.39499,0.37559,0.38116,623849.0921912214,1636711.85903878
2022-10-11,ADA/USD,0.40114,0.4015,0.384,0.39088,1207531.5444623085,3089264.08223063
2022-10-10,ADA/USD,0.42314,0.42684,0.39695,0.40121,627741.0027319114,1564619.53274323
2022-10-09,ADA/USD,0.42183,0.4242,0.419,0.42326,212045.87927953165,500982.56220652
2022-10-08,ADA/USD,0.42377,0.42727,0.41923,0.42214,218377.2072919765,517309.91446434
2022-10-07,ADA/USD,0.4286,0.43034,0.42141,0.42394,902791.5326378394,2129526.66093749
2022-10-06,ADA/USD,0.43099,0.4373,0.42559,0.4286,520203.3038593896,1213726.79388565
2022-10-05,ADA/USD,0.43569,0.43628,0.42355,0.431,842266.5707530878,1954214.78132967
2022-10-04,ADA/USD,0.42759,0.43786,0.42568,0.43577,590370.6116603116,1354775.71117863
2022-10-03,ADA/USD,0.41971,0.42885,0.41561,0.428,613872.452990755,1434281.43222139
2022-10-02,ADA/USD,0.43044,0.43297,0.41739,0.41941,833221.1899055401,1986650.74725338
2022-10-01,ADA/USD,0.43505,0.43642,0.42728,0.43044,467885.0230338324,1086992.43340264
2022-09-30,ADA/USD,0.43803,0.44122,0.42932,0.43486,909326.6500372111,2091079.08300881
2022-09-29,ADA/USD,0.43632,0.43929,0.42777,0.4382,845349.7889505739,1929141.46268958
2022-09-28,ADA/USD,0.44105,0.44357,0.425,0.43606,1214855.1213916054,2785981.56536166
2022-09-27,ADA/USD,0.44766,0.46361,0.43744,0.44163,1015541.1073063345,2299529.26048125
2022-09-26,ADA/USD,0.4464,0.451,0.43662,0.44762,1115973.9172793103,2493127.9149263
2022-09-25,ADA/USD,0.451,0.46313,0.43832,0.44669,935677.6036211418,2094691.18095579
2022-09-24,ADA/USD,0.46275,0.46975,0.45033,0.45133,700884.7496731997,1552931.88946713
2022-09-23,ADA/USD,0.45834,0.48334,0.4462,0.46234,514548.0786076405,1112921.39682407
2022-09-22,ADA/USD,0.43866,0.46683,0.43444,0.4582,375097.6703382843,818633.06490241
2022-09-21,ADA/USD,0.44253,0.46464,0.42465,0.43956,765747.489947652,1742077.28170819
2022-09-20,ADA/USD,0.45271,0.45441,0.43756,0.44203,289049.26305528206,653913.22547176
2022-09-19,ADA/USD,0.44771,0.45693,0.43326,0.45247,632418.54140863,1397702.70163465
2022-09-18,ADA/USD,0.48645,0.49016,0.43927,0.44705,532904.1066965614,1192045.87114766
2022-09-17,ADA/USD,0.47506,0.48846,0.47255,0.48621,292105.3707781903,600780.26115915
2022-09-16,ADA/USD,0.46634,0.47506,0.45421,0.47506,622146.5228669817,1309616.72813325
2022-09-15,ADA/USD,0.48045,0.48219,0.46231,0.46584,431005.0264397658,925221.16271631
2022-09-14,ADA/USD,0.46344,0.48723,0.46187,0.48102,343756.29998771736,714640.34756916
2022-09-13,ADA/USD,0.5017,0.50874,0.46122,0.46344,849982.9801814834,1834073.40795245
2022-09-12,ADA/USD,0.50978,0.51941,0.49553,0.50102,487088.29543696344,972193.31650825
2022-09-11,ADA/USD,0.51237,0.5204,0.50005,0.50976,361124.48548625276,708420.60084403
2022-09-10,ADA/USD,0.50262,0.52457,0.49476,0.51216,639968.0853170797,1249547.18314019
2022-09-09,ADA/USD,0.4792,0.50471,0.4785,0.50263,608308.237684866,1210250.55743761
2022-09-08,ADA/USD,0.47879,0.48319,0.46298,0.47908,203752.1439763397,425298.78929686
2022-09-07,ADA/USD,0.46241,0.4818,0.45332,0.47879,354758.3049956623,740947.60750154
2022-09-06,ADA/USD,0.49831,0.51198,0.46,0.46233,850046.792817693,1838614.82667725
2022-09-05,ADA/USD,0.50351,0.50713,0.48215,0.49837,372062.52744971745,746558.8367071
2022-09-04,ADA/USD,0.48025,0.50993,0.47583,0.50376,1212077.2785274421,2406060.97849659
2022-09-03,ADA/USD,0.45455,0.48616,0.4537,0.48018,825434.7975030476,1719011.19893175
2022-09-02,ADA/USD,0.4577,0.4666,0.44874,0.45456,349010.58426259377,767798.7158188
2022-09-01,ADA/USD,0.4461,0.46333,0.44115,0.45731,340001.66895357624,743481.81529723
2022-08-31,ADA/USD,0.45361,0.4633,0.44485,0.4461,225734.81268991885,506018.40997516
2022-08-30,ADA/USD,0.4505,0.46346,0.439,0.45289,577293.1293511309,1274687.29570344
2022-08-29,ADA/USD,0.4295,0.45315,0.42424,0.45053,408942.6990664506,907692.49343318
2022-08-28,ADA/USD,0.44993,0.45496,0.4277,0.42903,233135.05365439533,543400.35348203
2022-08-27,ADA/USD,0.43197,0.4519,0.42629,0.44984,497029.0142338241,1104901.77448387
2022-08-26,ADA/USD,0.46448,0.48199,0.4259,0.43137,1605795.6258812346,3722548.22050962
2022-08-25,ADA/USD,0.45773,0.47397,0.45731,0.4645,603936.6877032885,1300186.62584131
2022-08-24,ADA/USD,0.4653,0.4691,0.4535,0.45741,427954.09511952044,935602.84016423
2022-08-23,ADA/USD,0.46159,0.47,0.44556,0.46561,533513.7624502141,1145838.28193169
2022-08-22,ADA/USD,0.4627,0.46293,0.4372,0.46159,1111464.7253029568,2407904.68879949
2022-08-21,ADA/USD,0.4506,0.47276,0.44685,0.4627,850521.0721176678,1838169.59610475
2022-08-20,ADA/USD,0.44978,0.46295,0.4346,0.45079,529576.1067772631,1174773.41284692
2022-08-19,ADA/USD,0.51167,0.51194,0.44611,0.45003,1701361.029436212,3780550.25095263
2022-08-18,ADA/USD,0.53837,0.544,0.5066,0.51204,435566.4060643369,850649.17987723
2022-08-17,ADA/USD,0.55668,0.58181,0.5298,0.53822,611289.645422866,1135761.66887679
2022-08-16,ADA/USD,0.54974,0.57032,0.54761,0.5572,303184.75552295044,544121.95894284
2022-08-15,ADA/USD,0.5701,0.58197,0.54274,0.5496,847881.7934777191,1542725.24286339
2022-08-14,ADA/USD,0.55937,0.59452,0.55669,0.56948,1522337.564987399,2673206.37245803
2022-08-13,ADA/USD,0.54037,0.56729,0.53792,0.55923,1393815.556407929,2492383.37787302
2022-08-12,ADA/USD,0.53053,0.54208,0.52052,0.54031,328302.01823955594,607617.88277018
2022-08-11,ADA/USD,0.53757,0.54769,0.52895,0.53053,987687.1770985054,1861699.01249412
2022-08-10,ADA/USD,0.51263,0.5388,0.502,0.53761,792326.7953552454,1473794.74964239
2022-08-09,ADA/USD,0.53703,0.53703,0.5048,0.51277,347341.90835549176,677383.4435624
2022-08-08,ADA/USD,0.52754,0.54934,0.52284,0.53703,857970.3259055282,1597620.85154559
2022-08-07,ADA/USD,0.51092,0.5377,0.506,0.5274,557835.308687027,1057708.2075977
2022-08-06,ADA/USD,0.51754,0.52254,0.50969,0.51119,496658.64762838045,971573.48075741
2022-08-05,ADA/USD,0.49947,0.51934,0.49926,0.51765,451169.70578615053,871572.88860456
2022-08-04,ADA/USD,0.50032,0.5107,0.49336,0.49887,497125.7543866448,996503.60692494
2022-08-03,ADA/USD,0.49655,0.51677,0.48901,0.50057,568323.8585735653,1135353.41425488
2022-08-02,ADA/USD,0.5127,0.51515,0.48841,0.49605,731601.6059565113,1474854.56296041
2022-08-01,ADA/USD,0.51601,0.5262,0.50064,0.51249,419194.12972366303,817955.72542618
2022-07-31,ADA/USD,0.52619,0.54461,0.51272,0.51608,851073.7855409972,1649112.12513757
2022-07-30,ADA/USD,0.5222,0.55655,0.50875,0.5262,882583.969807952,1677278.54391477
2022-07-29,ADA/USD,0.51314,0.54542,0.5074,0.52129,1093760.3516064896,2098180.19069326
2022-07-28,ADA/USD,0.51127,0.52448,0.48913,0.51301,995411.6124523206,1940335.69024448
2022-07-27,ADA/USD,0.4678,0.51179,0.45916,0.51109,1015331.2451576053,1986599.70877459
2022-07-26,ADA/USD,0.47457,0.47738,0.45118,0.46815,1059114.5665043837,2262340.20400381
2022-07-25,ADA/USD,0.51181,0.51545,0.47401,0.47456,764112.2136523656,1610148.79815485
2022-07-24,ADA/USD,0.51718,0.53622,0.50969,0.5127,851962.5600990236,1661717.49580461
2022-07-23,ADA/USD,0.4827,0.51801,0.4732,0.51724,749890.0507874292,1449791.29763249
2022-07-22,ADA/USD,0.49945,0.51111,0.47727,0.48231,722938.7506004089,1498908.8980125
2022-07-21,ADA/USD,0.49055,0.502,0.47591,0.49918,863871.2031059813,1730580.55832762
2022-07-20,ADA/USD,0.51493,0.54822,0.48691,0.49085,1863267.4056747747,3796001.64138693
2022-07-19,ADA/USD,0.49064,0.5255,0.47344,0.51514,1730783.0664308823,3359830.46634096
2022-07-18,ADA/USD,0.44751,0.49961,0.44575,0.49122,2142960.414935273,4362526.8004871
2022-07-17,ADA/USD,0.45805,0.46619,0.44223,0.44735,573525.1398168474,1282050.16165608
2022-07-16,ADA/USD,0.44194,0.45899,0.43155,0.458,395952.54513527453,864525.20771894
2022-07-15,ADA/USD,0.44122,0.45313,0.43236,0.44167,343726.97107483225,778243.87229115
2022-07-14,ADA/USD,0.43804,0.44618,0.41687,0.44111,567842.4321213925,1287303.46653078
2022-07-13,ADA/USD,0.41669,0.44125,0.40258,0.43829,876951.5531269045,2000847.73352553
2022-07-12,ADA/USD,0.43444,0.44183,0.41425,0.41635,693611.1858428282,1665932.95506864
2022-07-11,ADA/USD,0.46237,0.46267,0.43146,0.43401,31403805.716168985,72357332.12637724
2022-07-10,ADA/USD,0.47789,0.47959,0.4552,0.4623,501529.86987709324,1084858.03564156
2022-07-09,ADA/USD,0.46551,0.4846,0.46501,0.47798,401795.12265151076,840610.74239824
2022-07-08,ADA/USD,0.47729,0.49264,0.45972,0.46623,702397.5836283028,1506547.37710637
2022-07-07,ADA/USD,0.4619,0.48202,0.4607,0.47672,467852.504244365,981398.94328823
2022-07-06,ADA/USD,0.45671,0.465,0.44641,0.4619,508053.2226408472,1099920.37809233
2022-07-05,ADA/USD,0.4694,0.4716,0.4442,0.45741,994175.3944536209,2173488.54299998
2022-07-04,ADA/USD,0.4558,0.47732,0.44336,0.46933,22175140.76471947,47248504.81477738
2022-07-03,ADA/USD,0.45531,0.4595,0.44317,0.45561,375291.8879253769,823713.01754873
2022-07-02,ADA/USD,0.449,0.46142,0.44078,0.45549,706298.7431690509,1550635.01540989
2022-07-01,ADA/USD,0.46012,0.4747,0.44207,0.44857,5860437.529012539,13064711.25802559
2022-06-30,ADA/USD,0.46561,0.46705,0.4351,0.45946,1516341.4385901713,3300268.66014489
2022-06-29,ADA/USD,0.46928,0.47697,0.45827,0.46561,7328857.628374687,15740335.53483535
2022-06-28,ADA/USD,0.48486,0.50212,0.4666,0.46928,13351311.701395161,28450630.11719051
2022-06-27,ADA/USD,0.49028,0.50868,0.4751,0.48466,3865850.088087164,7976416.63864805
2022-06-26,ADA/USD,0.4985,0.52544,0.48888,0.49016,1426651.4981287657,2910583.27511173
2022-06-25,ADA/USD,0.498,0.50765,0.4779,0.4986,672602.0668551329,1348981.2812979
2022-06-24,ADA/USD,0.47924,0.50954,0.476,0.49737,1250591.0522495934,2514407.89000059
2022-06-23,ADA/USD,0.45859,0.48218,0.45591,0.47942,710520.0092244612,1482040.81854003
2022-06-22,ADA/USD,0.48035,0.48035,0.45528,0.45797,1019541.6232592197,2226219.2354504
2022-06-21,ADA/USD,0.49098,0.5113,0.47382,0.48065,832624.6066419183,1732288.78943497
2022-06-20,ADA/USD,0.48411,0.50861,0.4612,0.49091,1081423.3049428775,2202895.245448
2022-06-19,ADA/USD,0.45499,0.48999,0.43546,0.48402,1236456.2696591092,2554556.15400006
2022-06-18,ADA/USD,0.48558,0.49401,0.4202,0.45481,1954709.5807635786,4297859.7233209
2022-06-17,ADA/USD,0.47628,0.50413,0.47188,0.48599,1970779.3961990562,4055185.07829185
2022-06-16,ADA/USD,0.53549,0.54691,0.46773,0.47567,1308065.8841781104,2749944.04561589
2022-06-15,ADA/USD,0.48275,0.5395,0.44846,0.53573,4045951.456357595,7552221.1867127
2022-06-14,ADA/USD,0.4641,0.51998,0.4372,0.4826,2723788.5811931323,5643987.94279555
2022-06-13,ADA/USD,0.49016,0.49839,0.43722,0.46466,3777948.596861697,8130565.5680749295
2022-06-12,ADA/USD,0.55455,0.56098,0.4886,0.49053,2700369.7387801195,5505004.25821075
2022-06-11,ADA/USD,0.57468,0.6177,0.54356,0.5537,2012331.284660413,3634334.99125955
2022-06-10,ADA/USD,0.63262,0.63681,0.57012,0.57354,1117807.2433503733,1948961.2639927
2022-06-09,ADA/USD,0.6409,0.65829,0.62641,0.63282,1437892.7236799276,2272198.60889341
2022-06-08,ADA/USD,0.61436,0.66985,0.60913,0.6409,4751136.331205951,7413225.66891239
2022-06-07,ADA/USD,0.60986,0.64502,0.57123,0.61368,3587685.96501951,5846183.62178906
2022-06-06,ADA/USD,0.5677,0.64635,0.56547,0.60963,2451308.422665941,4020977.35128839
2022-06-05,ADA/USD,0.56704,0.58132,0.55374,0.56804,475267.79157974606,836680.14854543
2022-06-04,ADA/USD,0.56016,0.57198,0.5452,0.56648,855584.6938489968,1510352.87009073
2022-06-03,ADA/USD,0.58798,0.60627,0.53914,0.56008,1200491.9746351587,2143429.4647821
2022-06-02,ADA/USD,0.5521,0.59818,0.54958,0.58776,3835336.8859047485,6525345.18494751
2022-06-01,ADA/USD,0.62654,0.63095,0.53693,0.5521,4651057.972737204,8424303.51881399
2022-05-31,ADA/USD,0.56926,0.68992,0.56789,0.62622,8078044.075108792,12899690.32466033
2022-05-30,ADA/USD,0.48203,0.57763,0.4772,0.56977,3927348.98334332,6892867.26809646
2022-05-29,ADA/USD,0.46466,0.4828,0.45581,0.48209,1561224.6196313922,3238450.53751663
2022-05-28,ADA/USD,0.45656,0.46952,0.448,0.46442,844931.9440486024,1819327.21254167
2022-05-27,ADA/USD,0.47866,0.48365,0.44496,0.45529,659183.3701858277,1447831.86581262
2022-05-26,ADA/USD,0.51454,0.52084,0.4626,0.479,1037676.946780952,2166340.18117109
2022-05-25,ADA/USD,0.52168,0.53198,0.50671,0.51397,397437.8299091102,773270.48253616
2022-05-24,ADA/USD,0.51302,0.52467,0.49373,0.52121,552444.0487427281,1059926.03507747
2022-05-23,ADA/USD,0.54092,0.55945,0.50395,0.51214,1935776.280396816,3779779.51418912
2022-05-22,ADA/USD,0.52834,0.54919,0.52142,0.54141,1180087.5727869528,2179656.0329269
2022-05-21,ADA/USD,0.51616,0.538,0.50831,0.52834,1091830.9137084954,2066530.85836487
2022-05-20,ADA/USD,0.53348,0.54506,0.50143,0.51599,1924557.7513800645,3729835.36770105
2022-05-19,ADA/USD,0.50618,0.54705,0.49222,0.53354,2643805.027922067,4955214.28181967
2022-05-18,ADA/USD,0.57768,0.58651,0.50228,0.50535,1377450.3070373388,2725735.2469325
2022-05-17,ADA/USD,0.55693,0.60042,0.55072,0.57733,2297841.5647393577,3980118.06893693
2022-05-16,ADA/USD,0.59784,0.61478,0.54425,0.55582,3275314.7900176216,5892761.667478
2022-05-15,ADA/USD,0.53764,0.5995,0.51489,0.59808,5827026.204747879,9742887.58150729
2022-05-14,ADA/USD,0.52896,0.55626,0.4886,0.53722,3501761.29811297,6518300.32037707
2022-05-13,ADA/USD,0.4738,0.60891,0.4695,0.52868,11494796.24299322,21742445.79517519
2022-05-12,ADA/USD,0.519,0.54988,0.4028,0.47421,3821596.935058431,8058870.40563976
2022-05-11,ADA/USD,0.62886,0.66365,0.47363,0.51813,9969766.689702686,19241824.81173197
2022-05-10,ADA/USD,0.60353,0.70071,0.58492,0.62775,3991967.0838741097,6359166.99940121
2022-05-09,ADA/USD,0.74116,0.755,0.59905,0.60269,8100384.277319156,13440382.74621971
2022-05-08,ADA/USD,0.76033,0.76704,0.72561,0.74096,1810144.4402613589,2442971.87467793
2022-05-07,ADA/USD,0.78372,0.78619,0.74686,0.76006,1172823.273481694,1543066.69668407
2022-05-06,ADA/USD,0.78879,0.79997,0.763,0.78398,2615980.2768257814,3336794.65908031
2022-05-05,ADA/USD,0.89916,0.90579,0.77143,0.78879,8296324.98218954,10517786.7140678
2022-05-04,ADA/USD,0.77054,0.899,0.76771,0.89857,4580864.461022909,5097949.47641576
2022-05-03,ADA/USD,0.7812,0.79977,0.7605,0.77067,1095269.8981087338,1421191.81765053
2022-05-02,ADA/USD,0.79002,0.79741,0.76403,0.7811,1879742.1863843412,2406532.05272608
2022-05-01,ADA/USD,0.75608,0.80063,0.74537,0.78929,3484616.1946362513,4414874.37397693
2022-04-30,ADA/USD,0.80513,0.81816,0.73571,0.7564,3220321.4581103325,4257431.85895073
2022-04-29,ADA/USD,0.844,0.84897,0.78958,0.80459,2680933.0697844313,3332048.70776971
2022-04-28,ADA/USD,0.84032,0.85238,0.82603,0.84349,1242628.9928189975,1473199.43664892
2022-04-27,ADA/USD,0.82608,0.85626,0.8185,0.83988,1741280.1613474924,2073248.75142579
2022-04-26,ADA/USD,0.89852,0.9042,0.81601,0.82628,1918194.1477113364,2321482.0009093
2022-04-25,ADA/USD,0.88616,0.90408,0.82764,0.89836,4061549.776227928,4521071.48161976
2022-04-24,ADA/USD,0.88702,0.89908,0.87746,0.88594,567110.2242040911,640122.60898491
2022-04-23,ADA/USD,0.90674,0.9122,0.88201,0.88682,438455.8361555652,494413.56324346
2022-04-22,ADA/USD,0.90954,0.9246,0.89195,0.9062,857032.3721382327,945743.07232204
2022-04-21,ADA/USD,0.93661,0.97061,0.89165,0.91024,1467364.7484857629,1612063.57497557
2022-04-20,ADA/USD,0.95292,0.97541,0.93063,0.9365,840122.7542104635,897087.83151144
2022-04-19,ADA/USD,0.93773,0.95779,0.92741,0.9529,845909.5946031738,887721.26624323
2022-04-18,ADA/USD,0.91334,0.939,0.87373,0.93683,2351385.9191840757,2509938.75002303
2022-04-17,ADA/USD,0.9516,0.96352,0.9126,0.91486,733738.4377488014,802022.64581335
2022-04-16,ADA/USD,0.95563,0.96293,0.93781,0.95143,666899.7920880876,700944.67495043
2022-04-15,ADA/USD,0.93177,0.9592,0.93027,0.95559,516523.5918308356,540528.4607738
2022-04-14,ADA/USD,0.97442,0.986,0.92308,0.93276,769751.4367011156,825240.61570084
2022-04-13,ADA/USD,0.95434,0.97951,0.93473,0.9752,1018176.5669730438,1044069.49033331
2022-04-12,ADA/USD,0.92032,0.98211,0.9162,0.95361,2067629.6790026005,2168213.08396787
2022-04-11,ADA/USD,1.027,1.0334,0.91757,0.91961,3508270.7852786924,3814955.01927849
2022-04-10,ADA/USD,1.0446,1.0703,1.0238,1.028,550290.8700465218,535302.40276899
2022-04-09,ADA/USD,1.024,1.0478,1.0212,1.0448,1062422.3816904323,1016866.7512351
2022-04-08,ADA/USD,1.0884,1.1004,1.0193,1.0254,1031070.2955875573,1005529.83770973
2022-04-07,ADA/USD,1.0537,1.1011,1.04,1.0896,1999030.1463100447,1834645.87583521
2022-04-06,ADA/USD,1.1701,1.1736,1.0472,1.0522,3364294.0940458807,3197390.31937453
2022-04-05,ADA/USD,1.2124,1.2187,1.164,1.1705,3793234.626192784,3240695.9642826
2022-04-04,ADA/USD,1.1844,1.2456,1.1607,1.2115,4874398.780624861,4023441.00753187
2022-04-03,ADA/USD,1.1565,1.1994,1.1433,1.1852,2136203.735794573,1802399.37208452
2022-04-02,ADA/USD,1.1646,1.1948,1.1477,1.1554,2823082.389970514,2443380.98491476
2022-04-01,ADA/USD,1.1412,1.1757,1.1047,1.1653,1331895.785627783,1142963.85963081
2022-03-31,ADA/USD,1.1884,1.227,1.1335,1.1431,4540734.559203957,3972298.62584547
2022-03-30,ADA/USD,1.1906,1.2185,1.162,1.1898,1179990.1248643722,991755.02173842
2022-03-29,ADA/USD,1.1686,1.2424,1.1683,1.191,2490222.070833553,2090866.55821457
2022-03-28,ADA/USD,1.1831,1.2443,1.1565,1.1693,4787118.659985418,4094003.81423537
2022-03-27,ADA/USD,1.1522,1.1859,1.1045,1.1837,1950596.5067916843,1647880.80323704
2022-03-26,ADA/USD,1.0969,1.1588,1.0803,1.1531,1631815.5742421197,1415155.29810261
2022-03-25,ADA/USD,1.1307,1.1666,1.0726,1.097,1847537.4214116165,1684172.67220749
2022-03-24,ADA/USD,1.1081,1.1896,1.0779,1.1307,5164389.664142134,4567426.96041579
2022-03-23,ADA/USD,0.97484,1.109,0.95752,1.1064,4610932.727735909,4167509.69607367
2022-03-22,ADA/USD,0.91753,0.98782,0.90712,0.9745,3526963.6304550916,3619254.62335053
2022-03-21,ADA/USD,0.87951,0.92983,0.86333,0.91826,1848663.7956493765,2013224.78998255
2022-03-20,ADA/USD,0.9027,0.91536,0.86413,0.87785,1155660.1260899338,1316466.51032629
2022-03-19,ADA/USD,0.85188,0.91536,0.8507,0.90339,2208443.8253980204,2444618.40998685
2022-03-18,ADA/USD,0.83615,0.85999,0.82123,0.85231,1022890.9159452866,1200139.52194071
2022-03-17,ADA/USD,0.839,0.85795,0.82862,0.83685,1303467.2495643354,1557587.67946984
2022-03-16,ADA/USD,0.80012,0.84,0.79468,0.839,1623307.9026290975,1934812.75641132
2022-03-15,ADA/USD,0.8045,0.81801,0.78311,0.79985,1208497.3497795616,1510904.98190856
2022-03-14,ADA/USD,0.7867,0.81303,0.77612,0.80381,1318225.779515656,1639971.85841885
2022-03-13,ADA/USD,0.78989,0.821,0.78034,0.78717,878632.0072312626,1116190.92093355
2022-03-12,ADA/USD,0.78868,0.80225,0.78658,0.7891,715846.8770475204,907168.77081171
2022-03-11,ADA/USD,0.80698,0.81929,0.78221,0.78851,1369517.1235161643,1736841.79467117
2022-03-10,ADA/USD,0.84991,0.85456,0.78656,0.80665,2528250.2210865384,3134259.2463727
2022-03-09,ADA/USD,0.80226,0.86363,0.79991,0.84915,1522912.501829801,1793455.22208067
2022-03-08,ADA/USD,0.79336,0.8213,0.78832,0.80176,1476106.4963104962,1841082.73836372
2022-03-07,ADA/USD,0.82301,0.8475,0.77787,0.7936,1712766.95928183,2158224.49506279
2022-03-06,ADA/USD,0.86528,0.87189,0.81928,0.823,852439.0290815524,1035770.38770541
2022-03-05,ADA/USD,0.84513,0.88373,0.81875,0.86509,1121873.231325562,1296828.34309212
2022-03-04,ADA/USD,0.90308,0.90349,0.82712,0.84451,1150210.1952935106,1361985.28767393
2022-03-03,ADA/USD,0.93842,0.9454,0.88481,0.90308,1525734.1267435052,1689478.37040296
2022-03-02,ADA/USD,0.96333,0.9778,0.92817,0.9396,1538495.7959643044,1637394.41886367
2022-03-01,ADA/USD,0.96466,1.0118,0.9405,0.96347,2127689.7453132644,2208361.17918904
2022-02-28,ADA/USD,0.85665,0.96996,0.8436,0.96435,6334789.170498003,6568973.06009022
2022-02-27,ADA/USD,0.88741,0.91622,0.83344,0.85685,1883831.9076192763,2198555.0652031
2022-02-26,ADA/USD,0.8997,0.93123,0.88251,0.8874,1643678.7386633046,1852241.08481328
2022-02-25,ADA/USD,0.85472,0.9093,0.82434,0.89924,2221272.085958302,2470166.01347616
2022-02-24,ADA/USD,0.86602,0.89993,0.7479,0.85458,4417135.74865435,5168779.69137395
2022-02-23,ADA/USD,0.88891,0.96196,0.86458,0.86589,5106320.997086546,5897193.63555018
2022-02-22,ADA/USD,0.85904,0.89721,0.81411,0.88859,5239142.999347568,5896018.41045653
2022-02-21,ADA/USD,0.9322,0.99385,0.8534,0.85757,3244646.811231521,3783535.81775426
2022-02-20,ADA/USD,0.99778,0.99836,0.92,0.932,2345714.9181953846,2516861.50020964
2022-02-19,ADA/USD,0.99592,1.0192,0.97383,0.99792,2582481.4303985685,2587864.18790942
2022-02-18,ADA/USD,1.0203,1.0435,0.985,0.9963,2402347.7255614297,2411269.4224244
2022-02-17,ADA/USD,1.084,1.0942,1.0086,1.0202,2384128.526682562,2336922.68837734
2022-02-16,ADA/USD,1.1083,1.1122,1.0663,1.0832,2300275.1442151535,2123592.26755461
2022-02-15,ADA/USD,1.0506,1.1146,1.0506,1.1082,3157533.273803657,2849244.96824008
2022-02-14,ADA/USD,1.0436,1.0552,1.0187,1.0506,2761734.7931752,2628721.48598439
2022-02-13,ADA/USD,1.0591,1.0762,1.0336,1.0429,2779126.3957444844,2664806.20936282
2022-02-12,ADA/USD,1.0797,1.0931,1.03,1.0585,3078537.768197999,2908396.56891639
2022-02-11,ADA/USD,1.1512,1.1658,1.0686,1.0816,2494060.107905939,2305898.76840416
2022-02-10,ADA/USD,1.1948,1.2236,1.1445,1.1514,2288378.246510124,1987474.59311284
2022-02-09,ADA/USD,1.176,1.2156,1.1529,1.1957,2075352.9544302975,1735680.31649268
2022-02-08,ADA/USD,1.1994,1.2632,1.1341,1.176,4132983.8472374957,3514442.04697066
2022-02-07,ADA/USD,1.1437,1.2099,1.1268,1.1992,4107104.288766344,3424870.15407467
2022-02-06,ADA/USD,1.1262,1.1514,1.0977,1.1439,1761796.9195662157,1540166.90232207
2022-02-05,ADA/USD,1.1383,1.1798,1.0976,1.1262,2469109.600042853,2192425.50172514
2022-02-04,ADA/USD,1.0611,1.1399,1.0465,1.1399,2182800.576216807,1914905.32170963
2022-02-03,ADA/USD,1.028,1.0618,1.0174,1.0602,1786230.1382808746,1684804.88424908
2022-02-02,ADA/USD,1.096,1.1023,1.023,1.0276,2017001.042858484,1962827.0171842
2022-02-01,ADA/USD,1.0518,1.0968,1.035,1.0964,2827555.92703049,2578945.57372354
2022-01-31,ADA/USD,1.0377,1.0601,1.0092,1.0525,1890678.6180547334,1796369.23330616
2022-01-30,ADA/USD,1.0602,1.0782,1.0241,1.0366,1338986.8799055188,1291710.28352838
2022-01-29,ADA/USD,1.0491,1.0859,1.0379,1.0592,1402949.9887157083,1324537.37605335
2022-01-28,ADA/USD,1.0432,1.0598,1.01,1.0489,1793820.1631939975,1710191.78491181
2022-01-27,ADA/USD,1.0781,1.0803,1.0046,1.0433,2832742.306866187,2715175.21984682
2022-01-26,ADA/USD,1.0442,1.157,1.0228,1.077,5282961.129808041,4905256.3879369
2022-01-25,ADA/USD,1.0677,1.0744,0.9924,1.0429,2672333.501602296,2562406.27251155
2022-01-24,ADA/USD,1.1262,1.1262,0.9513,1.0669,11968228.940460289,11217760.74651822
2022-01-23,ADA/USD,1.0738,1.1713,1.0523,1.1267,5236714.097886374,4647833.58292924
2022-01-22,ADA/USD,1.1203,1.1554,0.9175,1.0733,8472684.838675844,7894050.90717958
2022-01-21,ADA/USD,1.2586,1.282,1.1012,1.122,5092296.891465019,4538589.02982622
2022-01-20,ADA/USD,1.3369,1.4273,1.2517,1.2599,5825204.296719154,4623544.96128197
2022-01-19,ADA/USD,1.4594,1.5343,1.327,1.3352,10167206.065883357,7614743.9079414
2022-01-18,ADA/USD,1.6039,1.6383,1.413,1.4595,10718516.566220608,7343964.75931525
2022-01-17,ADA/USD,1.4115,1.6073,1.3865,1.6027,13706800.151404424,8552318.05790505
2022-01-16,ADA/USD,1.2925,1.423,1.287,1.4115,5963855.284897381,4225189.71654083
2022-01-15,ADA/USD,1.2934,1.3194,1.2514,1.2934,3431549.027157075,2653122.79817309
2022-01-14,ADA/USD,1.232,1.3086,1.2204,1.2933,7250521.261310121,5606217.63033335
2022-01-13,ADA/USD,1.3118,1.3539,1.2274,1.2318,5529648.510815973,4489079.81069652
2022-01-12,ADA/USD,1.1873,1.3129,1.1873,1.3103,8710860.386402495,6647989.30504655
2022-01-11,ADA/USD,1.1238,1.1955,1.123,1.1876,5780435.696335758,4867325.44319279
2022-01-10,ADA/USD,1.1694,1.1814,1.0709,1.1232,7014063.508852136,6244714.66243958
2022-01-09,ADA/USD,1.1813,1.2051,1.1474,1.17,7681160.740038201,6565094.6496053
2022-01-08,ADA/USD,1.2123,1.254,1.1255,1.1826,6646403.415253027,5620161.85967616
2022-01-07,ADA/USD,1.283,1.284,1.1888,1.2087,11001163.010384563,9101648.88755238
2022-01-06,ADA/USD,1.2302,1.2956,1.1858,1.2798,12299077.84793253,9610156.1555966
2022-01-05,ADA/USD,1.309,1.3533,1.1942,1.2301,7765401.863669623,6312821.61098254
2022-01-04,ADA/USD,1.319,1.3521,1.2956,1.309,4784953.918773459,3655426.98149233
2022-01-03,ADA/USD,1.378,1.378,1.3101,1.3191,3713299.1081912955,2815024.72002979
2022-01-02,ADA/USD,1.38,1.3909,1.3421,1.3781,3510918.247914546,2547651.29374831
2022-01-01,ADA/USD,1.3087,1.3801,1.3064,1.3799,3271122.1231781105,2370550.12912393
2021-12-31,ADA/USD,1.3589,1.3836,1.2807,1.3098,4424677.94835198,3378132.49988699
2021-12-30,ADA/USD,1.3322,1.3787,1.2987,1.3589,5154605.906351262,3793219.44686972
2021-12-29,ADA/USD,1.4004,1.4378,1.325,1.3327,5994346.439723892,4497896.33054993
2021-12-28,ADA/USD,1.5166,1.5381,1.3768,1.4,5055847.793572841,3611319.85255203
2021-12-27,ADA/USD,1.4573,1.5939,1.4512,1.5153,5138614.124154935,3391152.98894934
2021-12-26,ADA/USD,1.4535,1.4675,1.4076,1.4551,4088640.0263006105,2809868.75561859
2021-12-25,ADA/USD,1.3935,1.46,1.3814,1.4545,3109630.888662074,2137938.04651913
2021-12-24,ADA/USD,1.4759,1.4905,1.382,1.3929,3048974.47248637,2188939.96158114
2021-12-23,ADA/USD,1.3283,1.4912,1.3078,1.4764,7421524.410239495,5026770.80075826
2021-12-22,ADA/USD,1.2821,1.3689,1.2767,1.3288,4764067.5239533,3585240.46053078
2021-12-21,ADA/USD,1.2385,1.2904,1.2286,1.2809,3976085.6827932457,3104134.34522074
2021-12-20,ADA/USD,1.2446,1.2604,1.2013,1.2373,3278416.7812810205,2649653.90873759
2021-12-19,ADA/USD,1.2438,1.3123,1.2413,1.2446,4219133.8815847505,3389951.6965971002
2021-12-18,ADA/USD,1.2195,1.2671,1.2,1.2427,1985981.754069636,1598118.41479813
2021-12-17,ADA/USD,1.2396,1.2596,1.1841,1.2199,3719533.266236349,3049047.6811512
2021-12-16,ADA/USD,1.3131,1.3323,1.2368,1.2402,3360861.8924485696,2709935.40755408
2021-12-15,ADA/USD,1.2681,1.3328,1.2048,1.3114,4647046.99410779,3543577.08868979
2021-12-14,ADA/USD,1.2248,1.2851,1.2,1.2673,5908520.694805311,4662290.45593412
2021-12-13,ADA/USD,1.3471,1.3577,1.2005,1.2267,4452737.376536685,3629850.31102689
2021-12-12,ADA/USD,1.3551,1.4159,1.3201,1.3475,3593309.2990487977,2666648.83046293
2021-12-11,ADA/USD,1.2114,1.3623,1.1928,1.3548,5029541.113680914,3712386.41399536
2021-12-10,ADA/USD,1.2904,1.3355,1.2077,1.211,5740510.670179061,4740306.0860273
2021-12-09,ADA/USD,1.3975,1.4087,1.2879,1.2898,3783530.86064369,2933424.45390269
2021-12-08,ADA/USD,1.3781,1.423,1.3401,1.3963,2050350.0294841086,1468416.55051501
