Datetime,Exchange,Symbol_Pair,Open,High,Low,Close,Volume_in_BTC,Volume_USD
2022-12-26 04:00:00,Gemini,BTC/USD,16886.24,16966.0,16797.1,16860.53,255.3095308,4304654.003339324
2022-12-25 04:00:00,Gemini,BTC/USD,16835.6,16894.34,16680.0,16886.24,152.1216333,2568762.4090957926
2022-12-24 04:00:00,Gemini,BTC/USD,16848.0,16874.5,16806.35,16835.6,145.59193897,2451127.6477233316
2022-12-23 04:00:00,Gemini,BTC/USD,16828.96,16935.48,16750.99,16848.0,363.17435522,6118761.53674656
2022-12-22 04:00:00,Gemini,BTC/USD,16859.25,16880.96,16558.44,16828.96,906.3373615,15252715.20318904
2022-12-21 04:00:00,Gemini,BTC/USD,16839.87,16900.0,16750.0,16859.25,329.56605478,5556236.5090497155
2022-12-20 04:00:00,Gemini,BTC/USD,16724.43,17000.0,16698.0,16839.87,289.09985443,4868403.965620124
2022-12-19 04:00:00,Gemini,BTC/USD,16688.47,16836.67,16256.06,16724.43,560.57638685,9375320.541525744
2022-12-18 04:00:00,Gemini,BTC/USD,16741.06,16855.52,16651.03,16688.47,255.69035322,4267080.789001374
2022-12-17 04:00:00,Gemini,BTC/USD,16683.3,16804.15,16643.2,16741.06,286.53698872,4796932.920380844
2022-12-16 04:00:00,Gemini,BTC/USD,17470.0,17470.0,16543.01,16683.3,711.86293341,11876222.876959052
2022-12-15 04:00:00,Gemini,BTC/USD,17738.58,17749.95,17287.1,17470.0,543.50647107,9495058.0495929
2022-12-14 04:00:00,Gemini,BTC/USD,17824.82,18360.51,17578.12,17738.58,964.49634,17108795.486797202
2022-12-13 04:00:00,Gemini,BTC/USD,17157.83,17988.0,17096.9,17824.82,928.18357012,16544705.064346379
2022-12-12 04:00:00,Gemini,BTC/USD,16907.17,17242.6,16857.3,17157.83,539.94820602,9264339.527696138
2022-12-11 04:00:00,Gemini,BTC/USD,17161.52,17265.93,16883.0,16907.17,225.22022185,3807836.578255664
2022-12-10 04:00:00,Gemini,BTC/USD,17153.23,17242.39,17112.32,17161.52,384.15084371,6592612.3873460395
2022-12-09 04:00:00,Gemini,BTC/USD,17201.32,17343.38,17069.33,17153.23,493.28084564,8461359.799857417
2022-12-08 04:00:00,Gemini,BTC/USD,16842.01,17292.45,16741.8,17201.32,543.70953265,9352521.658163099
2022-12-07 04:00:00,Gemini,BTC/USD,17024.76,17041.5,16689.06,16842.01,904.84431167,15239396.945589256
2022-12-06 04:00:00,Gemini,BTC/USD,17000.77,17138.48,16900.0,17024.76,569.72378247,9699410.662843956
2022-12-05 04:00:00,Gemini,BTC/USD,17202.2,17439.57,16874.14,17000.77,686.5636844,11672111.28883699
2022-12-04 04:00:00,Gemini,BTC/USD,16961.58,17350.0,16928.43,17202.2,412.61953116,7097963.698920553
2022-12-03 04:00:00,Gemini,BTC/USD,17019.0,17045.0,16882.13,16961.58,336.80047794,5712668.250617546
2022-12-02 04:00:00,Gemini,BTC/USD,16916.32,17146.63,16815.0,17019.0,403.30877922,6863912.11354518
2022-12-01 04:00:00,Gemini,BTC/USD,17148.09,17300.0,16865.79,16916.32,814.32328908,13775353.341529785
2022-11-30 04:00:00,Gemini,BTC/USD,16844.65,17246.82,16716.0,17148.09,651.55908893,11172993.897289645
2022-11-29 04:00:00,Gemini,BTC/USD,16268.8,17102.84,16265.7,16844.65,656.92049109,11065595.75023917
2022-11-28 04:00:00,Gemini,BTC/USD,16165.34,16381.24,16005.0,16268.8,535.62283072,8713940.708417537
2022-11-27 04:00:00,Gemini,BTC/USD,16515.35,16600.93,16043.01,16165.34,436.27298076,7052501.066798858
2022-11-26 04:00:00,Gemini,BTC/USD,16613.06,16666.66,16428.01,16515.35,345.79260115,5710885.835402652
2022-11-25 04:00:00,Gemini,BTC/USD,16477.86,16684.08,16341.9,16613.06,518.07969942,8606889.131246425
2022-11-24 04:00:00,Gemini,BTC/USD,16709.75,16746.98,16449.9,16477.86,392.59354357,6469101.447850361
2022-11-23 04:00:00,Gemini,BTC/USD,16564.0,16796.59,16278.8,16709.75,852.05408711,14237610.782086322
2022-11-22 04:00:00,Gemini,BTC/USD,15805.03,16564.01,15602.7,16564.0,692.05067403,11463127.36463292
2022-11-21 04:00:00,Gemini,BTC/USD,16033.06,16264.95,15485.62,15805.03,1582.55570694,25012340.424857907
2022-11-20 04:00:00,Gemini,BTC/USD,16659.01,16706.36,15890.0,16033.06,848.21378799,13599462.555670949
2022-11-19 04:00:00,Gemini,BTC/USD,16606.06,16800.0,16535.87,16659.01,335.89808355,5595729.532840285
2022-11-18 04:00:00,Gemini,BTC/USD,16854.09,16854.09,16513.8,16606.06,650.13887239,10796245.123240683
2022-11-17 04:00:00,Gemini,BTC/USD,16493.77,16975.0,16397.34,16854.09,1306.39465524,22018093.09493393
2022-11-16 04:00:00,Gemini,BTC/USD,16962.7,16962.7,16277.0,16493.77,2423.00190697,39964436.16312458
2022-11-15 04:00:00,Gemini,BTC/USD,16800.5,17100.0,16609.99,16962.7,4153.2215609,70449851.37107845
2022-11-14 04:00:00,Gemini,BTC/USD,16117.94,17146.63,15790.26,16800.5,1355.35478822,22770638.11949011
2022-11-13 04:00:00,Gemini,BTC/USD,16900.91,16900.91,15900.0,16117.94,698.25789718,11254478.89127341
2022-11-12 04:00:00,Gemini,BTC/USD,16841.32,17000.0,16508.6,16900.91,925.23099886,15637245.840942962
2022-11-11 04:00:00,Gemini,BTC/USD,16993.96,17493.45,16341.5,16841.32,2402.72257104,40465019.69010737
2022-11-10 04:00:00,Gemini,BTC/USD,16327.86,18172.04,16144.67,16993.96,2751.61955012,46760912.56995727
2022-11-09 04:00:00,Gemini,BTC/USD,18307.35,18496.22,15555.0,16327.86,6262.11223135,102246891.81777042
2022-11-08 04:00:00,Gemini,BTC/USD,20158.84,20678.35,17025.41,18307.35,6291.85068561,115187112.64920223
2022-11-07 04:00:00,Gemini,BTC/USD,20915.75,20917.47,20125.0,20158.84,823.59118302,16602642.883910898
2022-11-06 04:00:00,Gemini,BTC/USD,21231.01,21300.0,20800.0,20915.75,446.983659,9348998.46572925
2022-11-05 04:00:00,Gemini,BTC/USD,21455.05,21470.58,21196.61,21231.01,341.11046877,7242119.7735605575
2022-11-04 04:00:00,Gemini,BTC/USD,20325.05,21473.65,20281.07,21455.05,1145.80693033,24583344.980576664
2022-11-03 04:00:00,Gemini,BTC/USD,20309.91,20387.79,20043.25,20325.05,567.73116666,11539164.348922832
2022-11-02 04:00:00,Gemini,BTC/USD,20516.14,20799.2,20059.66,20309.91,1141.60416171,23185877.779955544
2022-11-01 04:00:00,Gemini,BTC/USD,20487.21,20680.24,20334.64,20516.14,513.94097389,10544084.972063584
2022-10-31 04:00:00,Gemini,BTC/USD,20528.91,20833.79,20245.21,20487.21,703.25650845,14407763.772481922
2022-10-30 04:00:00,Gemini,BTC/USD,20783.38,20930.44,20440.0,20528.91,412.44199138,8466984.521260796
2022-10-29 04:00:00,Gemini,BTC/USD,20767.15,21078.31,20633.75,20783.38,421.04639182,8750767.158823952
2022-10-28 04:00:00,Gemini,BTC/USD,20291.76,20822.96,20001.0,20767.15,1144.37764618,23765462.23486699
2022-10-27 04:00:00,Gemini,BTC/USD,20754.57,20879.05,20169.16,20291.76,1305.54346426,26491774.6463325
2022-10-26 04:00:00,Gemini,BTC/USD,20260.28,21018.1,20147.01,20754.57,1341.6666412,27845714.221450284
2022-10-25 04:00:00,Gemini,BTC/USD,19341.3,20412.0,19246.46,20260.28,1562.07894364,31648156.780250616
2022-10-24 04:00:00,Gemini,BTC/USD,19387.29,19451.46,19167.36,19341.3,982.07565745,18994619.913437683
2022-10-23 04:00:00,Gemini,BTC/USD,19199.34,19689.92,19080.65,19387.29,505.16891497,9793856.253508732
2022-10-22 04:00:00,Gemini,BTC/USD,19150.7,19250.0,19134.79,19199.34,320.44665306,6152364.24396098
2022-10-21 04:00:00,Gemini,BTC/USD,19054.34,19250.0,18666.0,19150.7,938.5917664,17974689.34079648
2022-10-20 04:00:00,Gemini,BTC/USD,19048.49,19347.71,18928.2,19054.34,741.24427558,14123920.449955018
2022-10-19 04:00:00,Gemini,BTC/USD,19296.35,19309.36,18912.19,19048.49,822.44626204,15666359.39800632
2022-10-18 04:00:00,Gemini,BTC/USD,19543.05,19700.0,19100.0,19296.35,1023.92278648,19757972.460893348
2022-10-17 04:00:00,Gemini,BTC/USD,19194.97,19672.22,19166.7,19543.05,1066.41634158,20841027.88431502
2022-10-16 04:00:00,Gemini,BTC/USD,19130.24,19425.0,19098.53,19194.97,275.81610839,5294281.926062799
2022-10-15 04:00:00,Gemini,BTC/USD,19212.47,19215.53,19007.0,19130.24,659.18608981,12610388.102726856
2022-10-14 04:00:00,Gemini,BTC/USD,19811.7,19856.36,19061.09,19212.47,957.66333644,18399078.12145341
2022-10-13 04:00:00,Gemini,BTC/USD,19084.53,19946.3,18165.73,19811.7,2790.09082045,55276442.30750927
2022-10-12 04:00:00,Gemini,BTC/USD,19050.91,19226.5,18978.4,19084.53,629.49160927,12013551.501861593
2022-10-11 04:00:00,Gemini,BTC/USD,19042.44,19262.35,18860.71,19050.91,773.40693282,14734105.870529866
2022-10-10 04:00:00,Gemini,BTC/USD,19455.92,19475.13,18960.0,19042.44,1070.30975536,20381309.29785748
2022-10-09 04:00:00,Gemini,BTC/USD,19368.23,19555.52,19327.88,19455.92,329.748172,6415554.05457824
2022-10-08 04:00:00,Gemini,BTC/USD,19508.67,19546.3,19190.0,19368.23,371.71538423,7199469.056305013
2022-10-07 04:00:00,Gemini,BTC/USD,19988.29,20056.88,19326.94,19508.67,1383.7244259,26994623.195822548
2022-10-06 04:00:00,Gemini,BTC/USD,20364.52,20444.44,19860.94,19988.29,1107.56240713,22138278.58681251
2022-10-05 04:00:00,Gemini,BTC/USD,20194.33,20441.41,19743.18,20364.52,1192.47308682,24284142.026007626
2022-10-04 04:00:00,Gemini,BTC/USD,19605.32,20457.91,19560.53,20194.33,1591.90865426,32147528.693982348
2022-10-03 04:00:00,Gemini,BTC/USD,19167.88,19721.0,19065.5,19605.32,1266.70491121,24834155.129843637
2022-10-02 04:00:00,Gemini,BTC/USD,19312.89,19399.0,18928.22,19167.88,553.35708246,10606682.153743386
2022-10-01 04:00:00,Gemini,BTC/USD,19417.6,19425.16,19170.13,19312.89,357.11168978,6896858.782435264
2022-09-30 04:00:00,Gemini,BTC/USD,19399.78,20178.47,19162.73,19417.6,1781.02289681,34583190.20109785
2022-09-29 04:00:00,Gemini,BTC/USD,19507.88,19694.66,18844.56,19399.78,1294.3040711,25109214.232444357
2022-09-28 04:00:00,Gemini,BTC/USD,18748.12,19776.13,18576.12,19507.88,1613.42502739,31474501.823320836
2022-09-27 04:00:00,Gemini,BTC/USD,20106.7,20378.0,18480.0,18748.12,2539.21047827,47605422.751863346
2022-09-26 04:00:00,Gemini,BTC/USD,18874.09,20288.87,18692.89,20106.7,1612.70765556,32426229.018048253
2022-09-25 04:00:00,Gemini,BTC/USD,19054.76,19163.71,18640.0,18874.09,634.66419077,11978709.05637015
2022-09-24 04:00:00,Gemini,BTC/USD,19129.54,19217.41,18817.12,19054.76,422.07819662,8042598.737826911
2022-09-23 04:00:00,Gemini,BTC/USD,19388.47,19493.26,18540.01,19129.54,1316.04961992,25175423.846244436
2022-09-22 04:00:00,Gemini,BTC/USD,18682.02,19507.94,18626.1,19388.47,1274.67062789,24713913.22872643
2022-09-21 04:00:00,Gemini,BTC/USD,19027.62,19901.9,18156.69,18682.02,3492.23320491,65241970.57879272
2022-09-20 04:00:00,Gemini,BTC/USD,19371.9,19573.53,18733.6,19027.62,1272.83602581,24219040.22142287
2022-09-19 04:00:00,Gemini,BTC/USD,18781.55,19675.0,18250.0,19371.9,1815.90064628,35177445.72967154
2022-09-18 04:00:00,Gemini,BTC/USD,19996.07,20097.66,18678.0,18781.55,1280.2373671,24044842.122057006
2022-09-17 04:00:00,Gemini,BTC/USD,19878.47,20177.17,19757.28,19996.07,414.55011478,8289373.113648915
2022-09-16 04:00:00,Gemini,BTC/USD,19750.72,20055.83,19327.51,19878.47,1297.87065753,25799682.92959038
2022-09-15 04:00:00,Gemini,BTC/USD,20024.79,20331.76,19490.0,19750.72,1745.39803866,34472867.95012284
2022-09-14 04:00:00,Gemini,BTC/USD,20325.02,20410.28,19628.09,20024.79,1687.05102678,33782842.53055388
2022-09-13 04:00:00,Gemini,BTC/USD,22219.6,22798.01,19880.15,20325.02,2720.25678765,55289273.61412201
2022-09-12 04:00:00,Gemini,BTC/USD,21663.36,22490.0,21640.77,22219.6,1344.94765127,29884198.83215889
2022-09-11 04:00:00,Gemini,BTC/USD,21555.8,22366.66,21366.51,21663.36,926.87841454,20079300.770409256
2022-09-10 04:00:00,Gemini,BTC/USD,21310.48,21800.0,21140.29,21555.8,1030.1743299,22206231.82045842
2022-09-09 04:00:00,Gemini,BTC/USD,19947.26,21600.0,19936.41,21310.48,2905.73200545,61922543.78750212
2022-09-08 04:00:00,Gemini,BTC/USD,19212.78,19948.03,19019.28,19947.26,1789.41742133,35693974.55179905
2022-09-07 04:00:00,Gemini,BTC/USD,18745.23,19462.1,18679.99,19212.78,1507.12042162,28955973.0940923
2022-09-06 04:00:00,Gemini,BTC/USD,19776.36,20028.65,18524.9,18745.23,2673.56102409,50116516.31560259
2022-09-05 04:00:00,Gemini,BTC/USD,19884.33,20175.0,19642.57,19776.36,775.18628083,15330362.95675518
2022-09-04 04:00:00,Gemini,BTC/USD,19779.5,20050.0,19600.86,19884.33,377.03587701,7497105.800306253
2022-09-03 04:00:00,Gemini,BTC/USD,19898.38,19967.65,19665.83,19779.5,346.38803158,6851382.0706366105
2022-09-02 04:00:00,Gemini,BTC/USD,20165.78,20434.56,19764.91,19898.38,984.72722782,19594476.575508934
2022-09-01 04:00:00,Gemini,BTC/USD,20022.02,20235.81,19568.96,20165.78,1844.02857325,37186274.521873385
2022-08-31 04:00:00,Gemini,BTC/USD,20413.79,20484.98,19877.66,20022.02,1269.85792704,25425120.81235342
2022-08-30 04:00:00,Gemini,BTC/USD,20268.62,20561.7,19549.66,20413.79,1519.79813352,31024839.94006924
2022-08-29 04:00:00,Gemini,BTC/USD,19853.4,20416.57,19745.7,20268.62,1762.6383573,35726247.06153793
2022-08-28 04:00:00,Gemini,BTC/USD,20000.59,20152.43,19523.9,19853.4,613.88663582,12187736.93558879
2022-08-27 04:00:00,Gemini,BTC/USD,20210.84,20274.7,19824.75,20000.59,954.36449088,19087852.892649617
2022-08-26 04:00:00,Gemini,BTC/USD,21557.88,21872.32,20114.59,20210.84,2591.2358972,52371054.12056565
2022-08-25 04:00:00,Gemini,BTC/USD,21464.46,21805.16,21420.0,21557.88,725.70395063,15644638.683207465
2022-08-24 04:00:00,Gemini,BTC/USD,21271.33,21890.0,21240.22,21464.46,852.8244746,18305416.822072715
2022-08-23 04:00:00,Gemini,BTC/USD,21241.87,21690.81,20900.0,21271.33,1069.72491123,22754471.59599404
2022-08-22 04:00:00,Gemini,BTC/USD,21414.95,21539.38,20901.0,21241.87,1725.97682157,36662975.26680314
2022-08-21 04:00:00,Gemini,BTC/USD,21213.37,21791.44,21072.19,21414.95,516.9832129,11071169.655092856
2022-08-20 04:00:00,Gemini,BTC/USD,21150.62,21365.49,20754.06,21213.37,738.39968959,15663945.823157817
2022-08-19 04:00:00,Gemini,BTC/USD,22771.98,22833.4,20800.0,21150.62,2579.27557518,54553277.56591361
2022-08-18 04:00:00,Gemini,BTC/USD,23442.4,23598.06,22709.88,22771.98,724.34020734,16494660.714742333
2022-08-17 04:00:00,Gemini,BTC/USD,24008.36,24430.67,23200.0,23442.4,1287.81344461,30189437.893925466
2022-08-16 04:00:00,Gemini,BTC/USD,24091.49,24150.93,23677.98,24008.36,810.36088506,19455435.858439103
2022-08-15 04:00:00,Gemini,BTC/USD,24867.57,25006.24,23789.43,24091.49,1031.60839658,24852983.370123107
2022-08-14 04:00:00,Gemini,BTC/USD,24587.33,25204.28,24161.38,24867.57,777.69390382,19339357.591817115
2022-08-13 04:00:00,Gemini,BTC/USD,24814.58,24947.8,24313.94,24587.33,484.00719548,11900444.63764127
2022-08-12 04:00:00,Gemini,BTC/USD,24030.73,24827.02,23601.26,24814.58,1010.3125005,25070480.368657295
2022-08-11 04:00:00,Gemini,BTC/USD,24335.23,24915.39,23791.15,24030.73,1304.45077765,31346904.435997184
2022-08-10 04:00:00,Gemini,BTC/USD,22868.54,24760.26,22840.96,24335.23,1507.90179544,36695137.00944535
2022-08-09 04:00:00,Gemini,BTC/USD,23832.79,23916.84,22683.86,22868.54,967.06359362,22115332.473242715
2022-08-08 04:00:00,Gemini,BTC/USD,23311.85,24240.0,23292.5,23832.79,1334.73104541,31810364.711736996
2022-08-07 04:00:00,Gemini,BTC/USD,23000.17,23399.54,22905.61,23311.85,353.14308441,8232418.612303257
2022-08-06 04:00:00,Gemini,BTC/USD,23178.2,23259.09,22858.49,23000.17,360.72858862,8296818.862120064
2022-08-05 04:00:00,Gemini,BTC/USD,23179.92,23470.63,22750.51,23178.2,1064.7384639,24678721.06396698
2022-08-04 04:00:00,Gemini,BTC/USD,23081.34,23200.0,22415.25,23179.92,1253.73041113,29061370.63156051
2022-08-03 04:00:00,Gemini,BTC/USD,22864.2,23640.77,22744.89,23081.34,1136.97398681,26242883.160717126
2022-08-02 04:00:00,Gemini,BTC/USD,22859.5,23450.0,22670.03,22864.2,1043.61104534,23861331.662862826
2022-08-01 04:00:00,Gemini,BTC/USD,23383.41,23500.1,22797.97,22859.5,1516.54952898,34667563.95771831
2022-07-31 04:00:00,Gemini,BTC/USD,23756.67,24199.99,23246.34,23383.41,751.37683578,17569752.61554641
2022-07-30 04:00:00,Gemini,BTC/USD,23814.05,24658.3,23528.41,23756.67,848.07842742,20147519.33433589
2022-07-29 04:00:00,Gemini,BTC/USD,23921.33,24444.88,23441.73,23814.05,1419.86419296,33812716.88435909
2022-07-28 04:00:00,Gemini,BTC/USD,23126.1,24196.83,22593.2,23921.33,2534.0444262,60617712.95379085
2022-07-27 04:00:00,Gemini,BTC/USD,21076.57,23449.08,21063.35,23126.1,1959.08306756,45305950.928699315
2022-07-26 04:00:00,Gemini,BTC/USD,21147.15,21295.0,20725.92,21076.57,1698.16854707,35791568.25411915
2022-07-25 04:00:00,Gemini,BTC/USD,21857.54,22241.82,20868.11,21147.15,2225.70750931,47067370.55550498
2022-07-24 04:00:00,Gemini,BTC/USD,22336.03,23007.75,21787.24,21857.54,1042.72316193,22791363.220811453
2022-07-23 04:00:00,Gemini,BTC/USD,22806.96,22998.71,21953.41,22336.03,1017.64438843,22730135.589304134
2022-07-22 04:00:00,Gemini,BTC/USD,22917.76,23752.36,22514.5,22806.96,1486.18221035,33895298.22416404
2022-07-21 04:00:00,Gemini,BTC/USD,22773.11,23346.01,22350.0,22917.76,2062.98340924,47278958.6569441
2022-07-20 04:00:00,Gemini,BTC/USD,23448.41,24279.8,22666.0,22773.11,2912.21768757,66320253.74297725
2022-07-19 04:00:00,Gemini,BTC/USD,21896.87,23797.34,21588.38,23448.41,2983.26451794,69952809.55510947
2022-07-18 04:00:00,Gemini,BTC/USD,21282.72,22999.97,21170.44,21896.87,3365.66312039,73697487.81097418
2022-07-17 04:00:00,Gemini,BTC/USD,21323.75,21664.0,20753.34,21282.72,885.10182279,18837374.26592919
2022-07-16 04:00:00,Gemini,BTC/USD,20738.72,21580.88,20481.1,21323.75,815.2263432,17383682.735811
2022-07-15 04:00:00,Gemini,BTC/USD,20601.92,21195.1,20488.24,20738.72,1387.09005681,28766472.302966688
2022-07-14 04:00:00,Gemini,BTC/USD,20198.58,20899.47,19608.68,20601.92,1694.79447498,34916020.189979956
2022-07-13 04:00:00,Gemini,BTC/USD,19460.12,20408.4,18909.0,20198.58,2549.16524376,51489518.109305866
2022-07-12 04:00:00,Gemini,BTC/USD,19927.75,20049.04,19233.68,19460.12,2076.45942349,40408149.55624622
2022-07-11 04:00:00,Gemini,BTC/USD,20532.02,20732.77,19777.77,19927.75,1786.28212058,35596583.5283881
2022-07-10 04:00:00,Gemini,BTC/USD,21286.09,21413.89,20424.61,20532.02,861.12380038,17680611.09187817
2022-07-09 04:00:00,Gemini,BTC/USD,21590.71,21954.38,21139.18,21286.09,598.84282559,12747022.281363042
2022-07-08 04:00:00,Gemini,BTC/USD,22121.93,22224.33,21177.76,21590.71,2007.08087947,43334301.21518172
2022-07-07 04:00:00,Gemini,BTC/USD,20460.5,22485.2,20242.17,22121.93,2192.28979331,48497681.347318284
2022-07-06 04:00:00,Gemini,BTC/USD,19930.98,20637.98,19842.47,20460.5,1437.87875145,29419718.194042724
2022-07-05 04:00:00,Gemini,BTC/USD,20284.73,20718.64,19281.67,19930.98,2148.99415447,42831559.51285848
2022-07-04 04:00:00,Gemini,BTC/USD,19082.8,20447.65,19061.27,20284.73,1514.54149727,30722065.345917687
2022-07-03 04:00:00,Gemini,BTC/USD,19247.0,19616.81,18776.24,19082.8,940.14112176,17940524.998321727
2022-07-02 04:00:00,Gemini,BTC/USD,19104.61,19414.66,18967.4,19247.0,981.44769068,18889923.70251796
2022-07-01 04:00:00,Gemini,BTC/USD,19713.14,19779.2,18950.4,19104.61,2227.75630944,42560415.46689052
2022-06-30 04:00:00,Gemini,BTC/USD,20050.72,20882.35,18616.0,19713.14,3849.93132612,75894235.22218922
2022-06-29 04:00:00,Gemini,BTC/USD,20267.28,20399.03,19830.9,20050.72,2369.67850678,47513760.22946389
2022-06-28 04:00:00,Gemini,BTC/USD,20710.45,21185.14,20135.0,20267.28,1384.65041701,28063097.70365843
2022-06-27 04:00:00,Gemini,BTC/USD,21166.08,21509.49,20487.65,20710.45,1985.80529503,41126921.27245407
2022-06-26 04:00:00,Gemini,BTC/USD,21412.36,21870.14,20918.6,21166.08,899.18793372,19032283.74015222
2022-06-25 04:00:00,Gemini,BTC/USD,21293.75,21586.6,20906.23,21412.36,836.28161853,17906763.07734703
2022-06-24 04:00:00,Gemini,BTC/USD,21061.29,21520.54,20723.77,21293.75,1913.32738021,40741914.902346686
2022-06-23 04:00:00,Gemini,BTC/USD,20204.02,21336.9,20146.07,21061.29,2610.895125,54988819.387211256
2022-06-22 04:00:00,Gemini,BTC/USD,20294.76,20869.26,19757.23,20204.02,2482.88407411,50164239.49099992
2022-06-21 04:00:00,Gemini,BTC/USD,20595.92,21695.85,20244.6,20294.76,2473.34552951,50195953.91847836
2022-06-20 04:00:00,Gemini,BTC/USD,19957.03,21039.47,19752.64,20595.92,1627.90489961,33528199.07997559
2022-06-19 04:00:00,Gemini,BTC/USD,18276.72,20783.34,17941.15,19957.03,3114.66260147,62159414.97741483
2022-06-18 04:00:00,Gemini,BTC/USD,20431.92,20501.2,17581.01,18276.72,6511.66440916,119011867.14018276
2022-06-17 04:00:00,Gemini,BTC/USD,20359.99,21333.83,20300.0,20431.92,4169.71588046,85195301.29228829
2022-06-16 04:00:00,Gemini,BTC/USD,22183.3,22331.59,20181.12,20359.99,4086.99070672,83211089.91891214
2022-06-15 04:00:00,Gemini,BTC/USD,21429.19,22961.24,20066.0,22183.3,8190.18636287,181685361.14345407
2022-06-14 04:00:00,Gemini,BTC/USD,22084.74,23293.3,21349.24,21429.19,4315.23844384,92472064.5083517
2022-06-13 04:00:00,Gemini,BTC/USD,25475.63,26220.31,20817.49,22084.74,12688.268957,280217120.9654162
2022-06-12 04:00:00,Gemini,BTC/USD,27528.12,28300.0,24900.0,25475.63,3114.54692002,79345044.95206912
2022-06-11 04:00:00,Gemini,BTC/USD,29248.27,29401.91,27251.01,27528.12,1733.00580408,47706391.73541073
2022-06-10 04:00:00,Gemini,BTC/USD,30091.32,30200.0,28829.0,29248.27,2248.86376327,65775374.54133705
2022-06-09 04:00:00,Gemini,BTC/USD,30273.22,30661.47,29535.84,30091.32,1032.6826133,31074782.975246556
2022-06-08 04:00:00,Gemini,BTC/USD,29992.74,30857.13,29868.71,30273.22,1599.47460276,48421246.53376608
2022-06-07 04:00:00,Gemini,BTC/USD,29561.06,31555.07,29333.0,29992.74,2273.42976949,68186387.98457351
2022-06-06 04:00:00,Gemini,BTC/USD,31231.91,31740.24,29186.45,29561.06,1796.0838405,53094142.174050935
2022-06-05 04:00:00,Gemini,BTC/USD,29737.91,31250.0,29520.88,31231.91,958.7629364,29943997.74098052
2022-06-04 04:00:00,Gemini,BTC/USD,29530.01,29960.37,29466.5,29737.91,359.42900241,10688667.325058363
2022-06-03 04:00:00,Gemini,BTC/USD,30510.74,30540.64,29254.88,29530.01,1280.60478135,37816271.99931331
2022-06-02 04:00:00,Gemini,BTC/USD,29694.26,30675.95,29569.52,30510.74,1026.69261995,31325151.587213267
2022-06-01 04:00:00,Gemini,BTC/USD,31597.63,31868.11,29308.53,29694.26,1838.62292242,54596547.100299306
2022-05-31 04:00:00,Gemini,BTC/USD,31764.22,32378.4,31220.0,31597.63,1367.48625854,43209324.82743126
2022-05-30 04:00:00,Gemini,BTC/USD,30343.45,32183.61,30169.24,31764.22,1998.48867815,63480434.04026579
2022-05-29 04:00:00,Gemini,BTC/USD,28959.53,30370.5,28904.01,30343.45,986.6442786,29938191.33548517
2022-05-28 04:00:00,Gemini,BTC/USD,28785.15,29226.6,28732.42,28959.53,425.34854785,12317894.031918509
2022-05-27 04:00:00,Gemini,BTC/USD,29003.18,29347.77,28245.3,28785.15,1487.89477175,42829274.18903951
2022-05-26 04:00:00,Gemini,BTC/USD,29802.96,29835.86,28002.0,29003.18,2453.18434267,71150147.0636397
2022-05-25 04:00:00,Gemini,BTC/USD,30145.88,30145.88,29315.57,29802.96,928.63623977,27676108.708415717
2022-05-24 04:00:00,Gemini,BTC/USD,29289.62,30187.6,28647.69,30145.88,1586.23685512,47818505.88602491
2022-05-23 04:00:00,Gemini,BTC/USD,30141.4,30626.76,28851.0,29289.62,1167.0138898,34181393.36696388
2022-05-22 04:00:00,Gemini,BTC/USD,29327.69,30455.47,29213.4,30141.4,888.97830244,26795050.605165016
2022-05-21 04:00:00,Gemini,BTC/USD,29233.57,29605.69,29128.87,29327.69,334.28053491,9803675.900874658
2022-05-20 04:00:00,Gemini,BTC/USD,30135.17,30500.0,28700.0,29233.57,1303.76615089,38113739.03567338
2022-05-19 04:00:00,Gemini,BTC/USD,29164.51,30733.0,28831.31,30135.17,1461.34050714,44037744.61055011
2022-05-18 04:00:00,Gemini,BTC/USD,29802.78,30054.01,28601.94,29164.51,1740.6551457,50765354.403319106
2022-05-17 04:00:00,Gemini,BTC/USD,30325.87,30735.05,29428.6,29802.78,1516.45141512,45194467.90551004
2022-05-16 04:00:00,Gemini,BTC/USD,30283.7,30460.93,29069.97,30325.87,1452.45551733,44046977.19933233
2022-05-15 04:00:00,Gemini,BTC/USD,29690.3,31402.25,29447.82,30283.7,1166.38273487,35322384.82798262
2022-05-14 04:00:00,Gemini,BTC/USD,29525.0,30287.82,28588.52,29690.3,954.53802617,28340520.358395148
2022-05-13 04:00:00,Gemini,BTC/USD,30485.68,30980.4,29147.4,29525.0,1939.07211395,57251104.16437375
2022-05-12 04:00:00,Gemini,BTC/USD,28257.39,30676.41,25390.11,30485.68,7675.59061628,233995599.33891487
2022-05-11 04:00:00,Gemini,BTC/USD,31202.34,32136.9,27717.0,28257.39,6795.63100934,192026795.727014
2022-05-10 04:00:00,Gemini,BTC/USD,31328.7,32638.39,30170.0,31202.34,3333.36503537,104008789.17772676
2022-05-09 04:00:00,Gemini,BTC/USD,33553.73,33812.94,29746.41,31328.7,5271.456209,165147870.1348983
2022-05-08 04:00:00,Gemini,BTC/USD,34479.62,34931.5,33267.08,33553.73,1256.01322024,42143928.4683635
2022-05-07 04:00:00,Gemini,BTC/USD,35792.55,36112.8,34203.0,34479.62,905.26839569,31213310.28140084
2022-05-06 04:00:00,Gemini,BTC/USD,36439.91,36529.99,35253.86,35792.55,1338.34126677,47902646.70792857
2022-05-05 04:00:00,Gemini,BTC/USD,39722.88,39824.27,35600.0,36439.91,2176.77993224,79321664.82063171
2022-05-04 04:00:00,Gemini,BTC/USD,38006.52,40011.42,37951.16,39722.88,1092.47884064,43396405.88928184
2022-05-03 04:00:00,Gemini,BTC/USD,38475.81,38630.17,37516.78,38006.52,1159.43836649,44066217.464769505
2022-05-02 04:00:00,Gemini,BTC/USD,38666.89,39175.0,38051.6,38475.81,1054.18480838,40560614.39211529
2022-05-01 04:00:00,Gemini,BTC/USD,38045.62,38800.0,37687.9,38666.89,413.72171348,15997331.985742677
2022-04-30 04:00:00,Gemini,BTC/USD,38659.72,38757.48,37412.54,38045.62,484.93138064,18449515.0339048
2022-04-29 04:00:00,Gemini,BTC/USD,39514.57,39631.2,38158.9,38659.72,777.29000594,30049813.988438737
2022-04-28 04:00:00,Gemini,BTC/USD,39352.25,40369.07,38810.15,39514.57,928.92580157,36706103.610943876
2022-04-27 04:00:00,Gemini,BTC/USD,38344.79,39700.98,38316.92,39352.25,733.15777013,28851407.859598294
2022-04-26 04:00:00,Gemini,BTC/USD,40541.18,40783.69,37697.42,38344.79,1297.57902381,49755395.176399454
2022-04-25 04:00:00,Gemini,BTC/USD,39260.92,40765.94,38221.87,40541.18,1370.40362847,55557780.1744554
2022-04-24 04:00:00,Gemini,BTC/USD,39780.94,39933.07,38695.95,39260.92,515.66974224,20245668.49650526
2022-04-23 04:00:00,Gemini,BTC/USD,39482.0,39988.99,39299.82,39780.94,402.21522707,16000499.815158049
2022-04-22 04:00:00,Gemini,BTC/USD,40503.04,40808.91,39189.81,39482.0,1087.66591152,42943225.51863264
2022-04-21 04:00:00,Gemini,BTC/USD,41711.06,42977.1,39795.91,40503.04,1106.29753311,44808413.235455655
2022-04-20 04:00:00,Gemini,BTC/USD,41406.0,42208.16,40904.73,41711.06,703.57157906,29346716.3484664
2022-04-19 04:00:00,Gemini,BTC/USD,40709.48,41769.06,40590.84,41406.0,651.70821496,26984630.34863376
2022-04-18 04:00:00,Gemini,BTC/USD,39837.45,41259.01,38559.19,40709.48,1610.17305762,65549307.885720246
2022-04-17 04:00:00,Gemini,BTC/USD,40253.71,40589.3,39572.66,39837.45,339.38884026,13520385.954415737
2022-04-16 04:00:00,Gemini,BTC/USD,40437.47,40689.81,40018.61,40253.71,285.4813666,11491684.141520087
2022-04-15 04:00:00,Gemini,BTC/USD,40199.81,40840.0,39948.34,40437.47,669.0015564,27052730.36687831
2022-04-14 04:00:00,Gemini,BTC/USD,41339.6,41424.04,39563.77,40199.81,955.52608979,38411967.25960094
2022-04-13 04:00:00,Gemini,BTC/USD,40086.76,41550.87,39644.7,41339.6,1099.90762457,45469741.23667397
2022-04-12 04:00:00,Gemini,BTC/USD,39750.0,40692.38,39271.84,40086.76,1304.01017151,52273542.78288021
2022-04-11 04:00:00,Gemini,BTC/USD,42096.93,42352.62,39215.0,39750.0,1687.02827294,67059373.849365
2022-04-10 04:00:00,Gemini,BTC/USD,42810.85,43429.78,41791.97,42096.93,558.36939122,23505637.176330954
2022-04-09 04:00:00,Gemini,BTC/USD,42400.01,42900.0,42207.93,42810.85,283.05504477,12117827.063391754
2022-04-08 04:00:00,Gemini,BTC/USD,43627.54,43988.14,42104.92,42400.01,1069.96270566,45366429.41961106
2022-04-07 04:00:00,Gemini,BTC/USD,43304.16,43891.84,43023.48,43627.54,691.99562208,30190066.68212008
2022-04-06 04:00:00,Gemini,BTC/USD,45193.4,45521.16,42750.0,43304.16,1692.66007294,73299222.62420544
2022-04-05 04:00:00,Gemini,BTC/USD,46666.7,47183.93,44367.86,45193.4,980.58457997,44315951.1564162
2022-04-04 04:00:00,Gemini,BTC/USD,46019.34,46886.58,45123.9,46666.7,1031.87195844,48154059.12293195
2022-04-03 04:00:00,Gemini,BTC/USD,45964.35,47450.0,45760.0,46019.34,578.31894922,26613856.352597915
2022-04-02 04:00:00,Gemini,BTC/USD,46618.39,46955.8,45565.48,45964.35,441.26476673,20282448.180646077
2022-04-01 04:00:00,Gemini,BTC/USD,44600.0,47206.57,44559.99,46618.39,926.64502436,43198699.13717398
2022-03-31 04:00:00,Gemini,BTC/USD,47108.13,47636.87,44248.0,44600.0,975.11947313,43490328.501598
2022-03-30 04:00:00,Gemini,BTC/USD,47468.07,47713.72,46853.86,47108.13,654.38853283,30827020.07506491
2022-03-29 04:00:00,Gemini,BTC/USD,47367.16,48138.6,46546.15,47468.07,869.47889372,41272484.99062352
2022-03-28 04:00:00,Gemini,BTC/USD,47058.74,48217.83,46785.99,47367.16,1117.30131518,52923390.164341494
2022-03-27 04:00:00,Gemini,BTC/USD,44725.15,47611.55,44461.37,47058.74,996.40586715,46889604.636686385
2022-03-26 04:00:00,Gemini,BTC/USD,44439.25,44947.66,44158.46,44725.15,296.60198709,13265568.362898314
2022-03-25 04:00:00,Gemini,BTC/USD,43984.86,45124.14,43596.03,44439.25,946.20929991,42048831.63102547
2022-03-24 04:00:00,Gemini,BTC/USD,42754.74,44395.48,42616.51,43984.86,1139.05458994,50101156.67086831
2022-03-23 04:00:00,Gemini,BTC/USD,42101.27,43295.15,41777.0,42754.74,1087.20253425,46483061.679199845
2022-03-22 04:00:00,Gemini,BTC/USD,42240.26,43359.99,41929.87,42101.27,1406.95351993,59234530.02002331
2022-03-21 04:00:00,Gemini,BTC/USD,40861.3,42500.0,40758.16,42240.26,879.14193483,37135183.904122256
2022-03-20 04:00:00,Gemini,BTC/USD,41969.76,42019.07,40529.07,40861.3,436.60516562,17840254.65394851
2022-03-19 04:00:00,Gemini,BTC/USD,41815.86,42400.0,41575.81,41969.76,338.68768358,14214640.79480854
2022-03-18 04:00:00,Gemini,BTC/USD,40555.62,42350.0,40179.68,41815.86,984.07453538,41149923.00101513
2022-03-17 04:00:00,Gemini,BTC/USD,41025.46,41471.57,40283.13,40555.62,926.40332585,37570861.24990878
2022-03-16 04:00:00,Gemini,BTC/USD,39177.73,41471.57,38950.0,41025.46,1845.70382934,75720848.622435
2022-03-15 04:00:00,Gemini,BTC/USD,38767.4,41702.89,38110.23,39177.73,1527.79403963,59855502.380233444
2022-03-14 04:00:00,Gemini,BTC/USD,38167.61,39917.17,38130.8,38767.4,976.64311422,37861914.26621243
2022-03-13 04:00:00,Gemini,BTC/USD,39193.8,39309.13,37578.09,38167.61,591.62385782,22580868.671969213
2022-03-12 04:00:00,Gemini,BTC/USD,39108.99,39467.28,38665.92,39193.8,305.52787374,11974798.377790814
2022-03-11 04:00:00,Gemini,BTC/USD,38724.13,40251.83,38318.6,39108.99,1020.14883188,39896990.4645066
2022-03-10 04:00:00,Gemini,BTC/USD,40790.0,40845.17,38254.5,38724.13,1469.42520497,56902212.66253492
2022-03-09 04:00:00,Gemini,BTC/USD,41230.39,42590.58,40569.15,40790.0,1804.91685922,73622558.6875838
2022-03-08 04:00:00,Gemini,BTC/USD,38685.62,41441.18,38011.86,41230.39,1474.26504507,60784522.77160368
2022-03-07 04:00:00,Gemini,BTC/USD,37885.04,39551.51,37176.64,38685.62,1204.27645412,46588181.27903376
2022-03-06 04:00:00,Gemini,BTC/USD,39290.05,39652.46,37584.45,37885.04,927.39416824,35134365.15953913
2022-03-05 04:00:00,Gemini,BTC/USD,39083.02,39695.51,38734.01,39290.05,490.63001048,19276877.643259726
2022-03-04 04:00:00,Gemini,BTC/USD,41449.63,41900.07,38588.89,39083.02,2239.56962479,87529144.43706006
2022-03-03 04:00:00,Gemini,BTC/USD,43331.62,44136.36,41073.25,41449.63,1671.92343015,69300607.56804834
2022-03-02 04:00:00,Gemini,BTC/USD,44346.16,45303.0,43252.96,43331.62,1252.2602332,54262464.56613378
2022-03-01 04:00:00,Gemini,BTC/USD,43174.08,44979.18,42871.08,44346.16,2445.18836948,108434714.6630992
2022-02-28 04:00:00,Gemini,BTC/USD,37815.02,44253.03,37489.0,43174.08,2691.75426968,116214014.1795059
2022-02-27 04:00:00,Gemini,BTC/USD,38631.68,39868.47,37003.56,37815.02,1314.39069721,49703710.50281009
2022-02-26 04:00:00,Gemini,BTC/USD,39434.49,39693.32,38225.28,38631.68,480.71213905,18570717.527895104
2022-02-25 04:00:00,Gemini,BTC/USD,38961.51,40326.51,38034.69,39434.49,1588.19949617,62629837.1497209
2022-02-24 04:00:00,Gemini,BTC/USD,34941.84,39736.52,34337.91,38961.51,3579.68951679,139470108.90530875
2022-02-23 04:00:00,Gemini,BTC/USD,37784.06,39298.31,34757.06,34941.84,2262.87145346,79068892.26736675
2022-02-22 04:00:00,Gemini,BTC/USD,36591.46,38450.46,36526.6,37784.06,1277.13795865,48255457.25790911
2022-02-21 04:00:00,Gemini,BTC/USD,38956.63,39490.69,36370.02,36591.46,1819.54862373,66579940.68327134
2022-02-20 04:00:00,Gemini,BTC/USD,39821.46,39842.54,38003.0,38956.63,875.24659663,34096657.82367416
2022-02-19 04:00:00,Gemini,BTC/USD,40164.68,40459.19,39667.82,39821.46,295.17833282,11754432.173258316
2022-02-18 04:00:00,Gemini,BTC/USD,40725.83,40967.36,39414.72,40164.68,1299.53686173,52195482.1995897
2022-02-17 04:00:00,Gemini,BTC/USD,43619.61,44043.76,40076.64,40725.83,1599.55187737,65143077.83395147
2022-02-16 04:00:00,Gemini,BTC/USD,44014.68,44394.72,43357.5,43619.61,814.44504259,35525775.12420919
2022-02-15 04:00:00,Gemini,BTC/USD,43599.82,44772.8,43407.4,44014.68,886.00573617,38997258.95568697
2022-02-14 04:00:00,Gemini,BTC/USD,41939.74,43716.32,41762.2,43599.82,1148.41756813,50070799.25530574
2022-02-13 04:00:00,Gemini,BTC/USD,42254.29,42762.14,41582.85,41939.74,473.03278516,19838872.021086257
2022-02-12 04:00:00,Gemini,BTC/USD,42329.09,43046.93,41772.56,42254.29,360.33187012,15225567.336292816
2022-02-11 04:00:00,Gemini,BTC/USD,43372.17,44029.89,41982.57,42329.09,1163.49889115,49249849.278388545
2022-02-10 04:00:00,Gemini,BTC/USD,43819.66,45861.85,42625.34,43372.17,2315.30589404,100419840.83830486
2022-02-09 04:00:00,Gemini,BTC/USD,43380.73,44853.11,43175.15,43819.66,760.03009157,33304260.202366266
2022-02-08 04:00:00,Gemini,BTC/USD,44229.63,45540.82,42674.83,43380.73,1808.61798598,78459168.52294217
2022-02-07 04:00:00,Gemini,BTC/USD,42863.79,44543.78,42238.63,44229.63,1349.59361885,59692026.41209652
2022-02-06 04:00:00,Gemini,BTC/USD,41485.0,42980.0,41093.9,42863.79,750.09633702,32151971.869794507
2022-02-05 04:00:00,Gemini,BTC/USD,41487.51,41942.68,40971.46,41485.0,507.9777771,21073458.0829935
2022-02-04 04:00:00,Gemini,BTC/USD,37330.9,41996.48,37270.19,41487.51,2401.06775449,99614322.47508143
2022-02-03 04:00:00,Gemini,BTC/USD,36839.21,37454.49,36272.06,37330.9,1133.1913316,42303052.28082644
2022-02-02 04:00:00,Gemini,BTC/USD,38591.08,38801.0,36622.85,36839.21,1115.49139444,41093821.732967995
2022-02-01 04:00:00,Gemini,BTC/USD,38640.92,39280.0,38037.11,38591.08,1296.96043053,50051103.73141767
2022-01-31 04:00:00,Gemini,BTC/USD,37046.28,38770.0,36816.72,38640.92,1232.36657821,47619778.359286346
2022-01-30 04:00:00,Gemini,BTC/USD,37953.81,38362.31,36664.0,37046.28,569.21088607,21087145.86439732
2022-01-29 04:00:00,Gemini,BTC/USD,37765.27,38728.99,37335.54,37953.81,661.41384631,25103175.454218943
2022-01-28 04:00:00,Gemini,BTC/USD,37371.18,38053.3,36129.09,37765.27,1278.82405143,48295135.584747836
2022-01-27 04:00:00,Gemini,BTC/USD,35795.03,37465.62,35515.37,37371.18,1430.04140346,53442334.696156286
2022-01-26 04:00:00,Gemini,BTC/USD,37428.06,38964.4,35518.37,35795.03,2342.09298383,83835288.61898436
2022-01-25 04:00:00,Gemini,BTC/USD,36463.33,37567.0,35721.1,37428.06,1548.32802056,57950914.05320091
2022-01-24 04:00:00,Gemini,BTC/USD,35369.0,37583.8,32960.26,36463.33,5183.27032833,188999296.46110514
2022-01-23 04:00:00,Gemini,BTC/USD,35080.27,36517.11,34609.43,35369.0,1672.54731278,59156325.90571582
2022-01-22 04:00:00,Gemini,BTC/USD,36341.4,36439.95,34000.0,35080.27,2177.17915835,76376032.71329074
2022-01-21 04:00:00,Gemini,BTC/USD,38462.49,39289.82,35389.69,36341.4,3863.90215838,140419613.89855093
2022-01-20 04:00:00,Gemini,BTC/USD,41954.5,43516.85,38260.0,38462.49,2551.47310646,98136008.84248668
2022-01-19 04:00:00,Gemini,BTC/USD,41712.63,42580.05,41156.28,41954.5,1214.41190396,50950044.22468982
2022-01-18 04:00:00,Gemini,BTC/USD,42052.76,42679.8,41281.06,41712.63,1130.9015508,47172877.9549466
2022-01-17 04:00:00,Gemini,BTC/USD,42655.12,42976.61,41559.11,42052.76,636.13741825,26751334.17668687
2022-01-16 04:00:00,Gemini,BTC/USD,43022.38,43499.99,42583.0,42655.12,622.07809872,26534815.950273447
2022-01-15 04:00:00,Gemini,BTC/USD,42947.72,43811.44,42590.52,43022.38,850.11167681,36573827.602157004
2022-01-14 04:00:00,Gemini,BTC/USD,42679.68,43462.53,41789.82,42947.72,800.80251091,34392642.01385963
2022-01-13 04:00:00,Gemini,BTC/USD,43525.85,44443.94,42326.63,42679.68,1120.7901543,47834965.13267463
2022-01-12 04:00:00,Gemini,BTC/USD,42631.64,44339.33,42486.86,43525.85,1336.00670295,58150827.35159626
2022-01-11 04:00:00,Gemini,BTC/USD,42299.24,43126.5,41289.81,42631.64,1412.94154018,60236015.081999294
2022-01-10 04:00:00,Gemini,BTC/USD,41997.88,42427.67,39666.01,42299.24,2295.57499982,97101077.85538612
2022-01-09 04:00:00,Gemini,BTC/USD,41850.79,42782.58,41214.24,41997.88,688.3544149,28909426.11444041
2022-01-08 04:00:00,Gemini,BTC/USD,41807.94,42313.92,40536.46,41850.79,982.23188789,41107180.47138794
2022-01-07 04:00:00,Gemini,BTC/USD,41799.85,42777.0,40625.0,41807.94,1955.65180114,81761773.16295306
2022-01-06 04:00:00,Gemini,BTC/USD,42846.04,43586.5,41551.06,41799.85,1438.63498268,60134726.48077659
2022-01-05 04:00:00,Gemini,BTC/USD,46440.16,47055.04,42500.0,42846.04,2900.98138514,124295564.46696384
2022-01-04 04:00:00,Gemini,BTC/USD,46341.7,47513.65,45548.44,46440.16,1149.72682412,53393497.66842466
2022-01-03 04:00:00,Gemini,BTC/USD,46810.54,47571.03,45710.15,46341.7,856.83792525,39707326.08055792
2022-01-02 04:00:00,Gemini,BTC/USD,47329.05,47997.09,46673.22,46810.54,511.24073612,23931454.927774705
2022-01-01 04:00:00,Gemini,BTC/USD,46806.83,47961.28,46553.0,47329.05,565.40462685,26760063.854414996
2021-12-31 04:00:00,Gemini,BTC/USD,47207.99,48578.35,45641.11,46806.83,1591.71255472,74503018.95764475
2021-12-30 04:00:00,Gemini,BTC/USD,46502.44,47949.3,46496.19,47207.99,998.41225028,47133035.527095735
2021-12-29 04:00:00,Gemini,BTC/USD,48017.93,48075.97,45945.3,46502.44,1119.62814235,52065440.511942334
2021-12-28 04:00:00,Gemini,BTC/USD,49821.79,49834.68,47322.97,48017.93,1275.00755132,61223223.348755166
2021-12-27 04:00:00,Gemini,BTC/USD,51036.12,52104.93,49509.47,49821.79,896.04207949,44642420.31551409
2021-12-26 04:00:00,Gemini,BTC/USD,49705.21,51294.26,49460.66,51036.12,489.23569855,24968691.819481626
2021-12-25 04:00:00,Gemini,BTC/USD,50872.31,51156.95,49656.65,49705.21,400.67022775,19915397.811061576
2021-12-24 04:00:00,Gemini,BTC/USD,51067.84,51866.86,50461.08,50872.31,558.11781094,28392742.29466107
2021-12-23 04:00:00,Gemini,BTC/USD,48545.38,51533.71,48072.35,51067.84,1001.25508859,51131934.66329994
2021-12-22 04:00:00,Gemini,BTC/USD,49263.44,49548.86,48063.36,48545.38,726.80067593,35282814.997278705
2021-12-21 04:00:00,Gemini,BTC/USD,47954.56,49598.11,47948.07,49263.44,1235.89135068,60884259.40074314
2021-12-20 04:00:00,Gemini,BTC/USD,46709.08,48082.61,45579.18,47954.56,954.70290588,45782357.78219681
2021-12-19 04:00:00,Gemini,BTC/USD,47745.99,48306.22,46255.0,46709.08,670.5182395,31319290.090264663
2021-12-18 04:00:00,Gemini,BTC/USD,46312.19,47980.93,46100.0,47745.99,500.98151469,23919858.39057359
2021-12-17 04:00:00,Gemini,BTC/USD,47779.8,48194.13,45463.96,46312.19,1294.10114595,59932658.150454134
2021-12-16 04:00:00,Gemini,BTC/USD,48838.59,49466.29,47438.15,47779.8,881.66922313,42125979.14730678
2021-12-15 04:00:00,Gemini,BTC/USD,48280.5,49500.0,46539.0,48838.59,1684.17126787,82252550.0412831
2021-12-14 04:00:00,Gemini,BTC/USD,46968.47,48784.28,46350.0,48280.5,1026.11790947,49541485.72816634
2021-12-13 04:00:00,Gemini,BTC/USD,48899.75,49348.69,45618.84,46968.47,1749.03779802,82149629.34516844
2021-12-12 04:00:00,Gemini,BTC/USD,49333.66,50808.48,48490.81,48899.75,779.54587928,38119598.61032218
2021-12-11 04:00:00,Gemini,BTC/USD,48331.11,49699.99,47819.28,49333.66,623.86482484,30777535.154616117
2021-12-10 04:00:00,Gemini,BTC/USD,48405.03,49243.0,46759.2,48331.11,766.7233949629,37056592.74152537
2021-12-09 04:00:00,Gemini,BTC/USD,49567.4,50362.35,47335.2,48405.03,1686.8026756054,81649734.11675966
2021-12-08 04:00:00,Gemini,BTC/USD,50162.48,51269.82,48669.68,49567.4,1215.6029991811,60254280.10160925
2021-12-07 04:00:00,Gemini,BTC/USD,51012.43,51982.66,50086.0,50162.48,1220.7859912368,61237652.86969616
2021-12-06 04:00:00,Gemini,BTC/USD,49103.01,51481.04,47165.65,51012.43,2139.3328166815,109132565.55766785
2021-12-05 04:00:00,Gemini,BTC/USD,49249.56,49786.95,47844.03,49103.01,3697.0325470852,181535426.12985006
2021-12-04 04:00:00,Gemini,BTC/USD,52055.9,52644.42,42074.62,49249.56,5486.8862782092,270226734.9718407
2021-12-03 04:00:00,Gemini,BTC/USD,56380.25,57673.58,51619.3,52055.9,1784.7723694009,92907931.98429632
2021-12-02 04:00:00,Gemini,BTC/USD,56362.19,57277.92,56000.0,56380.25,1140.4946159729,64301371.572206095
2021-12-01 04:00:00,Gemini,BTC/USD,57404.47,59105.91,55860.02,56362.19,1420.4267381272,80058361.6954055
2021-11-30 04:00:00,Gemini,BTC/USD,57163.87,59226.98,55930.25,57404.47,1487.2823882055,85376657.23527098
2021-11-29 04:00:00,Gemini,BTC/USD,57400.61,58903.31,56734.49,57163.87,1057.0402641836,60424512.24655696
2021-11-28 04:00:00,Gemini,BTC/USD,54161.85,58265.2,53333.33,57400.61,790.7465465063,45389334.12485499
2021-11-27 04:00:00,Gemini,BTC/USD,54409.03,55320.8,53739.8,54161.85,556.5086102486,30141535.871993136
2021-11-26 04:00:00,Gemini,BTC/USD,57952.35,58043.76,53529.0,54409.03,2804.0981138158,152568258.39754727
2021-11-25 04:00:00,Gemini,BTC/USD,57756.25,59476.65,57051.76,57952.35,628.9894648367,36451417.61252913
2021-11-24 04:00:00,Gemini,BTC/USD,56423.5,58276.58,55899.0,57756.25,1105.15913853,63829847.49472331
2021-11-23 04:00:00,Gemini,BTC/USD,56975.38,57882.26,55384.0,56423.5,1584.7771817096,89418675.31219162
2021-11-22 04:00:00,Gemini,BTC/USD,57440.38,59581.52,55648.53,56975.38,1430.3080362046,81492343.87981084
2021-11-21 04:00:00,Gemini,BTC/USD,58741.06,60061.89,57049.07,57440.38,649.5856736314,37312447.935943596
2021-11-20 04:00:00,Gemini,BTC/USD,58596.83,59886.11,57442.0,58741.06,777.794999311,45688502.72222741
2021-11-19 04:00:00,Gemini,BTC/USD,55911.16,59042.0,55856.95,58596.83,1483.1162600109,86905911.35809451
2021-11-18 04:00:00,Gemini,BTC/USD,59885.21,60106.3,53760.0,55911.16,3999.4209322629,223612263.65110016
2021-11-17 04:00:00,Gemini,BTC/USD,59050.45,60976.25,58434.8,59885.21,1794.8354555496,107484098.17103346
2021-11-16 04:00:00,Gemini,BTC/USD,60944.13,61558.53,58573.0,59050.45,2725.2003646004,160924307.86981767
2021-11-15 04:00:00,Gemini,BTC/USD,65744.18,66340.74,60503.0,60944.13,1790.8008944025,109138802.51258223
2021-11-14 04:00:00,Gemini,BTC/USD,64673.28,66200.0,63602.2,65744.18,528.4997249063,34745781.044190265
2021-11-13 04:00:00,Gemini,BTC/USD,63805.12,65338.87,63409.49,64673.28,310.0065388236,20049139.687169556
2021-11-12 04:00:00,Gemini,BTC/USD,64857.63,65071.49,62875.0,63805.12,1466.2882693726,93556698.98191108
2021-11-11 04:00:00,Gemini,BTC/USD,64785.34,65587.0,64121.0,64857.63,1050.5121379393,68133727.55297607
2021-11-10 04:00:00,Gemini,BTC/USD,66491.25,69000.0,62927.97,64785.34,2966.5786230296,192190804.72970444
2021-11-09 04:00:00,Gemini,BTC/USD,68525.75,68529.52,66262.48,66491.25,1229.4551060217,81748006.81826536
2021-11-08 04:00:00,Gemini,BTC/USD,65235.2,68534.11,65138.0,68525.75,1421.0758496109,97380288.40147412
2021-11-07 04:00:00,Gemini,BTC/USD,62199.69,65680.0,61537.32,65235.2,892.8235257973,58243521.270092025
2021-11-06 04:00:00,Gemini,BTC/USD,61172.03,62338.16,60120.0,62199.69,758.3833790175,47171211.076041006
2021-11-05 04:00:00,Gemini,BTC/USD,62249.6,64000.0,60777.3,61172.03,1043.9147275266,63858383.029699
2021-11-04 04:00:00,Gemini,BTC/USD,62469.83,62858.83,60724.16,62249.6,1036.5284641579,64523482.28244361
2021-11-03 04:00:00,Gemini,BTC/USD,63257.57,63547.54,60110.0,62469.83,1448.4869147928,90486731.3243307
2021-11-02 04:00:00,Gemini,BTC/USD,61133.24,64319.0,61124.5,63257.57,1791.9037274313,113351475.47124638
2021-11-01 04:00:00,Gemini,BTC/USD,59947.01,62490.0,59490.18,61133.24,1488.5571237772,91000319.90158127
2021-10-31 04:00:00,Gemini,BTC/USD,61719.1,61768.0,59731.57,59947.01,975.6503578237,58487321.75696092
2021-10-30 04:00:00,Gemini,BTC/USD,61669.43,62487.97,60696.52,61719.1,1116.811788274,68928618.44166183
2021-10-29 04:00:00,Gemini,BTC/USD,61706.36,62978.0,60367.0,61669.43,1737.1291720137,107127765.87445684
2021-10-28 04:00:00,Gemini,BTC/USD,58884.7,62508.87,57500.0,61706.36,2789.7925000755,172147940.33495882
2021-10-27 04:00:00,Gemini,BTC/USD,60728.0,61500.0,58100.0,58884.7,1865.1156863356,109826777.6551659
2021-10-26 04:00:00,Gemini,BTC/USD,62765.47,63102.8,59850.0,60728.0,1278.7131993502,77653695.17013896
2021-10-25 04:00:00,Gemini,BTC/USD,62091.93,63703.3,61822.81,62765.47,1477.0888862163,92710178.17514259
2021-10-24 04:00:00,Gemini,BTC/USD,61226.0,62223.14,59505.0,62091.93,848.6999797139,52697419.7313969
2021-10-23 04:00:00,Gemini,BTC/USD,61234.9,61743.51,59648.91,61226.0,543.6843492819,33287617.96913361
2021-10-22 04:00:00,Gemini,BTC/USD,63243.4,63745.62,60000.0,61234.9,1652.9852910422,101220388.99844001
2021-10-21 04:00:00,Gemini,BTC/USD,65077.99,66643.14,61418.02,63243.4,2908.734738423,183958274.55598116
2021-10-20 04:00:00,Gemini,BTC/USD,63870.2,66994.72,63540.51,65077.99,2836.5883999329,184599471.52494925
2021-10-19 04:00:00,Gemini,BTC/USD,62600.0,64498.12,61312.0,63870.2,1914.1473080664,122256971.39566258
2021-10-18 04:00:00,Gemini,BTC/USD,62100.0,62973.38,59926.13,62600.0,2631.5346520424,164734069.21785423
2021-10-17 04:00:00,Gemini,BTC/USD,61144.42,62552.73,58937.03,62100.0,929.5099384676,57722567.17883796
2021-10-16 04:00:00,Gemini,BTC/USD,61624.84,62366.08,60174.14,61144.42,864.5657208709,52863369.55453307
2021-10-15 04:00:00,Gemini,BTC/USD,59407.55,62898.0,58768.79,61624.84,3069.4596008079,189154956.7862507
2021-10-14 04:00:00,Gemini,BTC/USD,58073.82,59450.0,56807.96,59407.55,1166.8943139127,69322332.29848443
2021-10-13 04:00:00,Gemini,BTC/USD,56289.06,58500.02,54250.0,58073.82,1574.6951933412,91448565.21296205
2021-10-12 04:00:00,Gemini,BTC/USD,56710.0,57688.88,53911.79,56289.06,1713.9171138338,96474783.25561759
2021-10-11 04:00:00,Gemini,BTC/USD,56520.58,58000.0,55838.77,56710.0,1027.9061465819,58292557.572659545
2021-10-10 04:00:00,Gemini,BTC/USD,55043.76,56759.01,54376.52,56520.58,1166.2446843487,65916825.98130545
2021-10-09 04:00:00,Gemini,BTC/USD,54588.0,55486.87,54115.27,55043.76,707.722344899,38955698.89925778
2021-10-08 04:00:00,Gemini,BTC/USD,53826.69,56150.58,53655.0,54588.0,1485.7780194788,81105650.52730873
2021-10-07 04:00:00,Gemini,BTC/USD,54838.9,55231.53,53366.0,53826.69,1338.8304080839,72064809.33850558
2021-10-06 04:00:00,Gemini,BTC/USD,51561.6,55800.0,50410.0,54838.9,3288.2310830173,180322975.53847742
2021-10-05 04:00:00,Gemini,BTC/USD,49320.94,51927.83,49108.3,51561.6,1691.5234689349,87217656.49583374
2021-10-04 04:00:00,Gemini,BTC/USD,47509.65,49789.33,46926.68,49320.94,1755.4130099405,86578619.7384948
2021-10-03 04:00:00,Gemini,BTC/USD,47899.79,49259.3,47372.35,47509.65,864.7954663089,41086129.92592263
2021-10-02 04:00:00,Gemini,BTC/USD,47555.51,48346.7,47144.0,47899.79,761.8644610392,36493147.692240864
2021-10-01 04:00:00,Gemini,BTC/USD,43628.16,48495.68,43472.59,47555.51,3254.0164030738,154746409.59654015
2021-09-30 04:00:00,Gemini,BTC/USD,43601.2,44097.7,42702.71,43628.16,1891.5236433159,82523696.15436903
2021-09-29 04:00:00,Gemini,BTC/USD,42210.47,43726.63,40908.41,43601.2,1511.5819645808,65906787.554080375
2021-09-28 04:00:00,Gemini,BTC/USD,42565.16,42771.12,40764.26,42210.47,2104.4993687268,88831907.46866155
2021-09-27 04:00:00,Gemini,BTC/USD,44024.27,44250.76,41980.4,42565.16,1531.0556597256,65169629.12512572
2021-09-26 04:00:00,Gemini,BTC/USD,42239.94,44350.0,40801.19,44024.27,1395.678882304,61443743.94784951
2021-09-25 04:00:00,Gemini,BTC/USD,42650.0,42985.06,41677.82,42239.94,1058.0650042695,44692602.296443425
2021-09-24 04:00:00,Gemini,BTC/USD,44301.0,45157.81,40696.0,42650.0,4398.2653608711,187586017.6411524
2021-09-23 04:00:00,Gemini,BTC/USD,44094.55,45062.97,43389.94,44301.0,1699.8209548136,75303768.1191973
2021-09-22 04:00:00,Gemini,BTC/USD,42089.88,44231.92,41836.59,44094.55,1238.6100757912,54615953.91747886
2021-09-21 04:00:00,Gemini,BTC/USD,42688.03,43655.53,39590.0,42089.88,2962.6110372894,124695943.04618636
2021-09-20 04:00:00,Gemini,BTC/USD,45553.62,45837.9,40137.98,42688.03,4373.3794769691,186690954.31424126
2021-09-19 04:00:00,Gemini,BTC/USD,47854.23,48333.32,45175.2,45553.62,860.7123305231,39208562.4339637
2021-09-18 04:00:00,Gemini,BTC/USD,47962.79,48808.97,47613.93,47854.23,671.3561498764,32127231.608099718
2021-09-17 04:00:00,Gemini,BTC/USD,47907.0,48165.96,46754.93,47962.79,1247.3828923127,59827963.71358665
2021-09-16 04:00:00,Gemini,BTC/USD,47629.1,48500.0,47041.24,47907.0,1069.5669931189,51239745.93934714
2021-09-15 04:00:00,Gemini,BTC/USD,47101.27,48455.16,46730.15,47629.1,1276.6242434558,60804463.753980644
2021-09-14 04:00:00,Gemini,BTC/USD,45206.43,47498.54,45067.51,47101.27,1516.0624209839,71408465.42761633
2021-09-13 04:00:00,Gemini,BTC/USD,44619.12,46897.0,43400.0,45206.43,2422.2469941717,109501139.18473336
2021-09-12 04:00:00,Gemini,BTC/USD,45311.46,46504.62,44535.26,44619.12,893.3830520852,39861965.60695579
2021-09-11 04:00:00,Gemini,BTC/USD,45181.52,46001.33,44758.59,45311.46,685.3154512878,31052643.658409096
2021-09-10 04:00:00,Gemini,BTC/USD,46743.4,46812.87,44156.88,45181.52,1783.4272597903,80577954.40676063
2021-09-09 04:00:00,Gemini,BTC/USD,46005.27,47396.38,45651.86,46743.4,1563.2196040854,73070199.24160549
2021-09-08 04:00:00,Gemini,BTC/USD,46490.38,46885.38,44419.5,46005.27,2277.3112084412,104768317.01836368
2021-09-07 04:00:00,Gemini,BTC/USD,52663.45,52744.48,42600.0,46490.38,4513.5654046378,209837370.81646508
2021-09-06 04:00:00,Gemini,BTC/USD,51638.18,52938.78,51003.37,52663.45,1408.7439341931,74189315.7411816
2021-09-05 04:00:00,Gemini,BTC/USD,49692.22,51962.68,49505.43,51638.18,1231.143350863,63574001.95766675
2021-09-04 04:00:00,Gemini,BTC/USD,50292.02,50545.41,49414.36,49692.22,1167.1513347035,57998340.89737996
2021-09-03 04:00:00,Gemini,BTC/USD,49485.0,51046.11,49241.34,50292.02,1114.3956104398,56045206.32815063
2021-09-02 04:00:00,Gemini,BTC/USD,49596.74,50412.0,48358.88,49485.0,885.4384888833,43815923.6223901
2021-09-01 04:00:00,Gemini,BTC/USD,47052.84,49935.09,46980.44,49596.74,1105.1421887339,54811449.79766616
2021-08-31 04:00:00,Gemini,BTC/USD,47151.91,48261.59,46524.71,47052.84,1019.185464618,47955570.59699641
2021-08-30 04:00:00,Gemini,BTC/USD,47989.58,48735.71,46717.24,47151.91,933.2802605276,44005946.849173956
2021-08-29 04:00:00,Gemini,BTC/USD,48267.19,49408.07,47800.0,47989.58,446.7688569665,21440249.802902408
2021-08-28 04:00:00,Gemini,BTC/USD,48900.01,49650.0,48107.99,48267.19,544.2624244537,26270017.850967385
2021-08-27 04:00:00,Gemini,BTC/USD,46845.94,49313.26,46603.36,48900.01,1383.2116553912,67639063.78074624
2021-08-26 04:00:00,Gemini,BTC/USD,47931.0,48053.14,46287.63,46845.94,2205.0026501809,103295421.85021545
2021-08-25 04:00:00,Gemini,BTC/USD,47995.78,49365.42,47112.12,47931.0,1666.4073193234,79872569.2224899
2021-08-24 04:00:00,Gemini,BTC/USD,49350.0,49867.71,47614.3,47995.78,1369.8694236449,65747951.48598742
2021-08-23 04:00:00,Gemini,BTC/USD,50289.05,50517.99,48800.0,49350.0,1051.6627857092,51899558.47474902
2021-08-22 04:00:00,Gemini,BTC/USD,48837.62,50540.19,48071.03,50289.05,974.8124548759,49022392.28387688
2021-08-21 04:00:00,Gemini,BTC/USD,48839.62,49812.54,48281.42,48837.62,1213.1096594226,59245388.565210365
2021-08-20 04:00:00,Gemini,BTC/USD,47042.28,49400.0,46714.57,48839.62,1328.3183759856,64874564.72215383
2021-08-19 04:00:00,Gemini,BTC/USD,44074.77,47424.13,43902.53,47042.28,1566.0048327023,73668437.82133475
2021-08-18 04:00:00,Gemini,BTC/USD,45078.79,46031.0,44055.0,44074.77,1324.7259608313,58386992.036668554
2021-08-17 04:00:00,Gemini,BTC/USD,46435.44,47162.94,44211.13,45078.79,2149.3798581689,96891443.25662562
2021-08-16 04:00:00,Gemini,BTC/USD,47400.89,47744.5,45250.51,46435.44,1687.0821149222,78340400.32254292
2021-08-15 04:00:00,Gemini,BTC/USD,46910.99,48044.25,45509.51,47400.89,1360.7627089861,64501363.48475214
2021-08-14 04:00:00,Gemini,BTC/USD,47571.64,48181.51,46045.86,46910.99,1112.0908365641,52169282.11315013
2021-08-13 04:00:00,Gemini,BTC/USD,45205.46,47900.0,44952.59,47571.64,1609.5734636922,76570049.36831841
2021-08-12 04:00:00,Gemini,BTC/USD,45948.06,46023.08,43800.0,45205.46,1840.7689617296,83212807.66870897
2021-08-11 04:00:00,Gemini,BTC/USD,45594.16,46775.0,45426.58,45948.06,1565.8393652329,71947281.1040832
2021-08-10 04:00:00,Gemini,BTC/USD,45727.39,46183.47,44642.21,45594.16,1768.9919253494,80655700.8830886
2021-08-09 04:00:00,Gemini,BTC/USD,43529.34,46729.86,43295.22,45727.39,3092.2979528857,141402714.48780602
2021-08-08 04:00:00,Gemini,BTC/USD,44391.34,45386.81,42813.74,43529.34,2023.4850942015,88080970.65042911
2021-08-07 04:00:00,Gemini,BTC/USD,43720.0,44837.59,42460.0,44391.34,3336.1576805184,148096509.88950366
2021-08-06 04:00:00,Gemini,BTC/USD,40250.79,43792.42,39897.39,43720.0,2238.3274244456,97859674.99676163
2021-08-05 04:00:00,Gemini,BTC/USD,39440.62,41431.18,37311.06,40250.79,3715.5039447907,149551969.02594206
2021-08-04 04:00:00,Gemini,BTC/USD,37962.25,39973.96,37472.15,39440.62,1911.3478188405,75384743.010717
2021-08-03 04:00:00,Gemini,BTC/USD,38650.0,38824.81,37558.09,37962.25,2750.5228323815,104416035.3935746
2021-08-02 04:00:00,Gemini,BTC/USD,39811.54,40446.58,38515.0,38650.0,1815.1008860551,70153649.24602962
2021-08-01 04:00:00,Gemini,BTC/USD,42461.13,42475.28,39213.05,39811.54,1237.9225453722,49283602.93198715
2021-07-31 04:00:00,Gemini,BTC/USD,41840.36,42600.0,41072.59,42461.13,687.3566632989,29185940.63670082
2021-07-30 04:00:00,Gemini,BTC/USD,39982.79,42400.0,38350.0,41840.36,2600.8405099346,108820103.23824725
2021-07-29 04:00:00,Gemini,BTC/USD,39638.77,40639.14,39409.4,39982.79,1561.7150525522,62441724.986033574
2021-07-28 04:00:00,Gemini,BTC/USD,39848.44,40928.46,38803.47,39638.77,3682.3555265467,145964043.7750135
2021-07-27 04:00:00,Gemini,BTC/USD,36851.52,40366.57,36713.13,39848.44,5729.1093056758,228296068.42066377
2021-07-26 04:00:00,Gemini,BTC/USD,38312.57,40572.45,36400.0,36851.52,5021.1143858636,185035697.21294016
2021-07-25 04:00:00,Gemini,BTC/USD,34192.14,39782.93,33894.22,38312.57,3558.0837317931,136319332.04018438
2021-07-24 04:00:00,Gemini,BTC/USD,33689.58,34525.5,33582.4,34192.14,785.4641099473,26856698.812293474
2021-07-23 04:00:00,Gemini,BTC/USD,32598.43,33800.0,32000.0,33689.58,1319.5838567323,44456225.90809137
2021-07-22 04:00:00,Gemini,BTC/USD,31947.52,32806.46,31732.34,32598.43,1223.0959884745,39871008.963566795
2021-07-21 04:00:00,Gemini,BTC/USD,29853.86,32950.0,29853.86,31947.52,3023.2784328333,96586248.19851051
2021-07-20 04:00:00,Gemini,BTC/USD,29605.35,30005.72,29284.35,29853.86,2075.2765646566,61955016.02253909
2021-07-19 04:00:00,Gemini,BTC/USD,31547.22,31890.59,29500.0,29605.35,2184.4386525023,64671070.86085897
2021-07-18 04:00:00,Gemini,BTC/USD,32169.82,32200.55,31123.0,31547.22,572.8916888162,18073140.143256202
2021-07-17 04:00:00,Gemini,BTC/USD,31313.83,32437.07,31206.23,32169.82,765.3054347909,24619738.08224499
2021-07-16 04:00:00,Gemini,BTC/USD,31924.93,32252.21,31027.01,31313.83,1355.0199331507,42430863.83329238
2021-07-15 04:00:00,Gemini,BTC/USD,32671.54,32691.72,31135.0,31924.93,1534.4082483806,48985875.92097327
2021-07-14 04:00:00,Gemini,BTC/USD,31853.69,33189.99,31601.59,32671.54,1083.1169095584,35387097.43531365
2021-07-13 04:00:00,Gemini,BTC/USD,33087.26,33334.71,31661.01,31853.69,1282.0729882163,40838755.52401567
2021-07-12 04:00:00,Gemini,BTC/USD,34452.39,34670.21,32669.89,33087.26,1322.2910164987,43750986.658556774
2021-07-11 04:00:00,Gemini,BTC/USD,33420.84,34602.0,33333.01,34452.39,816.8555137504,28142624.73337914
2021-07-10 04:00:00,Gemini,BTC/USD,33799.81,34195.26,33046.0,33420.84,803.5474739086,26855231.55790349
2021-07-09 04:00:00,Gemini,BTC/USD,32954.75,34262.53,32625.74,33799.81,1273.2566271878,43035832.08018847
2021-07-08 04:00:00,Gemini,BTC/USD,33337.0,33493.24,32101.0,32954.75,2063.0085282975,67985930.29791205
2021-07-07 04:00:00,Gemini,BTC/USD,34465.35,35098.28,33094.64,33337.0,1485.7625616203,49530866.51673594
2021-07-06 04:00:00,Gemini,BTC/USD,33942.22,35114.32,33530.4,34465.35,2039.5036985217,70292208.79584487
2021-07-05 04:00:00,Gemini,BTC/USD,34360.84,34559.72,33100.0,33942.22,1323.6562118765,44927830.34787878
2021-07-04 04:00:00,Gemini,BTC/USD,34670.0,35985.71,34211.29,34360.84,1073.5961371796,36889665.09424628
2021-07-03 04:00:00,Gemini,BTC/USD,33540.48,34942.56,33466.62,34670.0,647.9335338505,22463855.618596833
2021-07-02 04:00:00,Gemini,BTC/USD,32933.44,33926.45,32700.0,33540.48,1321.2264126924,44314568.07038119
2021-07-01 04:00:00,Gemini,BTC/USD,34132.04,34475.55,32722.69,32933.44,2240.4564819206,73785939.11994316
2021-06-30 04:00:00,Gemini,BTC/USD,35095.44,35333.25,34050.0,34132.04,2031.6260170551,69343540.47916536
2021-06-29 04:00:00,Gemini,BTC/USD,34591.62,36661.8,34556.07,35095.44,3012.6621746804,105730704.5917655
2021-06-28 04:00:00,Gemini,BTC/USD,34388.62,35286.03,33885.15,34591.62,2923.5353872464,101129825.17218032
2021-06-27 04:00:00,Gemini,BTC/USD,33149.18,34983.42,32374.05,34388.62,2229.3901141711,76665649.46798657
2021-06-26 04:00:00,Gemini,BTC/USD,31983.86,33209.59,30142.68,33149.18,3583.9091804426,118803650.52614422
2021-06-25 04:00:00,Gemini,BTC/USD,35100.0,35100.0,31303.71,31983.86,3682.1392917048,117769027.60638548
2021-06-24 04:00:00,Gemini,BTC/USD,32606.96,35274.9,32315.01,35100.0,2257.3448343886,79232803.68703985
2021-06-23 04:00:00,Gemini,BTC/USD,33992.88,34851.2,32355.04,32606.96,3413.975376288,111319358.53560776
2021-06-22 04:00:00,Gemini,BTC/USD,33029.77,34392.05,28801.0,33992.88,10036.6330701063,341174063.556155
2021-06-21 04:00:00,Gemini,BTC/USD,34629.88,34702.68,31176.42,33029.77,7153.9438392444,236293119.6031595
2021-06-20 04:00:00,Gemini,BTC/USD,35520.66,36128.13,33333.01,34629.88,2816.7398793964,97543364.0147118
2021-06-19 04:00:00,Gemini,BTC/USD,35129.23,36464.63,34970.25,35520.66,1611.0130847829,57224248.04012457
2021-06-18 04:00:00,Gemini,BTC/USD,37938.2,38129.09,34845.33,35129.23,2958.6754813717,103935991.48046717
2021-06-17 04:00:00,Gemini,BTC/USD,38875.0,39575.03,37221.62,37938.2,2524.2298964473,95764738.65739694
2021-06-16 04:00:00,Gemini,BTC/USD,40043.69,40490.02,38059.01,38875.0,2783.6040819031,108212608.68398301
2021-06-15 04:00:00,Gemini,BTC/USD,40429.38,41380.02,39503.9,40043.69,2687.6124788076,107621920.94150311
2021-06-14 04:00:00,Gemini,BTC/USD,38988.5,41060.77,38807.5,40429.38,2719.4545223383,109945860.27633362
2021-06-13 04:00:00,Gemini,BTC/USD,34877.3,39816.72,34792.66,38988.5,2406.8252751662,93838507.24081738
2021-06-12 04:00:00,Gemini,BTC/USD,35591.29,36222.8,34655.99,34877.3,1298.1589071591,45276277.65266008
2021-06-11 04:00:00,Gemini,BTC/USD,36784.37,37690.0,35307.69,35591.29,2027.8025516098,72172108.67708436
2021-06-10 04:00:00,Gemini,BTC/USD,36982.83,38437.02,35819.67,36784.37,2959.5193831951,108864056.01362035
2021-06-09 04:00:00,Gemini,BTC/USD,32898.06,37676.6,32575.84,36982.83,4190.3743431273,154971901.9682386
2021-06-08 04:00:00,Gemini,BTC/USD,32843.15,33841.46,31000.01,32898.06,5149.1913280017,169398405.2600796
2021-06-07 04:00:00,Gemini,BTC/USD,36397.5,36798.03,32400.01,32843.15,3518.6014826299,115561956.28423621
2021-06-06 04:00:00,Gemini,BTC/USD,36025.16,36812.09,35259.98,36397.5,1007.7200032558,36678488.81850298
2021-06-05 04:00:00,Gemini,BTC/USD,37419.82,37918.57,34820.0,36025.16,2454.4321415394,88421310.60809955
2021-06-04 04:00:00,Gemini,BTC/USD,37963.61,37963.61,35580.82,37419.82,2300.7577776339,86093941.90266056
2021-06-03 04:00:00,Gemini,BTC/USD,37655.54,39487.91,37400.0,37963.61,1786.2812277035,67813683.87885687
2021-06-02 04:00:00,Gemini,BTC/USD,36483.57,38256.4,36478.97,37655.54,1612.7537570803,60729113.60988752
2021-06-01 04:00:00,Gemini,BTC/USD,36702.88,37448.02,35687.0,36483.57,2347.2614305409,85636476.70943907
2021-05-31 04:00:00,Gemini,BTC/USD,34536.71,37912.87,34200.0,36702.88,1649.3953224519,60537558.59251339
2021-05-30 04:00:00,Gemini,BTC/USD,34805.29,36523.24,34298.01,34536.71,1562.3827923317,53959561.40775015
2021-05-29 04:00:00,Gemini,BTC/USD,36503.31,37320.0,33410.29,34805.29,2212.1622322786,76994948.02150404
2021-05-28 04:00:00,Gemini,BTC/USD,38271.59,38271.59,34558.0,36503.31,3541.3513659571,129271046.73045546
2021-05-27 04:00:00,Gemini,BTC/USD,37672.47,40432.4,37302.06,38271.59,2140.7526614298,81930008.14965011
2021-05-26 04:00:00,Gemini,BTC/USD,39572.33,40861.2,37117.09,37672.47,3101.0695188935,116824948.41842982
2021-05-25 04:00:00,Gemini,BTC/USD,38388.09,39760.96,36489.42,39572.33,2909.3467841335,115129631.02616963
2021-05-24 04:00:00,Gemini,BTC/USD,35318.86,39953.65,34426.41,38388.09,4706.0781062193,180657349.88857603
2021-05-23 04:00:00,Gemini,BTC/USD,37484.18,37484.18,31104.14,35318.86,7143.0990138423,252286114.0360343
2021-05-22 04:00:00,Gemini,BTC/USD,36963.52,38861.15,35272.09,37484.18,2418.8624872333,90669076.86670071
2021-05-21 04:00:00,Gemini,BTC/USD,40773.52,41796.74,33500.0,36963.52,7491.2257187175,276902071.6783287
2021-05-20 04:00:00,Gemini,BTC/USD,38411.14,42625.43,38200.0,40773.52,4981.3941197401,203108972.76910535
2021-05-19 04:00:00,Gemini,BTC/USD,40570.98,40867.4,28700.0,38411.14,18000.9764148498,691438025.2074938
2021-05-18 04:00:00,Gemini,BTC/USD,44824.75,45860.17,40118.0,40570.98,4778.0435064315,193849907.53856227
2021-05-17 04:00:00,Gemini,BTC/USD,42902.09,45833.48,42080.0,44824.75,5764.3678607788,258386348.2674445
2021-05-16 04:00:00,Gemini,BTC/USD,48383.6,49790.0,42793.0,42902.09,3937.0410341769,168907288.78195044
2021-05-15 04:00:00,Gemini,BTC/USD,49670.85,49900.0,46500.0,48383.6,1938.2641021496,93780195.01276538
2021-05-14 04:00:00,Gemini,BTC/USD,49221.07,51575.16,48894.79,49670.85,2001.3146222033,99406998.40226677
2021-05-13 04:00:00,Gemini,BTC/USD,50493.11,51389.95,46962.39,49221.07,4250.4686289297,209212613.91735277
2021-05-12 04:00:00,Gemini,BTC/USD,57820.0,57998.26,45000.0,50493.11,6438.2934352915,325089458.6404516
2021-05-11 04:00:00,Gemini,BTC/USD,55194.75,57898.0,54684.0,57820.0,1432.5564730427,82830415.27132891
2021-05-10 04:00:00,Gemini,BTC/USD,59407.78,59584.99,53434.31,55194.75,2583.4180538691,142591113.6287915
2021-05-09 04:00:00,Gemini,BTC/USD,58545.16,59481.34,56275.13,59407.78,1710.3759345308,101609637.23590016
2021-05-08 04:00:00,Gemini,BTC/USD,58187.76,59560.0,57583.09,58545.16,1692.0766796429,99062899.94196233
2021-05-07 04:00:00,Gemini,BTC/USD,55762.28,58750.0,55292.22,58187.76,1591.2005469334,92588395.53682941
2021-05-06 04:00:00,Gemini,BTC/USD,56900.44,58465.93,55200.0,55762.28,1494.8978546038,83358912.73981638
2021-05-05 04:00:00,Gemini,BTC/USD,54832.2,57974.07,53158.68,56900.44,2430.6614445477,138305705.68579972
2021-05-04 04:00:00,Gemini,BTC/USD,55511.37,56659.5,52947.09,54832.2,2880.083738733,157921327.5789556
2021-05-03 04:00:00,Gemini,BTC/USD,57970.74,58988.52,54654.65,55511.37,2363.1486009452,131181616.35205136
2021-05-02 04:00:00,Gemini,BTC/USD,56547.4,58293.35,56104.4,57970.74,653.6266802246,37891222.33636343
2021-05-01 04:00:00,Gemini,BTC/USD,58272.25,58485.63,56408.62,56547.4,538.9369480037,30475483.173544426
2021-04-30 04:00:00,Gemini,BTC/USD,53750.01,58553.71,53750.01,58272.25,1869.510940578,108940608.90709636
2021-04-29 04:00:00,Gemini,BTC/USD,54312.41,54755.36,52389.42,53750.01,1561.0100488783,83904305.73730911
2021-04-28 04:00:00,Gemini,BTC/USD,54883.25,56474.72,53861.12,54312.41,1628.4500291561,88445045.64803806
2021-04-27 04:00:00,Gemini,BTC/USD,53531.94,55800.0,53345.62,54883.25,1508.5792119519,82795730.03435913
2021-04-26 04:00:00,Gemini,BTC/USD,52435.9,54419.57,52096.87,53531.94,1804.8848363897,96618986.76852325
2021-04-25 04:00:00,Gemini,BTC/USD,49721.97,52567.77,47000.0,52435.9,2662.9342351408,139633353.2604195
2021-04-24 04:00:00,Gemini,BTC/USD,50195.42,51150.01,48755.01,49721.97,943.2579458372,46900643.285178885
2021-04-23 04:00:00,Gemini,BTC/USD,50329.66,51380.03,47231.0,50195.42,3250.5124635851,163160838.3248888
2021-04-22 04:00:00,Gemini,BTC/USD,53508.08,55499.99,48565.58,50329.66,4415.6952031884,222240438.24010313
2021-04-21 04:00:00,Gemini,BTC/USD,55255.57,56373.0,52600.0,53508.08,2243.1081036569,120024407.8591217
2021-04-20 04:00:00,Gemini,BTC/USD,54586.65,57145.34,53416.76,55255.57,2353.9130758985,130066808.7392249
2021-04-19 04:00:00,Gemini,BTC/USD,57175.61,57624.66,53606.41,54586.65,2832.893865464,154638185.92123047
2021-04-18 04:00:00,Gemini,BTC/USD,55992.97,57404.04,53176.36,57175.61,3720.3027968532,212710581.7947878
2021-04-17 04:00:00,Gemini,BTC/USD,62450.0,62545.78,50622.32,55992.97,2586.0860877813,144802640.7305557
2021-04-16 04:00:00,Gemini,BTC/USD,62998.68,62998.68,60055.14,62450.0,2319.6006236194,144859058.94503152
2021-04-15 04:00:00,Gemini,BTC/USD,63063.72,63855.12,62045.0,62998.68,1328.5508926425,83696952.54929921
2021-04-14 04:00:00,Gemini,BTC/USD,63773.18,64900.0,61303.97,63063.72,2922.0263562739,184273851.96467748
2021-04-13 04:00:00,Gemini,BTC/USD,60415.91,63880.0,60321.12,63773.18,2091.4312707735,133377222.88866714
2021-04-12 04:00:00,Gemini,BTC/USD,60325.66,61197.09,59400.01,60415.91,1343.2855885852,81155821.22426048
2021-04-11 04:00:00,Gemini,BTC/USD,60240.83,60416.42,59200.0,60325.66,644.468693227,38877999.26825631
2021-04-10 04:00:00,Gemini,BTC/USD,59160.0,61180.0,58316.33,60240.83,1344.7715737199,81010155.76129296
2021-04-09 04:00:00,Gemini,BTC/USD,58014.19,59170.0,57689.72,59160.0,930.3380669764,55038800.04232383
2021-04-08 04:00:00,Gemini,BTC/USD,56559.59,58400.0,56370.7,58014.19,762.915161705,44259905.14503459
2021-04-07 04:00:00,Gemini,BTC/USD,57934.16,58675.79,55450.0,56559.59,1994.9147813654,112831562.11896665
2021-04-06 04:00:00,Gemini,BTC/USD,58638.14,59028.19,57255.0,57934.16,1173.7192868101,67998440.95714222
2021-04-05 04:00:00,Gemini,BTC/USD,57479.64,59468.95,56810.28,58638.14,845.1824567714,49559927.2257053
2021-04-04 04:00:00,Gemini,BTC/USD,57557.71,58500.94,57042.53,57479.64,288.2999040605,16571374.697432078
2021-04-03 04:00:00,Gemini,BTC/USD,59251.04,59851.52,56500.0,57557.71,834.4516236368,48029124.56231608
2021-04-02 04:00:00,Gemini,BTC/USD,59800.0,59950.0,58485.68,59251.04,760.6411395158,45068778.58309624
2021-04-01 04:00:00,Gemini,BTC/USD,59143.58,60100.0,57946.28,59800.0,1221.000419928,73015825.1116944
2021-03-31 04:00:00,Gemini,BTC/USD,58621.67,59800.0,56880.0,59143.58,1679.5501714429,99334609.92874686
2021-03-30 04:00:00,Gemini,BTC/USD,57155.81,59385.0,57024.4,58621.67,933.9724073836,54751022.25474696
2021-03-29 04:00:00,Gemini,BTC/USD,55351.0,58430.77,54889.09,57155.81,2020.255879377,115469361.19305472
2021-03-28 04:00:00,Gemini,BTC/USD,56094.03,56576.23,54711.01,55351.0,453.4449768443,25098632.91330885
2021-03-27 04:00:00,Gemini,BTC/USD,54804.02,56624.33,53990.0,56094.03,730.3734161311,40969588.31566041
2021-03-26 04:00:00,Gemini,BTC/USD,52450.8,55627.21,52205.36,54804.02,1655.3120371576,90717753.99062584
2021-03-25 04:00:00,Gemini,BTC/USD,52152.85,53234.52,50387.01,52450.8,1736.9858811255,91106299.05373739
2021-03-24 04:00:00,Gemini,BTC/USD,54375.12,57245.0,51533.89,52152.85,2556.0175446804,133303599.6050852
2021-03-23 04:00:00,Gemini,BTC/USD,54710.81,55903.62,53000.0,54375.12,1916.1437117473,104190544.26350485
2021-03-22 04:00:00,Gemini,BTC/USD,57551.47,58445.36,53733.67,54710.81,1771.2047882501,96904048.64104144
2021-03-21 04:00:00,Gemini,BTC/USD,57833.32,58164.58,55500.0,57551.47,781.348959189,44967781.18429696
2021-03-20 04:00:00,Gemini,BTC/USD,58428.9,59880.0,57469.36,57833.32,774.2225338051,44775859.54876117
2021-03-19 04:00:00,Gemini,BTC/USD,57793.71,59448.39,57507.61,58428.9,1014.1684193735,59256745.158732295
2021-03-18 04:00:00,Gemini,BTC/USD,58687.36,60099.99,56239.55,57793.71,1594.3797143462,92145118.84080712
2021-03-17 04:00:00,Gemini,BTC/USD,55548.73,59567.59,54144.95,58687.36,1950.943234933,114495707.96807754
2021-03-16 04:00:00,Gemini,BTC/USD,54255.04,57185.78,53589.0,55548.73,1350.9693820484,75044633.44167341
2021-03-15 04:00:00,Gemini,BTC/USD,60362.18,60561.59,53238.69,54255.04,3453.0906241436,187347569.93653598
2021-03-14 04:00:00,Gemini,BTC/USD,61354.75,61500.82,58750.0,60362.18,1286.1463606257,77634598.12643342
2021-03-13 04:00:00,Gemini,BTC/USD,56705.84,61785.0,56284.51,61354.75,2135.3074470917,131011254.58944948
2021-03-12 04:00:00,Gemini,BTC/USD,57111.63,57959.22,55050.0,56705.84,1595.5801578923,90478713.1406155
2021-03-11 04:00:00,Gemini,BTC/USD,55971.68,58120.0,54281.74,57111.63,1776.0904192727,101435418.8720473
2021-03-10 04:00:00,Gemini,BTC/USD,53466.19,57400.0,53049.0,55971.68,2062.2855858739,115429588.88114645
2021-03-09 04:00:00,Gemini,BTC/USD,53931.34,55847.68,53140.76,53466.19,1933.1530114248,103358326.20791054
2021-03-08 04:00:00,Gemini,BTC/USD,50591.21,54126.0,49300.01,53931.34,1880.7228822407,101429905.20790315
2021-03-07 04:00:00,Gemini,BTC/USD,49610.32,51832.15,49135.73,50591.21,1157.0422112639,58536165.48891633
2021-03-06 04:00:00,Gemini,BTC/USD,48648.76,49915.73,47096.87,49610.32,1027.2873780594,50964055.557487816
2021-03-05 04:00:00,Gemini,BTC/USD,47339.92,49455.61,46443.16,48648.76,1774.9251999728,86347910.07142876
2021-03-04 04:00:00,Gemini,BTC/USD,49597.23,50754.39,46297.47,47339.92,2507.351760586,118697831.7580004
2021-03-03 04:00:00,Gemini,BTC/USD,48749.78,52737.2,48697.28,49597.23,2756.2683964682,136703277.60136452
2021-03-02 04:00:00,Gemini,BTC/USD,49023.76,49757.22,47076.52,48749.78,1887.7073157422,92025316.34682278
2021-03-01 04:00:00,Gemini,BTC/USD,46408.05,50290.97,45700.01,49023.76,3079.2239192507,150955134.4036057
2021-02-28 04:00:00,Gemini,BTC/USD,44673.36,46920.0,43033.66,46408.05,2188.5448742365,101566099.95081122
2021-02-27 04:00:00,Gemini,BTC/USD,47440.0,48380.14,44510.0,44673.36,1191.0554625027,53208449.45634962
2021-02-26 04:00:00,Gemini,BTC/USD,47360.43,48472.08,44121.24,47440.0,3297.5672843009,156436591.9672347
2021-02-25 04:00:00,Gemini,BTC/USD,50266.89,52074.0,46000.0,47360.43,3900.7149105193,184739535.46960557
2021-02-24 04:00:00,Gemini,BTC/USD,50965.74,51442.01,48113.83,50266.89,2798.460718566,140669917.1094781
2021-02-23 04:00:00,Gemini,BTC/USD,51847.25,52294.87,44248.0,50965.74,6641.8988140334,338509288.0623346
2021-02-22 04:00:00,Gemini,BTC/USD,55914.43,56651.47,47000.0,51847.25,5371.3115236023,278487731.39208937
2021-02-21 04:00:00,Gemini,BTC/USD,56541.2,58481.6,55800.0,55914.43,1454.9033871025,81350093.59490563
2021-02-20 04:00:00,Gemini,BTC/USD,55761.1,57500.0,54000.0,56541.2,1349.1918761199,76284927.70607048
2021-02-19 04:00:00,Gemini,BTC/USD,51241.23,56605.6,50906.0,55761.1,3143.9309706583,175309049.24797451
2021-02-18 04:00:00,Gemini,BTC/USD,52068.01,52344.0,50500.0,51241.23,2002.6016276812,102615770.60238674
2021-02-17 04:00:00,Gemini,BTC/USD,49649.93,52668.45,49164.23,52068.01,2858.2001271473,148820792.8023069
2021-02-16 04:00:00,Gemini,BTC/USD,49587.2,50602.34,47818.86,49649.93,2776.2707089079,137841646.3583276
2021-02-15 04:00:00,Gemini,BTC/USD,47185.29,49600.0,46334.68,49587.2,1736.0346620938,86085097.99617767
2021-02-14 04:00:00,Gemini,BTC/USD,47381.8,49700.0,45830.01,47185.29,2174.8999015458,102623282.57541001
2021-02-13 04:00:00,Gemini,BTC/USD,47938.87,48027.3,46290.25,47381.8,1252.4367157862,59342705.980038576
2021-02-12 04:00:00,Gemini,BTC/USD,47624.29,48246.6,46289.93,47938.87,2413.8731500836,115718351.1383482
2021-02-11 04:00:00,Gemini,BTC/USD,45513.94,48975.0,44457.55,47624.29,2589.0019048139,123299377.52540958
2021-02-10 04:00:00,Gemini,BTC/USD,46309.88,47367.17,43762.99,45513.94,2479.6867434728,112860313.66121642
2021-02-09 04:00:00,Gemini,BTC/USD,46653.5,48201.23,45037.8,46309.88,2992.1572940233,138566445.22734374
2021-02-08 04:00:00,Gemini,BTC/USD,38107.34,47519.31,38060.68,46653.5,5944.3686841596,277325604.4064399
2021-02-07 04:00:00,Gemini,BTC/USD,38897.95,39748.96,37400.0,38107.34,1239.870461406,47248165.22875532
2021-02-06 04:00:00,Gemini,BTC/USD,39415.76,41000.0,38368.69,38897.95,2002.1052699161,77877790.68393296
2021-02-05 04:00:00,Gemini,BTC/USD,37380.18,39700.0,37057.78,39415.76,2032.7773364587,80123463.62729537
2021-02-04 04:00:00,Gemini,BTC/USD,37551.56,38785.99,36211.08,37380.18,2637.0913205067,98574948.23697814
2021-02-03 04:00:00,Gemini,BTC/USD,36467.28,38375.0,35583.18,37551.56,2559.7074188733,96121006.72226585
2021-02-02 04:00:00,Gemini,BTC/USD,33589.89,36545.05,33535.61,36467.28,2328.3504726536,84908608.62439117
2021-02-01 04:00:00,Gemini,BTC/USD,33608.78,34700.0,33106.09,33589.89,2134.5911092968,71700680.55625749
2021-01-31 04:00:00,Gemini,BTC/USD,33949.79,34205.0,32200.0,33608.78,1153.4575164351,38766299.909213655
2021-01-30 04:00:00,Gemini,BTC/USD,33289.13,34805.65,33153.17,33949.79,1379.029866164,46817774.3599959
2021-01-29 04:00:00,Gemini,BTC/USD,33864.01,38665.71,31968.27,33289.13,7733.4316040119,257439210.01206064
2021-01-28 04:00:00,Gemini,BTC/USD,31514.54,34671.77,30866.39,33864.01,4614.5474161102,156267079.84463
2021-01-27 04:00:00,Gemini,BTC/USD,31852.6,32059.73,29191.9,31514.54,5779.1357793619,182126805.68413177
2021-01-26 04:00:00,Gemini,BTC/USD,31557.64,32951.0,30833.97,31852.6,2542.8568678082,80996602.66754748
2021-01-25 04:00:00,Gemini,BTC/USD,33585.44,34885.56,31481.38,31557.64,2502.7824662631,78981908.06864306
2021-01-24 04:00:00,Gemini,BTC/USD,32500.0,33672.18,30958.0,33585.44,1668.4762788306,56036509.95408839
2021-01-23 04:00:00,Gemini,BTC/USD,32393.63,33479.49,31444.0,32500.0,941.9984628795,30614950.04358375
2021-01-22 04:00:00,Gemini,BTC/USD,30943.32,33880.0,30473.87,32393.63,2869.2280169282,92944710.76600584
2021-01-21 04:00:00,Gemini,BTC/USD,34603.74,35000.0,28800.0,30943.32,7290.5217967213,225592948.92292213
2021-01-20 04:00:00,Gemini,BTC/USD,35075.53,35964.95,33400.0,34603.74,2900.0097703311,100351184.08999708
2021-01-19 04:00:00,Gemini,BTC/USD,36509.42,37934.2,35005.0,35075.53,2726.2907895569,95626094.37782674
2021-01-18 04:00:00,Gemini,BTC/USD,35089.93,37469.21,34778.0,36509.42,2083.8380520798,76079718.65536329
2021-01-17 04:00:00,Gemini,BTC/USD,36215.22,36840.11,33868.96,35089.93,1759.9371747346,61756072.26583488
2021-01-16 04:00:00,Gemini,BTC/USD,36549.31,37949.71,35400.01,36215.22,1855.5284316078,67198370.36693144
2021-01-15 04:00:00,Gemini,BTC/USD,38706.52,38849.96,34353.63,36549.31,4503.9937160391,164617862.56556502
2021-01-14 04:00:00,Gemini,BTC/USD,37040.7,40112.79,36751.4,38706.52,2686.5102931732,103985464.39291431
2021-01-13 04:00:00,Gemini,BTC/USD,33804.23,38188.33,32800.0,37040.7,4049.909358897,150011477.5900961
2021-01-12 04:00:00,Gemini,BTC/USD,35000.0,36651.34,32178.29,33804.23,5245.7676481452,177329136.10445943
2021-01-11 04:00:00,Gemini,BTC/USD,35435.13,36323.25,30250.0,35000.0,12556.0145246753,439460508.3636355
2021-01-10 04:00:00,Gemini,BTC/USD,40490.5,41196.62,33100.0,35435.13,5913.671786521,209551728.53270388
2021-01-09 04:00:00,Gemini,BTC/USD,40279.03,41470.21,38768.82,40490.5,2678.9480167972,108471944.67412703
2021-01-08 04:00:00,Gemini,BTC/USD,38474.78,41999.99,37574.79,40279.03,5661.8498697045,228053820.75732362
2021-01-07 04:00:00,Gemini,BTC/USD,37613.11,40396.0,36129.05,38474.78,5743.5155246883,220980496.23896688
2021-01-06 04:00:00,Gemini,BTC/USD,34228.19,37824.48,33685.82,37613.11,4924.9962194883,185244424.5531976
2021-01-05 04:00:00,Gemini,BTC/USD,31203.46,34536.29,29914.5,34228.19,3056.5630668166,104620621.39798129
2021-01-04 04:00:00,Gemini,BTC/USD,33617.3,33669.0,27632.34,31203.46,4603.921518973,143658280.96041325
2021-01-03 04:00:00,Gemini,BTC/USD,32637.23,34776.0,32301.61,33617.3,2175.1388612188,73122295.63925077
2021-01-02 04:00:00,Gemini,BTC/USD,29441.14,33309.76,29313.31,32637.23,3684.9366820222,120266126.0265954
