Datetime,Exchange,Symbol_Pair,Open,High,Low,Close,Volume_in_MATIC,Volume_USD
2022-12-26 04:00:00,Gemini,MATIC/USD,0.80305,0.81786,0.79764,0.81298,112340.046276,91330.21082146247
2022-12-25 04:00:00,Gemini,MATIC/USD,0.79548,0.80372,0.78768,0.80305,29728.239537,23873.262760187852
2022-12-24 04:00:00,Gemini,MATIC/USD,0.79843,0.80142,0.794,0.79548,40053.876376,31862.05757958048
2022-12-23 04:00:00,Gemini,MATIC/USD,0.80159,0.80546,0.79248,0.79843,90949.764278,72617.02029248355
2022-12-22 04:00:00,Gemini,MATIC/USD,0.79143,0.80606,0.77076,0.80159,104592.519705,83840.31787033095
2022-12-21 04:00:00,Gemini,MATIC/USD,0.7935,0.80049,0.78646,0.79143,98943.772176,78307.06961325168
2022-12-20 04:00:00,Gemini,MATIC/USD,0.79395,0.80684,0.75734,0.7935,102545.284651,81369.6833705685
2022-12-19 04:00:00,Gemini,MATIC/USD,0.8025,0.80661,0.75762,0.79395,263656.96551,209330.44776666453
2022-12-18 04:00:00,Gemini,MATIC/USD,0.81662,0.8248,0.79776,0.8025,73985.020651,59372.9790724275
2022-12-17 04:00:00,Gemini,MATIC/USD,0.80339,0.81802,0.79776,0.81662,113492.915382,92680.58455924885
2022-12-16 04:00:00,Gemini,MATIC/USD,0.89181,0.89373,0.783,0.80339,283460.645478,227729.4479705704
2022-12-15 04:00:00,Gemini,MATIC/USD,0.89752,0.89752,0.8718,0.89181,121223.254247,108108.11037001708
2022-12-14 04:00:00,Gemini,MATIC/USD,0.9287,0.93874,0.88373,0.89752,234392.054944,210371.5571533389
2022-12-13 04:00:00,Gemini,MATIC/USD,0.9,0.95,0.88099,0.9287,470728.288248,437165.3612959176
2022-12-12 04:00:00,Gemini,MATIC/USD,0.88176,0.91304,0.87942,0.9,197909.446287,178118.5016583
2022-12-11 04:00:00,Gemini,MATIC/USD,0.91211,0.91493,0.87063,0.88176,70427.652819,62100.28714968143
2022-12-10 04:00:00,Gemini,MATIC/USD,0.90526,0.91642,0.90138,0.91211,80987.771821,73869.7565556523
2022-12-09 04:00:00,Gemini,MATIC/USD,0.92312,0.93342,0.90214,0.90526,344080.815989,311482.59948220215
2022-12-08 04:00:00,Gemini,MATIC/USD,0.89206,0.93116,0.88638,0.92312,152660.395459,140923.86425611208
2022-12-07 04:00:00,Gemini,MATIC/USD,0.90975,0.90975,0.88294,0.89206,110628.258519,98687.04429445913
2022-12-06 04:00:00,Gemini,MATIC/USD,0.9138,0.91893,0.89755,0.90975,184032.007697,167423.11900234575
2022-12-05 04:00:00,Gemini,MATIC/USD,0.93034,0.94456,0.89621,0.9138,538113.02604,491727.683195352
2022-12-04 04:00:00,Gemini,MATIC/USD,0.914,0.93385,0.9075,0.93034,294422.434133,273912.9673712952
2022-12-03 04:00:00,Gemini,MATIC/USD,0.93096,0.93096,0.9009,0.914,145814.393659,133274.355804326
2022-12-02 04:00:00,Gemini,MATIC/USD,0.90666,0.94942,0.90042,0.93096,519281.877498,483430.65667553805
2022-12-01 04:00:00,Gemini,MATIC/USD,0.92613,0.92613,0.90516,0.90666,51038.837719,46274.87260630854
2022-11-30 04:00:00,Gemini,MATIC/USD,0.85749,0.94941,0.85749,0.92613,855492.382073,792297.1598092675
2022-11-29 04:00:00,Gemini,MATIC/USD,0.83189,0.87305,0.82397,0.85749,394163.183437,337990.9881653931
2022-11-28 04:00:00,Gemini,MATIC/USD,0.82019,0.83512,0.80447,0.83189,381846.254637,317654.0807699739
2022-11-27 04:00:00,Gemini,MATIC/USD,0.85317,0.86473,0.80585,0.82019,246784.782256,202410.41055854864
2022-11-26 04:00:00,Gemini,MATIC/USD,0.85899,0.87101,0.84274,0.85317,281055.895392,239788.45827159262
2022-11-25 04:00:00,Gemini,MATIC/USD,0.82884,0.86956,0.82,0.85899,170962.073971,146854.7119203493
2022-11-24 04:00:00,Gemini,MATIC/USD,0.87978,0.8841,0.8263,0.82884,280998.794001,232903.04041978886
2022-11-23 04:00:00,Gemini,MATIC/USD,0.8657,0.89141,0.83656,0.87978,525169.832525,462033.9152588445
2022-11-22 04:00:00,Gemini,MATIC/USD,0.80239,0.871,0.77813,0.8657,679547.047106,588283.8786796642
2022-11-21 04:00:00,Gemini,MATIC/USD,0.79614,0.81895,0.76347,0.80239,533493.31699,428069.7026196061
2022-11-20 04:00:00,Gemini,MATIC/USD,0.86948,0.87658,0.77,0.79614,751903.79892,598620.6904721687
2022-11-19 04:00:00,Gemini,MATIC/USD,0.86832,0.88248,0.84926,0.86948,178923.298721,155570.2297719351
2022-11-18 04:00:00,Gemini,MATIC/USD,0.89056,0.89397,0.85525,0.86832,373994.327389,324746.7543584165
2022-11-17 04:00:00,Gemini,MATIC/USD,0.88647,0.89688,0.86105,0.89056,1329539.928297,1184035.0785441764
2022-11-16 04:00:00,Gemini,MATIC/USD,0.95343,0.95343,0.83333,0.88647,792925.431169,702904.6069683834
2022-11-15 04:00:00,Gemini,MATIC/USD,0.93058,0.97069,0.91788,0.95343,1048386.053799,999562.7152735805
2022-11-14 04:00:00,Gemini,MATIC/USD,0.86896,0.96285,0.84651,0.93058,1151767.394154,1071811.7016518293
2022-11-13 04:00:00,Gemini,MATIC/USD,0.96001,0.96667,0.83,0.86896,875099.378131,760426.3556207137
2022-11-12 04:00:00,Gemini,MATIC/USD,0.99732,1.00445,0.92439,0.96001,1924857.922777,1847882.854445148
2022-11-11 04:00:00,Gemini,MATIC/USD,1.03138,1.10093,0.96612,0.99732,2219017.798302,2213070.8306025504
2022-11-10 04:00:00,Gemini,MATIC/USD,0.87341,1.15626,0.86878,1.03138,4082913.103856,4211034.9170550015
2022-11-09 04:00:00,Gemini,MATIC/USD,0.98539,0.98539,0.76,0.87341,2966310.464348,2590805.2226661867
2022-11-08 04:00:00,Gemini,MATIC/USD,1.12569,1.23884,0.89949,0.98539,7437896.407224,7329228.740714458
2022-11-07 04:00:00,Gemini,MATIC/USD,1.21524,1.29019,1.12064,1.12569,3140882.366877,3535659.8715697704
2022-11-06 04:00:00,Gemini,MATIC/USD,1.16176,1.24199,1.13,1.21524,1552971.513327,1887233.1018555036
2022-11-05 04:00:00,Gemini,MATIC/USD,1.20791,1.23773,1.13305,1.16176,1122187.176918,1303712.1746562556
2022-11-04 04:00:00,Gemini,MATIC/USD,1.13443,1.30053,1.0976,1.20791,9027847.607914,10904827.4040754
2022-11-03 04:00:00,Gemini,MATIC/USD,0.95717,1.25425,0.92307,1.13443,6585073.832138,7470305.307392311
2022-11-02 04:00:00,Gemini,MATIC/USD,0.87561,0.96104,0.8375,0.95717,1178092.639823,1127634.932059381
2022-11-01 04:00:00,Gemini,MATIC/USD,0.90369,0.9093,0.86129,0.87561,830175.704814,726910.1488921866
2022-10-31 04:00:00,Gemini,MATIC/USD,0.908,0.92939,0.89234,0.90369,432142.07833,390522.47476603766
2022-10-30 04:00:00,Gemini,MATIC/USD,0.93327,0.94845,0.89637,0.908,456291.525528,414312.705179424
2022-10-29 04:00:00,Gemini,MATIC/USD,0.948,0.9587,0.92261,0.93327,510775.686299,476691.62475226773
2022-10-28 04:00:00,Gemini,MATIC/USD,0.90187,0.95039,0.89748,0.948,800844.179576,759200.2822380479
2022-10-27 04:00:00,Gemini,MATIC/USD,0.93572,0.94587,0.89439,0.90187,559897.092775,504954.39106098923
2022-10-26 04:00:00,Gemini,MATIC/USD,0.93245,0.94126,0.92133,0.93572,85708.40219,80199.0660972268
2022-10-25 04:00:00,Gemini,MATIC/USD,0.89321,0.94801,0.8749,0.93245,1600538.27907,1492421.9183188214
2022-10-24 04:00:00,Gemini,MATIC/USD,0.88896,0.9055,0.87215,0.89321,2452863.00645,2190921.7659912044
2022-10-23 04:00:00,Gemini,MATIC/USD,0.83152,0.90823,0.82045,0.88896,1419757.011437,1262107.1928870354
2022-10-22 04:00:00,Gemini,MATIC/USD,0.8226,0.84041,0.81335,0.83152,297519.145142,247393.11956847584
2022-10-21 04:00:00,Gemini,MATIC/USD,0.81174,0.83798,0.77468,0.8226,625806.681217,514788.5759691042
2022-10-20 04:00:00,Gemini,MATIC/USD,0.83052,0.84763,0.8,0.81174,670265.727787,544081.5018738194
2022-10-19 04:00:00,Gemini,MATIC/USD,0.85961,0.87884,0.82632,0.83052,335660.028005,278772.3664587126
2022-10-18 04:00:00,Gemini,MATIC/USD,0.86309,0.87825,0.83599,0.85961,774784.037186,666012.1062054575
2022-10-17 04:00:00,Gemini,MATIC/USD,0.80053,0.8713,0.8,0.86309,1327137.420566,1145439.0363163091
2022-10-16 04:00:00,Gemini,MATIC/USD,0.79397,0.80961,0.7908,0.80053,281238.442509,225139.81038172977
2022-10-15 04:00:00,Gemini,MATIC/USD,0.8037,0.80395,0.78651,0.79397,210599.076579,167209.34883142862
2022-10-14 04:00:00,Gemini,MATIC/USD,0.80063,0.82252,0.7784,0.8037,433253.559193,348205.8855234141
2022-10-13 04:00:00,Gemini,MATIC/USD,0.76932,0.80544,0.71625,0.80063,1235262.730341,988988.3997929147
2022-10-12 04:00:00,Gemini,MATIC/USD,0.79034,0.79034,0.76578,0.76932,137778.732771,105995.93469538573
2022-10-11 04:00:00,Gemini,MATIC/USD,0.80469,0.80922,0.7843,0.79034,472241.595278,373231.4224120145
2022-10-10 04:00:00,Gemini,MATIC/USD,0.82989,0.84256,0.79345,0.80469,567224.089892,456439.55289519345
2022-10-09 04:00:00,Gemini,MATIC/USD,0.80967,0.83993,0.80905,0.82989,123379.070551,102391.05685956939
2022-10-08 04:00:00,Gemini,MATIC/USD,0.82744,0.82835,0.80857,0.80967,165836.680568,134272.98515549256
2022-10-07 04:00:00,Gemini,MATIC/USD,0.84179,0.84802,0.81894,0.82744,456378.171221,377625.5539951042
2022-10-06 04:00:00,Gemini,MATIC/USD,0.84801,0.84801,0.83104,0.84179,155989.981725,131310.80671628774
2022-10-05 04:00:00,Gemini,MATIC/USD,0.83965,0.86089,0.82087,0.84801,859071.788779,728501.4676024799
2022-10-04 04:00:00,Gemini,MATIC/USD,0.81634,0.84752,0.80761,0.83965,950650.121813,798213.3747802854
2022-10-03 04:00:00,Gemini,MATIC/USD,0.77457,0.81634,0.76553,0.81634,660755.760365,539401.357416364
2022-10-02 04:00:00,Gemini,MATIC/USD,0.77127,0.784,0.755,0.77457,336688.029584,260788.44707487887
2022-10-01 04:00:00,Gemini,MATIC/USD,0.77926,0.77954,0.76,0.77127,399351.190975,308007.59306328825
2022-09-30 04:00:00,Gemini,MATIC/USD,0.77617,0.78935,0.76152,0.77926,1083288.377536,844163.3010787033
2022-09-29 04:00:00,Gemini,MATIC/USD,0.7493,0.7805,0.7313,0.77617,685115.608001,531766.1814621362
2022-09-28 04:00:00,Gemini,MATIC/USD,0.72732,0.7547,0.72732,0.7493,199463.383008,149457.9128878944
2022-09-27 04:00:00,Gemini,MATIC/USD,0.77927,0.79315,0.7119,0.72732,1332092.947424,968857.8425204236
2022-09-26 04:00:00,Gemini,MATIC/USD,0.73861,0.77959,0.72619,0.77927,657840.841618,512635.6326476588
2022-09-25 04:00:00,Gemini,MATIC/USD,0.76541,0.76696,0.73095,0.73861,319860.020519,236251.8097555386
2022-09-24 04:00:00,Gemini,MATIC/USD,0.77371,0.78211,0.75,0.76541,480130.468437,367496.6618463642
2022-09-23 04:00:00,Gemini,MATIC/USD,0.76662,0.78476,0.72291,0.77371,770786.836044,596365.4829156032
2022-09-22 04:00:00,Gemini,MATIC/USD,0.71815,0.77332,0.71809,0.76662,529921.306004,406248.2716087865
2022-09-21 04:00:00,Gemini,MATIC/USD,0.74013,0.77739,0.69033,0.71815,952210.943773,683830.2892705799
2022-09-20 04:00:00,Gemini,MATIC/USD,0.75583,0.765,0.729,0.74013,308122.095969,228050.40688953598
2022-09-19 04:00:00,Gemini,MATIC/USD,0.73721,0.77535,0.72494,0.75583,577214.754008,436276.2275218667
2022-09-18 04:00:00,Gemini,MATIC/USD,0.81901,0.83626,0.733,0.73721,482696.038152,355848.34628603596
2022-09-17 04:00:00,Gemini,MATIC/USD,0.81342,0.83067,0.80866,0.81901,196478.491315,160917.84917189815
2022-09-16 04:00:00,Gemini,MATIC/USD,0.82412,0.82602,0.7875,0.81342,594523.945128,483597.6674460178
2022-09-15 04:00:00,Gemini,MATIC/USD,0.8423,0.87581,0.81394,0.82412,581728.655747,479414.21977421764
2022-09-14 04:00:00,Gemini,MATIC/USD,0.86255,0.8672,0.83,0.8423,256902.17351,216388.70074747302
2022-09-13 04:00:00,Gemini,MATIC/USD,0.93946,0.94342,0.83906,0.86255,2002119.228708,1726927.9407220853
2022-09-12 04:00:00,Gemini,MATIC/USD,0.87941,0.94153,0.87848,0.93946,1477955.774605,1388480.3320104133
2022-09-11 04:00:00,Gemini,MATIC/USD,0.89759,0.91153,0.87171,0.87941,567013.768444,498637.5781073381
2022-09-10 04:00:00,Gemini,MATIC/USD,0.88977,0.91756,0.8788,0.89759,489362.689534,439247.05649882305
2022-09-09 04:00:00,Gemini,MATIC/USD,0.86064,0.90032,0.85959,0.88977,719444.314318,640139.9675507268
2022-09-08 04:00:00,Gemini,MATIC/USD,0.84042,0.86219,0.81624,0.86064,636568.731065,547856.5127037816
2022-09-07 04:00:00,Gemini,MATIC/USD,0.8027,0.8507,0.8027,0.84042,471139.963805,395955.4483809981
2022-09-06 04:00:00,Gemini,MATIC/USD,0.88513,0.9035,0.7921,0.8027,1487260.005975,1193823.6067961326
2022-09-05 04:00:00,Gemini,MATIC/USD,0.8939,0.92342,0.86263,0.88513,776901.76687,687659.0609096431
2022-09-04 04:00:00,Gemini,MATIC/USD,0.88446,0.90262,0.87267,0.8939,677412.931694,605539.4196412667
2022-09-03 04:00:00,Gemini,MATIC/USD,0.87304,0.89535,0.86714,0.88446,677966.727991,599634.4522389199
2022-09-02 04:00:00,Gemini,MATIC/USD,0.88474,0.914,0.86285,0.87304,1013148.590227,884519.2452117801
2022-09-01 04:00:00,Gemini,MATIC/USD,0.84241,0.89737,0.82272,0.88474,1252443.377308,1108086.7536394799
2022-08-31 04:00:00,Gemini,MATIC/USD,0.8302,0.85425,0.81866,0.84241,857518.969327,722382.554950758
2022-08-30 04:00:00,Gemini,MATIC/USD,0.81851,0.8437,0.78297,0.8302,1185964.686249,984587.8825239199
2022-08-29 04:00:00,Gemini,MATIC/USD,0.78468,0.82081,0.77272,0.81851,616004.465565,504205.8151096081
2022-08-28 04:00:00,Gemini,MATIC/USD,0.80966,0.83312,0.76199,0.78468,1044066.037626,819257.7384043697
2022-08-27 04:00:00,Gemini,MATIC/USD,0.775,0.8213,0.75626,0.80966,751836.035482,608731.5644883561
2022-08-26 04:00:00,Gemini,MATIC/USD,0.82201,0.84633,0.75433,0.775,1255778.025679,973227.969901225
2022-08-25 04:00:00,Gemini,MATIC/USD,0.81524,0.83197,0.80527,0.82201,346861.314394,285123.4690450119
2022-08-24 04:00:00,Gemini,MATIC/USD,0.80822,0.83982,0.80822,0.81524,102870.821542,83864.40855390008
2022-08-23 04:00:00,Gemini,MATIC/USD,0.815,0.83634,0.79188,0.80822,600211.318689,485102.7919908236
2022-08-22 04:00:00,Gemini,MATIC/USD,0.80591,0.82559,0.76882,0.815,810042.796852,660184.87943438
2022-08-21 04:00:00,Gemini,MATIC/USD,0.78839,0.85,0.77934,0.80591,633591.248132,510617.5227820601
2022-08-20 04:00:00,Gemini,MATIC/USD,0.79328,0.81634,0.75941,0.78839,778848.182601,614036.1186808024
2022-08-19 04:00:00,Gemini,MATIC/USD,0.83207,0.8364,0.76386,0.79328,1732525.917793,1374378.160066831
2022-08-18 04:00:00,Gemini,MATIC/USD,0.89442,0.90897,0.82113,0.83207,844951.85189,703059.0874021123
2022-08-17 04:00:00,Gemini,MATIC/USD,0.94922,0.96407,0.87666,0.89442,948249.800632,848133.5866812734
2022-08-16 04:00:00,Gemini,MATIC/USD,0.957,0.96733,0.92484,0.94922,713261.811314,677042.3765354751
2022-08-15 04:00:00,Gemini,MATIC/USD,1.0151,1.01545,0.93217,0.957,1005650.361485,962407.395941145
2022-08-14 04:00:00,Gemini,MATIC/USD,1.02953,1.05427,0.98265,1.0151,944829.541627,959096.4677055676
2022-08-13 04:00:00,Gemini,MATIC/USD,0.9861,1.04579,0.9861,1.02953,723454.88867,744818.5115324252
2022-08-12 04:00:00,Gemini,MATIC/USD,0.92702,0.99,0.9061,0.9861,1201421.991995,1184722.2263062694
2022-08-11 04:00:00,Gemini,MATIC/USD,0.94128,0.94128,0.90652,0.92702,334198.221127,309808.43494915153
2022-08-10 04:00:00,Gemini,MATIC/USD,0.87678,0.96098,0.87418,0.94128,1373122.22607,1292492.4889551697
2022-08-09 04:00:00,Gemini,MATIC/USD,0.928,0.93104,0.8705,0.87678,1126706.648352,987873.8551420665
2022-08-08 04:00:00,Gemini,MATIC/USD,0.91909,0.95161,0.91033,0.928,1020300.46583,946838.8322902401
2022-08-07 04:00:00,Gemini,MATIC/USD,0.90679,0.92498,0.90221,0.91909,874552.492537,803792.4503658313
2022-08-06 04:00:00,Gemini,MATIC/USD,0.93427,0.93758,0.89331,0.90679,467672.838621,424081.0533331366
2022-08-05 04:00:00,Gemini,MATIC/USD,0.92333,0.94359,0.8963,0.93427,931811.84865,870563.8558382356
2022-08-04 04:00:00,Gemini,MATIC/USD,0.90155,0.92376,0.87579,0.92333,787482.755056,727106.4522258565
2022-08-03 04:00:00,Gemini,MATIC/USD,0.88724,0.92043,0.87844,0.90155,593450.455252,535025.2579324406
2022-08-02 04:00:00,Gemini,MATIC/USD,0.85521,0.90608,0.84985,0.88724,1618021.015383,1435572.965688413
2022-08-01 04:00:00,Gemini,MATIC/USD,0.93122,0.93282,0.85011,0.85521,1416286.987366,1211222.7944652769
2022-07-31 04:00:00,Gemini,MATIC/USD,0.98606,1.01533,0.91162,0.93122,1020455.679476,950268.7378416408
2022-07-30 04:00:00,Gemini,MATIC/USD,0.93095,0.99243,0.915,0.98606,1240315.639711,1223025.6396934288
2022-07-29 04:00:00,Gemini,MATIC/USD,0.98207,0.99268,0.90591,0.93095,1129944.553302,1051921.881896497
2022-07-28 04:00:00,Gemini,MATIC/USD,0.88954,0.98749,0.88954,0.98207,1816874.676049,1784298.1131074412
2022-07-27 04:00:00,Gemini,MATIC/USD,0.76606,0.91113,0.76558,0.88954,2042626.310509,1816997.8082501758
2022-07-26 04:00:00,Gemini,MATIC/USD,0.77104,0.79001,0.72287,0.76606,1246268.360892,954716.3405449254
2022-07-25 04:00:00,Gemini,MATIC/USD,0.83588,0.84343,0.74716,0.77104,1505093.889473,1160487.5925392618
2022-07-24 04:00:00,Gemini,MATIC/USD,0.84924,0.90852,0.8268,0.83588,813731.241384,680181.6700480579
2022-07-23 04:00:00,Gemini,MATIC/USD,0.86714,0.88806,0.81473,0.84924,827758.966127,702966.0243936935
2022-07-22 04:00:00,Gemini,MATIC/USD,0.90374,0.92368,0.83757,0.86714,1561480.469855,1354022.1746300648
2022-07-21 04:00:00,Gemini,MATIC/USD,0.80544,0.93385,0.79707,0.90374,2292782.539736,2072079.2924610125
2022-07-20 04:00:00,Gemini,MATIC/USD,0.93868,0.94922,0.80159,0.80544,3144334.906658,2532573.1072186194
2022-07-19 04:00:00,Gemini,MATIC/USD,0.90761,0.95176,0.88366,0.93868,2674958.618744,2510930.156242618
2022-07-18 04:00:00,Gemini,MATIC/USD,0.79707,0.98437,0.7933,0.90761,4650350.968117,4220705.04217267
2022-07-17 04:00:00,Gemini,MATIC/USD,0.73187,0.80727,0.73187,0.79707,1540137.623293,1227597.4953981515
2022-07-16 04:00:00,Gemini,MATIC/USD,0.69702,0.74403,0.68302,0.73187,1461837.933029,1069875.3280459342
2022-07-15 04:00:00,Gemini,MATIC/USD,0.7074,0.7349,0.67681,0.69702,1646414.30472,1147583.6986759342
2022-07-14 04:00:00,Gemini,MATIC/USD,0.64284,0.73308,0.61271,0.7074,3359869.243312,2376771.5027189087
2022-07-13 04:00:00,Gemini,MATIC/USD,0.54087,0.65751,0.54087,0.64284,1593302.929038,1024238.854902788
2022-07-12 04:00:00,Gemini,MATIC/USD,0.57676,0.59236,0.53192,0.54087,1403111.409113,758900.8678469482
2022-07-11 04:00:00,Gemini,MATIC/USD,0.55363,0.59695,0.5369,0.57676,2234033.450542,1288501.132934604
2022-07-10 04:00:00,Gemini,MATIC/USD,0.57011,0.58598,0.54625,0.55363,1092641.073024,604918.8772582771
2022-07-09 04:00:00,Gemini,MATIC/USD,0.59225,0.6034,0.5675,0.57011,746139.326463,425381.49140982097
2022-07-08 04:00:00,Gemini,MATIC/USD,0.58875,0.61874,0.55557,0.59225,2033802.444764,1204519.497911479
2022-07-07 04:00:00,Gemini,MATIC/USD,0.52276,0.59769,0.51133,0.58875,2251547.977036,1325598.871479945
2022-07-06 04:00:00,Gemini,MATIC/USD,0.50612,0.53462,0.50612,0.52276,749696.036762,391911.1001777031
2022-07-05 04:00:00,Gemini,MATIC/USD,0.52518,0.53401,0.48544,0.50612,1561003.444299,790055.06322861
2022-07-04 04:00:00,Gemini,MATIC/USD,0.452,0.52821,0.45196,0.52518,1443698.985033,758201.8329596309
2022-07-03 04:00:00,Gemini,MATIC/USD,0.4885,0.49263,0.44713,0.452,758965.554104,343052.430455008
2022-07-02 04:00:00,Gemini,MATIC/USD,0.45019,0.49541,0.44963,0.4885,825348.673009,403182.8267648965
2022-07-01 04:00:00,Gemini,MATIC/USD,0.47357,0.48642,0.44845,0.45019,1513061.14146,681164.9952738774
2022-06-30 04:00:00,Gemini,MATIC/USD,0.48472,0.49695,0.41763,0.47357,2063688.264589,977300.8514614127
2022-06-29 04:00:00,Gemini,MATIC/USD,0.52731,0.52731,0.4751,0.48472,593504.091342,287683.30315529427
2022-06-28 04:00:00,Gemini,MATIC/USD,0.52411,0.57376,0.50391,0.52731,1108259.294122,584396.2083834717
2022-06-27 04:00:00,Gemini,MATIC/USD,0.57494,0.59631,0.50825,0.52411,1683029.544603,882092.6146218783
2022-06-26 04:00:00,Gemini,MATIC/USD,0.59126,0.62578,0.55385,0.57494,1698505.516928,976538.7619025842
2022-06-25 04:00:00,Gemini,MATIC/USD,0.61261,0.61874,0.56665,0.59126,1449679.060301,857137.2411935693
2022-06-24 04:00:00,Gemini,MATIC/USD,0.60042,0.62642,0.56892,0.61261,2306236.895815,1412823.784745227
2022-06-23 04:00:00,Gemini,MATIC/USD,0.48932,0.62568,0.48208,0.60042,4540477.858072,2726193.71554359
2022-06-22 04:00:00,Gemini,MATIC/USD,0.40124,0.49876,0.40124,0.48932,2182768.054805,1068072.0645771825
2022-06-21 04:00:00,Gemini,MATIC/USD,0.4115,0.41285,0.4,0.40124,44305.168358,17777.00575196392
2022-06-20 04:00:00,Gemini,MATIC/USD,0.36788,0.4115,0.36103,0.4115,2212779.372803,910558.7119084344
2022-06-19 04:00:00,Gemini,MATIC/USD,0.32991,0.38639,0.32659,0.36788,1166518.209831,429138.7190326283
2022-06-18 04:00:00,Gemini,MATIC/USD,0.39119,0.39337,0.31578,0.32991,4046491.181006,1334977.9055256892
2022-06-17 04:00:00,Gemini,MATIC/USD,0.38508,0.40773,0.385,0.39119,2435026.617575,952558.0625291643
2022-06-16 04:00:00,Gemini,MATIC/USD,0.42554,0.43168,0.37524,0.38508,2580835.018983,993827.9491099736
2022-06-15 04:00:00,Gemini,MATIC/USD,0.39863,0.44431,0.36332,0.42554,1926995.591466,820013.7039924416
2022-06-14 04:00:00,Gemini,MATIC/USD,0.429,0.45242,0.39575,0.39863,2743612.939535,1093686.426086837
2022-06-13 04:00:00,Gemini,MATIC/USD,0.46728,0.47658,0.39485,0.429,3948129.690855,1693747.637376795
2022-06-12 04:00:00,Gemini,MATIC/USD,0.51637,0.5434,0.4564,0.46728,2104306.608118,983300.391841379
2022-06-11 04:00:00,Gemini,MATIC/USD,0.60226,0.60577,0.50413,0.51637,1786198.753392,922339.4502890271
2022-06-10 04:00:00,Gemini,MATIC/USD,0.6513,0.66015,0.59,0.60226,1563873.794963,941858.6317544165
2022-06-09 04:00:00,Gemini,MATIC/USD,0.61316,0.66151,0.61083,0.6513,1350047.581294,879285.9896967821
2022-06-08 04:00:00,Gemini,MATIC/USD,0.60392,0.61524,0.60164,0.61316,251757.394299,154367.56388837486
2022-06-07 04:00:00,Gemini,MATIC/USD,0.59458,0.63168,0.5853,0.60392,1135371.675368,685673.6621882427
2022-06-06 04:00:00,Gemini,MATIC/USD,0.6254,0.65523,0.58315,0.59458,1343540.334429,798842.2120447948
2022-06-05 04:00:00,Gemini,MATIC/USD,0.59009,0.62636,0.584,0.6254,1095823.778429,685328.1910294965
2022-06-04 04:00:00,Gemini,MATIC/USD,0.58022,0.59948,0.58022,0.59009,440384.449109,259866.4595747298
2022-06-03 04:00:00,Gemini,MATIC/USD,0.61628,0.61628,0.57569,0.58022,469089.622528,272175.1807831961
2022-06-02 04:00:00,Gemini,MATIC/USD,0.59427,0.6216,0.5915,0.61628,731712.479942,450939.7671386558
2022-06-01 04:00:00,Gemini,MATIC/USD,0.64645,0.65492,0.5858,0.59427,1074715.326292,638671.0769555469
2022-05-31 04:00:00,Gemini,MATIC/USD,0.6667,0.68303,0.64294,0.64645,1571508.065615,1015901.3890168166
2022-05-30 04:00:00,Gemini,MATIC/USD,0.62448,0.673,0.61893,0.6667,1276390.739466,850969.7060019822
2022-05-29 04:00:00,Gemini,MATIC/USD,0.57867,0.62801,0.57434,0.62448,1031284.182589,644016.3463431788
2022-05-28 04:00:00,Gemini,MATIC/USD,0.58366,0.59572,0.57434,0.57867,556946.668637,322288.3287401728
2022-05-27 04:00:00,Gemini,MATIC/USD,0.59067,0.60947,0.56443,0.58366,1588389.201124,927079.2411280337
2022-05-26 04:00:00,Gemini,MATIC/USD,0.65511,0.65511,0.57025,0.59067,325347.664711,192173.10511484637
2022-05-25 04:00:00,Gemini,MATIC/USD,0.66586,0.66586,0.64904,0.65511,71305.247845,46712.78091573795
2022-05-24 04:00:00,Gemini,MATIC/USD,0.6453,0.67216,0.6105,0.66586,1150337.309445,765963.6008670477
2022-05-23 04:00:00,Gemini,MATIC/USD,0.66964,0.69988,0.63619,0.6453,1727101.922226,1114498.870412438
2022-05-22 04:00:00,Gemini,MATIC/USD,0.65226,0.68517,0.64,0.66964,1208546.808795,809291.2850414838
2022-05-21 04:00:00,Gemini,MATIC/USD,0.6426,0.65948,0.63,0.65226,965261.715014,629601.6062350316
2022-05-20 04:00:00,Gemini,MATIC/USD,0.65337,0.67837,0.61627,0.6426,2560801.292866,1645570.9107956914
2022-05-19 04:00:00,Gemini,MATIC/USD,0.63566,0.6733,0.60909,0.65337,1831746.864225,1196808.4486786881
2022-05-18 04:00:00,Gemini,MATIC/USD,0.69901,0.7083,0.61,0.63566,1994386.24147,1267751.5582528203
2022-05-17 04:00:00,Gemini,MATIC/USD,0.70407,0.73678,0.68049,0.69901,1809236.752182,1264674.58214274
2022-05-16 04:00:00,Gemini,MATIC/USD,0.70558,0.70969,0.65809,0.70407,2315441.652091,1630233.0039877105
2022-05-15 04:00:00,Gemini,MATIC/USD,0.66441,0.74241,0.65716,0.70558,1242050.93297,876366.2972849725
2022-05-14 04:00:00,Gemini,MATIC/USD,0.68888,0.6942,0.61549,0.66441,1756222.066251,1166851.5030378269
2022-05-13 04:00:00,Gemini,MATIC/USD,0.68237,0.75178,0.65956,0.68888,2682216.458749,1847725.2741030112
2022-05-12 04:00:00,Gemini,MATIC/USD,0.6039,0.69766,0.47805,0.68237,4680285.118012,3193686.1559778485
2022-05-11 04:00:00,Gemini,MATIC/USD,0.87886,0.87886,0.6,0.6039,3606746.074782,2178113.95456085
2022-05-10 04:00:00,Gemini,MATIC/USD,0.88828,0.98885,0.85298,0.87886,2992614.145368,2630088.8677981202
2022-05-09 04:00:00,Gemini,MATIC/USD,0.95509,0.96848,0.78668,0.88828,2868482.479707,2548015.617074134
2022-05-08 04:00:00,Gemini,MATIC/USD,0.99027,1.01078,0.94,0.95509,1079176.583468,1030710.763104452
2022-05-07 04:00:00,Gemini,MATIC/USD,1.02235,1.06529,0.978,0.99027,657178.595538,650784.2478034153
2022-05-06 04:00:00,Gemini,MATIC/USD,1.07126,1.07198,1.01229,1.02235,811416.378467,829551.5345257375
2022-05-05 04:00:00,Gemini,MATIC/USD,1.18351,1.18474,1.02717,1.07126,1129545.738605,1210037.1679379926
2022-05-04 04:00:00,Gemini,MATIC/USD,1.08656,1.18692,1.07275,1.18351,880895.157897,1042548.2283226785
2022-05-03 04:00:00,Gemini,MATIC/USD,1.09018,1.11608,1.05433,1.08656,956800.906887,1039621.5933871387
2022-05-02 04:00:00,Gemini,MATIC/USD,1.1007,1.12,1.03767,1.09018,1010774.840625,1101926.5157525623
2022-05-01 04:00:00,Gemini,MATIC/USD,1.06474,1.12211,1.0591,1.1007,1047295.418775,1152758.0674456425
2022-04-30 04:00:00,Gemini,MATIC/USD,1.15349,1.165,1.01156,1.06474,1321721.121165,1407289.346549222
2022-04-29 04:00:00,Gemini,MATIC/USD,1.2217,1.23254,1.12831,1.15349,734486.773819,847223.1487324783
2022-04-28 04:00:00,Gemini,MATIC/USD,1.25759,1.27887,1.21361,1.2217,507613.128833,620150.9594952761
2022-04-27 04:00:00,Gemini,MATIC/USD,1.25367,1.27112,1.24391,1.25759,151342.459974,190326.76423870266
2022-04-26 04:00:00,Gemini,MATIC/USD,1.34265,1.35403,1.22482,1.25367,975895.361293,1223450.7375921954
2022-04-25 04:00:00,Gemini,MATIC/USD,1.32766,1.36125,1.26268,1.34265,721368.430234,968545.32285368
2022-04-24 04:00:00,Gemini,MATIC/USD,1.3678,1.37,1.3,1.32766,540299.823795,717334.4640596698
2022-04-23 04:00:00,Gemini,MATIC/USD,1.36246,1.40345,1.34402,1.3678,574113.372672,785272.2711407616
2022-04-22 04:00:00,Gemini,MATIC/USD,1.39981,1.50447,1.36067,1.36246,1535543.334847,2092116.3719956435
2022-04-21 04:00:00,Gemini,MATIC/USD,1.43645,1.46732,1.36,1.39981,456787.090728,639415.1374719617
2022-04-20 04:00:00,Gemini,MATIC/USD,1.43986,1.43986,1.42673,1.43645,49998.680827,71820.60507394414
2022-04-19 04:00:00,Gemini,MATIC/USD,1.39946,1.45114,1.39382,1.43986,749660.22111,1079405.7659674445
2022-04-18 04:00:00,Gemini,MATIC/USD,1.35091,1.43585,1.29399,1.39946,1282641.043385,1795004.834575572
2022-04-17 04:00:00,Gemini,MATIC/USD,1.37722,1.39102,1.3337,1.35091,561090.124903,757982.2606327117
2022-04-16 04:00:00,Gemini,MATIC/USD,1.3854,1.40205,1.36575,1.37722,492502.483087,678284.2697570781
2022-04-15 04:00:00,Gemini,MATIC/USD,1.39514,1.39881,1.36759,1.3854,527532.730748,730843.8451782791
2022-04-14 04:00:00,Gemini,MATIC/USD,1.4299,1.4362,1.35276,1.39514,879234.74588,1226655.5633670231
2022-04-13 04:00:00,Gemini,MATIC/USD,1.41292,1.44376,1.40906,1.4299,301306.287284,430837.86018739163
2022-04-12 04:00:00,Gemini,MATIC/USD,1.34248,1.47388,1.33979,1.41292,1006011.635338,1421413.959801767
2022-04-11 04:00:00,Gemini,MATIC/USD,1.41409,1.42786,1.31455,1.34248,967631.221845,1299025.5627024756
2022-04-10 04:00:00,Gemini,MATIC/USD,1.46791,1.49006,1.40382,1.41409,449509.739172,635647.2270657335
2022-04-09 04:00:00,Gemini,MATIC/USD,1.44216,1.47371,1.43712,1.46791,437765.911114,642600.9585833518
2022-04-08 04:00:00,Gemini,MATIC/USD,1.51999,1.5273,1.42362,1.44216,707255.370128,1019975.4045837966
2022-04-07 04:00:00,Gemini,MATIC/USD,1.46314,1.52152,1.45453,1.51999,841453.950146,1279001.5896824186
2022-04-06 04:00:00,Gemini,MATIC/USD,1.56931,1.56931,1.439,1.46314,534903.382567,782638.5351690805
2022-04-05 04:00:00,Gemini,MATIC/USD,1.65038,1.67593,1.5452,1.56931,1035554.635024,1625106.2442895134
2022-04-04 04:00:00,Gemini,MATIC/USD,1.66493,1.68837,1.60769,1.65038,930325.933917,1535391.3148179383
2022-04-03 04:00:00,Gemini,MATIC/USD,1.66373,1.71346,1.65344,1.66493,1237008.568729,2059532.6763339739
2022-04-02 04:00:00,Gemini,MATIC/USD,1.71489,1.72888,1.63349,1.66373,618045.651957,1028261.0925304196
2022-04-01 04:00:00,Gemini,MATIC/USD,1.58578,1.72826,1.58578,1.71489,1061059.922443,1819601.0503982762
2022-03-31 04:00:00,Gemini,MATIC/USD,1.71187,1.74892,1.561,1.58578,889297.888399,1410230.8054653662
2022-03-30 04:00:00,Gemini,MATIC/USD,1.66298,1.72523,1.66298,1.71187,529366.834927,906207.2037064835
2022-03-29 04:00:00,Gemini,MATIC/USD,1.68612,1.73624,1.6284,1.66298,1461317.555598,2430141.868608362
2022-03-28 04:00:00,Gemini,MATIC/USD,1.69995,1.74539,1.65153,1.68612,1010389.530643,1703637.9954077753
2022-03-27 04:00:00,Gemini,MATIC/USD,1.61765,1.7,1.60397,1.69995,1178524.995052,2003433.5653386475
2022-03-26 04:00:00,Gemini,MATIC/USD,1.58349,1.62881,1.57925,1.61765,702923.301042,1137083.8779305913
2022-03-25 04:00:00,Gemini,MATIC/USD,1.62992,1.66319,1.56452,1.58349,1035781.636778,1640149.8640215953
2022-03-24 04:00:00,Gemini,MATIC/USD,1.55827,1.63893,1.55827,1.62992,1676441.874891,2732466.140722339
2022-03-23 04:00:00,Gemini,MATIC/USD,1.5028,1.57566,1.5028,1.55827,542395.700146,845198.9476665074
2022-03-22 04:00:00,Gemini,MATIC/USD,1.50075,1.53414,1.49362,1.5028,999409.900311,1501913.1981873706
2022-03-21 04:00:00,Gemini,MATIC/USD,1.45695,1.50706,1.45695,1.50075,182236.966674,273492.1277360055
2022-03-20 04:00:00,Gemini,MATIC/USD,1.51241,1.52308,1.4436,1.45695,668746.750696,974330.5784265371
2022-03-19 04:00:00,Gemini,MATIC/USD,1.51922,1.5421,1.49873,1.51241,1137975.022504,1721084.8037852747
2022-03-18 04:00:00,Gemini,MATIC/USD,1.426,1.53343,1.41833,1.51922,1195878.728576,1816802.882027231
2022-03-17 04:00:00,Gemini,MATIC/USD,1.44731,1.49927,1.42072,1.426,1800961.953278,2568171.745374428
2022-03-16 04:00:00,Gemini,MATIC/USD,1.36396,1.47439,1.36396,1.44731,690181.669956,998906.8327440185
2022-03-15 04:00:00,Gemini,MATIC/USD,1.35528,1.42393,1.33161,1.36396,948270.669235,1293403.2620097706
2022-03-14 04:00:00,Gemini,MATIC/USD,1.35971,1.39294,1.33011,1.35528,883309.011764,1197131.0374635141
2022-03-13 04:00:00,Gemini,MATIC/USD,1.41598,1.42079,1.34372,1.35971,822349.350833,1118156.6358211385
2022-03-12 04:00:00,Gemini,MATIC/USD,1.42105,1.43442,1.39247,1.41598,794340.696208,1124770.5390166037
2022-03-11 04:00:00,Gemini,MATIC/USD,1.43859,1.47339,1.40195,1.42105,1038078.435682,1475161.361025906
2022-03-10 04:00:00,Gemini,MATIC/USD,1.47162,1.47162,1.40233,1.43859,1086318.498526,1562766.9287945183
2022-03-09 04:00:00,Gemini,MATIC/USD,1.51211,1.51211,1.46103,1.47162,480497.12724,707109.1823889287
2022-03-08 04:00:00,Gemini,MATIC/USD,1.45798,1.52599,1.44207,1.51211,824743.175988,1247102.4038432147
2022-03-07 04:00:00,Gemini,MATIC/USD,1.4027,1.49622,1.37,1.45798,1668087.839572,2432038.708339185
2022-03-06 04:00:00,Gemini,MATIC/USD,1.48887,1.50252,1.388,1.4027,1184214.565646,1661097.7712316443
2022-03-05 04:00:00,Gemini,MATIC/USD,1.47424,1.51876,1.46049,1.48887,796233.193039,1185487.714119976
2022-03-04 04:00:00,Gemini,MATIC/USD,1.5358,1.56431,1.44809,1.47424,1497749.923672,2208042.847474209
2022-03-03 04:00:00,Gemini,MATIC/USD,1.61537,1.64359,1.51132,1.5358,1942893.255895,2983895.462403541
2022-03-02 04:00:00,Gemini,MATIC/USD,1.64121,1.66904,1.60416,1.61537,391894.177573,633054.097626097
2022-03-01 04:00:00,Gemini,MATIC/USD,1.58576,1.66356,1.55699,1.64121,1800928.744993,2955702.2655699616
2022-02-28 04:00:00,Gemini,MATIC/USD,1.44537,1.64914,1.42197,1.58576,2643721.64638,4192308.0379635487
2022-02-27 04:00:00,Gemini,MATIC/USD,1.47442,1.54637,1.42501,1.44537,1834772.480359,2651925.0999364876
2022-02-26 04:00:00,Gemini,MATIC/USD,1.558,1.56921,1.45107,1.47442,1093740.198102,1612632.422885551
2022-02-25 04:00:00,Gemini,MATIC/USD,1.45119,1.59589,1.40474,1.558,2742892.555211,4273426.601018738
2022-02-24 04:00:00,Gemini,MATIC/USD,1.3104,1.46509,1.3104,1.45119,314708.087316,456701.22923210607
2022-02-23 04:00:00,Gemini,MATIC/USD,1.45692,1.59473,1.29665,1.3104,1742554.229582,2283443.062444253
2022-02-22 04:00:00,Gemini,MATIC/USD,1.36256,1.47666,1.35198,1.45692,1340247.451121,1952633.3164872075
2022-02-21 04:00:00,Gemini,MATIC/USD,1.56891,1.61515,1.35,1.36256,2451970.104326,3340956.3853504346
2022-02-20 04:00:00,Gemini,MATIC/USD,1.59967,1.60459,1.49355,1.56891,2093370.116564,3284309.3095784253
2022-02-19 04:00:00,Gemini,MATIC/USD,1.62191,1.64297,1.55945,1.59967,558432.782452,893308.1691049908
2022-02-18 04:00:00,Gemini,MATIC/USD,1.68841,1.71311,1.58265,1.62191,1291901.357559,2095347.7308385174
2022-02-17 04:00:00,Gemini,MATIC/USD,1.80891,1.8343,1.64714,1.68841,2061609.029189,3480841.300972999
2022-02-16 04:00:00,Gemini,MATIC/USD,1.81982,1.87904,1.75844,1.80891,877438.366377,1587207.0353230191
2022-02-15 04:00:00,Gemini,MATIC/USD,1.71612,1.87885,1.70768,1.81982,1635682.920266,2976648.4919584724
2022-02-14 04:00:00,Gemini,MATIC/USD,1.62554,1.73941,1.59734,1.71612,1245149.840003,2136826.543425949
2022-02-13 04:00:00,Gemini,MATIC/USD,1.70418,1.72271,1.60304,1.62554,645730.930719,1049661.4571209634
2022-02-12 04:00:00,Gemini,MATIC/USD,1.70709,1.76678,1.64,1.70418,1306888.63925,2227173.481237065
2022-02-11 04:00:00,Gemini,MATIC/USD,1.84599,1.90036,1.67786,1.70709,2349120.442658,4010160.0164570455
2022-02-10 04:00:00,Gemini,MATIC/USD,1.97423,2.04161,1.8124,1.84599,2413553.137606,4455394.9564893
2022-02-09 04:00:00,Gemini,MATIC/USD,1.91045,2.03799,1.91045,1.97423,79140.544899,156241.63795595276
2022-02-08 04:00:00,Gemini,MATIC/USD,2.01524,2.05027,1.86134,1.91045,2560030.837437,4890810.913381517
2022-02-07 04:00:00,Gemini,MATIC/USD,1.78136,2.08793,1.765,2.01524,4557664.590901,9184787.990167331
2022-02-06 04:00:00,Gemini,MATIC/USD,1.74966,1.78694,1.66949,1.78136,888156.271198,1582126.0552612692
2022-02-05 04:00:00,Gemini,MATIC/USD,1.71999,1.75827,1.67563,1.74966,804609.777269,1407793.5428964784
2022-02-04 04:00:00,Gemini,MATIC/USD,1.54967,1.72239,1.54716,1.71999,1550237.271748,2666392.6050338424
2022-02-03 04:00:00,Gemini,MATIC/USD,1.52473,1.56175,1.47733,1.54967,901492.900095,1397016.5024902187
2022-02-02 04:00:00,Gemini,MATIC/USD,1.63961,1.63961,1.51229,1.52473,702156.244714,1070598.6910027773
2022-02-01 04:00:00,Gemini,MATIC/USD,1.67121,1.68176,1.61233,1.63961,1583159.467493,2595764.0944961975
2022-01-31 04:00:00,Gemini,MATIC/USD,1.55505,1.67182,1.53199,1.67121,1203831.942221,2011855.9801591577
2022-01-30 04:00:00,Gemini,MATIC/USD,1.68585,1.70794,1.52601,1.55505,1089469.708529,1694179.8702480213
2022-01-29 04:00:00,Gemini,MATIC/USD,1.6962,1.7413,1.65053,1.68585,1892505.264763,3190480.0006007035
2022-01-28 04:00:00,Gemini,MATIC/USD,1.66553,1.71499,1.56412,1.6962,1332753.266682,2260616.090946008
2022-01-27 04:00:00,Gemini,MATIC/USD,1.50857,1.68273,1.50067,1.66553,1749164.398159,2913285.7800657596
2022-01-26 04:00:00,Gemini,MATIC/USD,1.59,1.82211,1.49796,1.50857,2791805.116248,4211633.444218245
2022-01-25 04:00:00,Gemini,MATIC/USD,1.478,1.61057,1.41176,1.59,2455741.459472,3904628.9205604806
2022-01-24 04:00:00,Gemini,MATIC/USD,1.51993,1.54423,1.30876,1.478,3946288.337507,5832614.162835347
2022-01-23 04:00:00,Gemini,MATIC/USD,1.54331,1.66966,1.50459,1.51993,1820463.795273,2766977.536349291
2022-01-22 04:00:00,Gemini,MATIC/USD,1.71472,1.73038,1.39527,1.54331,4534991.270213,6998897.377232424
2022-01-21 04:00:00,Gemini,MATIC/USD,1.896,1.93914,1.64199,1.71472,3702017.967166,6347924.248658883
2022-01-20 04:00:00,Gemini,MATIC/USD,2.04878,2.1929,1.83901,1.896,1884586.789525,3573176.5529393996
2022-01-19 04:00:00,Gemini,MATIC/USD,2.07301,2.11182,2.02067,2.04878,408821.489115,837585.2904690297
2022-01-18 04:00:00,Gemini,MATIC/USD,2.19469,2.21721,2.05749,2.07301,1178372.150503,2442777.251714224
2022-01-17 04:00:00,Gemini,MATIC/USD,2.39006,2.42582,2.16724,2.19469,996919.700846,2187929.698249708
2022-01-16 04:00:00,Gemini,MATIC/USD,2.33,2.45226,2.28535,2.39006,855076.042539,2043683.0462307625
2022-01-15 04:00:00,Gemini,MATIC/USD,2.35578,2.40018,2.29818,2.33,805849.255352,1877628.76497016
2022-01-14 04:00:00,Gemini,MATIC/USD,2.27022,2.38709,2.18177,2.35578,1267293.757623,2985465.2883331114
2022-01-13 04:00:00,Gemini,MATIC/USD,2.34274,2.43519,2.2338,2.27022,1527337.701278,3467392.596195341
2022-01-12 04:00:00,Gemini,MATIC/USD,2.33382,2.44,2.31238,2.34274,763273.310606,1788150.9156891005
2022-01-11 04:00:00,Gemini,MATIC/USD,2.17265,2.38875,2.13088,2.33382,1960859.237233,4576292.50503912
2022-01-10 04:00:00,Gemini,MATIC/USD,2.11519,2.17288,1.9223,2.17265,1966166.784302,4271792.26391374
2022-01-09 04:00:00,Gemini,MATIC/USD,2.01245,2.16644,1.98451,2.11519,1291909.787664,2732634.663769016
2022-01-08 04:00:00,Gemini,MATIC/USD,2.09285,2.14215,1.9,2.01245,1668553.775607,3357881.045720307
2022-01-07 04:00:00,Gemini,MATIC/USD,2.11308,2.18827,2.04107,2.09285,1831354.157971,3832749.5495096073
2022-01-06 04:00:00,Gemini,MATIC/USD,2.10698,2.28877,2.06858,2.11308,2032784.683916,4295436.659889221
2022-01-05 04:00:00,Gemini,MATIC/USD,2.41909,2.41909,2.02463,2.10698,2817829.534145,5937110.4718528325
2022-01-04 04:00:00,Gemini,MATIC/USD,2.40274,2.50492,2.35157,2.41909,1215662.66889,2940797.4056851105
2022-01-03 04:00:00,Gemini,MATIC/USD,2.47512,2.51419,2.36264,2.40274,1545397.776944,3713189.0545744267
2022-01-02 04:00:00,Gemini,MATIC/USD,2.53254,2.58233,2.46707,2.47512,859000.196256,2126128.5657571508
2022-01-01 04:00:00,Gemini,MATIC/USD,2.58424,2.58974,2.50564,2.53254,740712.628705,1875884.3607005607
2021-12-31 04:00:00,Gemini,MATIC/USD,2.53624,2.67583,2.44148,2.58424,1874478.284846,4844101.762830427
2021-12-30 04:00:00,Gemini,MATIC/USD,2.43235,2.59936,2.42588,2.53624,1371512.275111,3478484.2926275227
2021-12-29 04:00:00,Gemini,MATIC/USD,2.60849,2.61787,2.40563,2.43235,2270126.962465,5521743.317151742
2021-12-28 04:00:00,Gemini,MATIC/USD,2.64287,2.70548,2.43862,2.60849,2438637.513397,6361161.56732094
2021-12-27 04:00:00,Gemini,MATIC/USD,2.88481,2.89944,2.58215,2.64287,2180425.364842,5762580.783979976
2021-12-26 04:00:00,Gemini,MATIC/USD,2.645,2.926,2.63365,2.88481,2066016.345854,5960064.614683078
2021-12-25 04:00:00,Gemini,MATIC/USD,2.50203,2.744,2.5002,2.645,2370576.118482,6270173.83338489
2021-12-24 04:00:00,Gemini,MATIC/USD,2.59264,2.66865,2.42745,2.50203,1914750.448258,4790763.064054963
2021-12-23 04:00:00,Gemini,MATIC/USD,2.67129,2.73273,2.50574,2.59264,3743161.818324,9704671.056659535
2021-12-22 04:00:00,Gemini,MATIC/USD,2.52327,2.70956,2.47043,2.67129,1992916.738664,5323658.554825757
2021-12-21 04:00:00,Gemini,MATIC/USD,2.20612,2.53017,2.20612,2.52327,4364942.771533,11013929.147126075
2021-12-20 04:00:00,Gemini,MATIC/USD,2.14125,2.20619,2.04814,2.20612,2299392.477073,5072735.731520286
2021-12-19 04:00:00,Gemini,MATIC/USD,2.2365,2.29109,2.13606,2.14125,2741602.541319,5870456.4415993085
2021-12-18 04:00:00,Gemini,MATIC/USD,2.13098,2.259,2.11937,2.2365,2037778.715876,4557492.098056674
2021-12-17 04:00:00,Gemini,MATIC/USD,2.10611,2.16361,1.93951,2.13098,2484695.824891,5294837.108926224
2021-12-16 04:00:00,Gemini,MATIC/USD,2.13499,2.16067,2.06366,2.10611,690723.745904,1454740.1884858736
2021-12-15 04:00:00,Gemini,MATIC/USD,2.00883,2.22934,1.83059,2.13499,4084856.527527,8721127.83770487
2021-12-14 04:00:00,Gemini,MATIC/USD,1.83013,2.04366,1.738,2.00883,3050759.156333,6128456.516016421
2021-12-13 04:00:00,Gemini,MATIC/USD,2.01323,2.02838,1.75,1.83013,3572155.498119,6537508.941772525
2021-12-12 04:00:00,Gemini,MATIC/USD,2.0971,2.13273,1.9832,2.01323,2015486.082532,4057637.0459358986
2021-12-11 04:00:00,Gemini,MATIC/USD,2.10143,2.23,2.0664,2.0971,1502732.076857,3151379.4383768146
2021-12-10 04:00:00,Gemini,MATIC/USD,2.21193,2.23552,2.00537,2.10143,2143565.987354,4504553.872805317
2021-12-09 04:00:00,Gemini,MATIC/USD,2.33598,2.33598,2.05755,2.21193,2144400.635609,4743264.097922616
2021-12-08 04:00:00,Gemini,MATIC/USD,2.2458,2.58,2.23897,2.33598,7506212.99829,17534363.439745475
2021-12-07 04:00:00,Gemini,MATIC/USD,2.31225,2.51952,2.22735,2.2458,10516259.70824278,23617416.052771635
2021-12-06 04:00:00,Gemini,MATIC/USD,1.91249,2.3481,1.71404,2.31225,12003258.17371757,27754533.71217845
2021-12-05 04:00:00,Gemini,MATIC/USD,1.93963,2.2005,1.90393,1.91249,8424971.8666175,16112674.445187304
2021-12-04 04:00:00,Gemini,MATIC/USD,2.00187,2.07185,1.55412,1.93963,14578851.65553669,28277578.03662863
2021-12-03 04:00:00,Gemini,MATIC/USD,2.09655,2.4,2.0,2.00187,11923858.33357442,23870014.28223262
2021-12-02 04:00:00,Gemini,MATIC/USD,2.07071,2.25,1.95002,2.09655,4445532.88954188,9320281.979569029
2021-12-01 04:00:00,Gemini,MATIC/USD,1.89431,2.20392,1.89431,2.07071,7226702.07689653,14964404.257650413
2021-11-30 04:00:00,Gemini,MATIC/USD,1.77975,1.9,1.69705,1.89431,3279964.94531168,6213270.395553368
2021-11-29 04:00:00,Gemini,MATIC/USD,1.63733,1.88046,1.63721,1.77975,3298803.32044411,5871045.2095604045
2021-11-28 04:00:00,Gemini,MATIC/USD,1.55771,1.67412,1.5009,1.63733,2598820.20641282,4255126.288565903
2021-11-27 04:00:00,Gemini,MATIC/USD,1.70397,1.72603,1.53867,1.55771,1875474.55407781,2921445.467632545
2021-11-26 04:00:00,Gemini,MATIC/USD,1.85754,1.87746,1.59224,1.70397,5295157.15611142,9022788.939299177
2021-11-25 04:00:00,Gemini,MATIC/USD,1.7982,1.97106,1.73655,1.85754,6057620.36760637,11252272.137643537
2021-11-24 04:00:00,Gemini,MATIC/USD,1.69304,1.83,1.65357,1.7982,3771904.49769419,6782638.667753693
2021-11-23 04:00:00,Gemini,MATIC/USD,1.58319,1.77119,1.54418,1.69304,3035284.41696338,5138857.9292956805
2021-11-22 04:00:00,Gemini,MATIC/USD,1.55782,1.62124,1.5282,1.58319,1645368.84459585,2604931.501075704
2021-11-21 04:00:00,Gemini,MATIC/USD,1.623,1.65139,1.55226,1.55782,1148957.31191805,1789868.6796521768
2021-11-20 04:00:00,Gemini,MATIC/USD,1.61164,1.68061,1.5629,1.623,2519603.13100644,4089315.8816234525
2021-11-19 04:00:00,Gemini,MATIC/USD,1.49039,1.65,1.49039,1.61164,2217504.73361324,3573819.3288804423
2021-11-18 04:00:00,Gemini,MATIC/USD,1.65278,1.65278,1.44025,1.49039,2311301.32808917,3444740.3863708186
2021-11-17 04:00:00,Gemini,MATIC/USD,1.50879,1.68124,1.4909,1.65278,2096530.10241233,3465103.0226650503
2021-11-16 04:00:00,Gemini,MATIC/USD,1.59035,1.62602,1.46701,1.50879,2413629.55775465,3641660.140444638
2021-11-15 04:00:00,Gemini,MATIC/USD,1.72298,1.76747,1.57438,1.59035,1384881.25121358,2202445.8978675166
2021-11-14 04:00:00,Gemini,MATIC/USD,1.74286,1.75852,1.68567,1.72298,1038496.78321968,1789309.1875518442
2021-11-13 04:00:00,Gemini,MATIC/USD,1.71197,1.77491,1.69941,1.74286,599182.02778192,1044290.3889399972
2021-11-12 04:00:00,Gemini,MATIC/USD,1.76247,1.76247,1.70524,1.71197,633001.72964497,1083679.9711002994
2021-11-11 04:00:00,Gemini,MATIC/USD,1.70794,1.78967,1.69517,1.76247,1286276.84661618,2267024.3538556187
2021-11-10 04:00:00,Gemini,MATIC/USD,1.8085,1.89443,1.53209,1.70794,3732019.72909807,6374065.776115757
2021-11-09 04:00:00,Gemini,MATIC/USD,1.88428,1.88607,1.7596,1.8085,2147391.42595513,3883557.3938398524
2021-11-08 04:00:00,Gemini,MATIC/USD,1.89196,1.9379,1.87001,1.88428,1964530.68097829,3701725.871553772
2021-11-07 04:00:00,Gemini,MATIC/USD,1.88793,1.94403,1.85429,1.89196,1104519.15157716,2089706.0540179238
2021-11-06 04:00:00,Gemini,MATIC/USD,1.89544,1.92829,1.81377,1.88793,1175485.74199603,2219234.796886565
2021-11-05 04:00:00,Gemini,MATIC/USD,1.91252,1.95047,1.87,1.89544,1001660.67826776,1898587.716015843
2021-11-04 04:00:00,Gemini,MATIC/USD,2.005,2.005,1.86461,1.91252,1159095.42921795,2216793.1902879137
2021-11-03 04:00:00,Gemini,MATIC/USD,2.12086,2.1439,1.94726,2.005,2590035.36673571,5193020.910305098
2021-11-02 04:00:00,Gemini,MATIC/USD,1.87812,2.15457,1.87812,2.12086,3761740.69579823,7978125.372090634
2021-11-01 04:00:00,Gemini,MATIC/USD,1.86371,1.94167,1.84015,1.87812,2857681.1314581,5367068.086614086
2021-10-31 04:00:00,Gemini,MATIC/USD,1.94936,1.98979,1.79774,1.86371,3141006.00513143,5853924.301823498
2021-10-30 04:00:00,Gemini,MATIC/USD,1.93499,1.95348,1.839,1.94936,1819123.5412824,3546126.666434259
2021-10-29 04:00:00,Gemini,MATIC/USD,2.07372,2.08713,1.91514,1.93499,4057842.22548723,7851884.127895535
2021-10-28 04:00:00,Gemini,MATIC/USD,1.87789,2.21999,1.82824,2.07372,14274389.24718112,29601086.46966443
2021-10-27 04:00:00,Gemini,MATIC/USD,1.83156,1.94147,1.78067,1.87789,2275704.49814043,4273522.720012932
2021-10-26 04:00:00,Gemini,MATIC/USD,1.72113,1.85536,1.70007,1.83156,7292913.64747027,13357408.92016065
2021-10-25 04:00:00,Gemini,MATIC/USD,1.61955,1.76852,1.61323,1.72113,3648840.13241373,6280128.217101243
2021-10-24 04:00:00,Gemini,MATIC/USD,1.60858,1.63234,1.527,1.61955,4448074.26245311,7203878.671755934
2021-10-23 04:00:00,Gemini,MATIC/USD,1.52343,1.67345,1.52009,1.60858,3360257.41077279,5405242.865820895
2021-10-22 04:00:00,Gemini,MATIC/USD,1.55714,1.57883,1.49099,1.52343,2494303.57131276,3799896.889644998
2021-10-21 04:00:00,Gemini,MATIC/USD,1.54775,1.63193,1.48,1.55714,4984116.48808847,7760967.14826208
2021-10-20 04:00:00,Gemini,MATIC/USD,1.45631,1.59367,1.45631,1.54775,2176838.57603825,3369201.906063201
2021-10-19 04:00:00,Gemini,MATIC/USD,1.5066,1.5279,1.43683,1.45631,2719170.97431744,3959955.881608231
2021-10-18 04:00:00,Gemini,MATIC/USD,1.48564,1.62045,1.46488,1.5066,2954602.28937157,4451403.809167207
2021-10-17 04:00:00,Gemini,MATIC/USD,1.50145,1.54925,1.41,1.48564,1471144.68695016,2185591.3927206355
2021-10-16 04:00:00,Gemini,MATIC/USD,1.54762,1.59916,1.47827,1.50145,2725693.14835067,4092491.977591113
2021-10-15 04:00:00,Gemini,MATIC/USD,1.28552,1.63943,1.28552,1.54762,16037600.89138404,24820111.891523767
2021-10-14 04:00:00,Gemini,MATIC/USD,1.24417,1.28552,1.23551,1.28552,253413.29834727,325767.86329138256
2021-10-13 04:00:00,Gemini,MATIC/USD,1.24569,1.252,1.18935,1.24417,1729749.2668076,2152102.1452840115
2021-10-12 04:00:00,Gemini,MATIC/USD,1.20303,1.26223,1.15293,1.24569,1864076.67541467,2322061.6737973
2021-10-11 04:00:00,Gemini,MATIC/USD,1.27708,1.27708,1.19371,1.20303,974260.44503261,1172064.5431875808
2021-10-10 04:00:00,Gemini,MATIC/USD,1.3312,1.35799,1.22256,1.27708,1322191.25655073,1688544.0099158061
2021-10-09 04:00:00,Gemini,MATIC/USD,1.37888,1.37888,1.30567,1.3312,1997836.56639782,2659520.0371887777
2021-10-08 04:00:00,Gemini,MATIC/USD,1.29214,1.43673,1.27914,1.37888,3707244.85163281,5111845.78101945
2021-10-07 04:00:00,Gemini,MATIC/USD,1.23779,1.30978,1.23779,1.29214,1833949.93034761,2369720.0629993607
2021-10-06 04:00:00,Gemini,MATIC/USD,1.28471,1.31216,1.22905,1.23779,1122356.14705708,1389241.215265783
2021-10-05 04:00:00,Gemini,MATIC/USD,1.29902,1.33838,1.27914,1.28471,1812333.84143289,2328323.409427248
2021-10-04 04:00:00,Gemini,MATIC/USD,1.25649,1.30817,1.23643,1.29902,1583211.71427559,2056623.6810782768
2021-10-03 04:00:00,Gemini,MATIC/USD,1.33619,1.34513,1.24853,1.25649,1966083.94529099,2470364.816418676
2021-10-02 04:00:00,Gemini,MATIC/USD,1.22682,1.35631,1.22516,1.33619,1844998.30744851,2465268.288429625
2021-10-01 04:00:00,Gemini,MATIC/USD,1.13668,1.26956,1.13033,1.22682,3731699.650088,4578123.7647209605
2021-09-30 04:00:00,Gemini,MATIC/USD,1.14744,1.16105,1.10434,1.13668,1039846.26486197,1181972.452343304
2021-09-29 04:00:00,Gemini,MATIC/USD,1.08864,1.14744,1.06602,1.14744,1057804.03786775,1213766.6652109711
2021-09-28 04:00:00,Gemini,MATIC/USD,1.10394,1.11174,1.04467,1.08864,1457912.26596611,1587141.609221346
2021-09-27 04:00:00,Gemini,MATIC/USD,1.14576,1.15431,1.08085,1.10394,1457115.54910528,1608568.139279283
2021-09-26 04:00:00,Gemini,MATIC/USD,1.0938,1.1696,1.03249,1.14576,2145464.69381655,2458187.62758725
2021-09-25 04:00:00,Gemini,MATIC/USD,1.13311,1.14474,1.07973,1.0938,1584853.66610748,1733512.9399883617
2021-09-24 04:00:00,Gemini,MATIC/USD,1.1894,1.20624,1.05391,1.13311,3029107.50641897,3432312.006598399
2021-09-23 04:00:00,Gemini,MATIC/USD,1.23243,1.24653,1.17853,1.1894,1705307.23293281,2028292.4228502843
2021-09-22 04:00:00,Gemini,MATIC/USD,1.08195,1.23503,1.08195,1.23243,1541823.55958001,1900189.6095331914
2021-09-21 04:00:00,Gemini,MATIC/USD,1.14594,1.18772,1.01377,1.08195,2734375.97556578,2958458.0867633955
2021-09-20 04:00:00,Gemini,MATIC/USD,1.24461,1.27883,1.06951,1.14594,7626826.72290304,8739885.81484351
2021-09-19 04:00:00,Gemini,MATIC/USD,1.35536,1.36818,1.23551,1.24461,1886639.84702521,2348130.8200060464
2021-09-18 04:00:00,Gemini,MATIC/USD,1.40788,1.439,1.33703,1.35536,1485580.45405154,2013496.3242032952
2021-09-17 04:00:00,Gemini,MATIC/USD,1.38522,1.44022,1.3015,1.40788,3337050.77059236,4698167.038901571
2021-09-16 04:00:00,Gemini,MATIC/USD,1.43396,1.49715,1.34813,1.38522,2636127.49014786,3651616.521902618
2021-09-15 04:00:00,Gemini,MATIC/USD,1.34654,1.48292,1.34654,1.43396,1834247.06075431,2630236.9152392503
2021-09-14 04:00:00,Gemini,MATIC/USD,1.26587,1.36018,1.23818,1.34654,2584353.75393255,3479935.703820336
2021-09-13 04:00:00,Gemini,MATIC/USD,1.25285,1.29858,1.2,1.26587,2429788.06600174,3075795.8191096224
2021-09-12 04:00:00,Gemini,MATIC/USD,1.33512,1.37215,1.25285,1.25285,2160251.47469753,2706471.0600748
2021-09-11 04:00:00,Gemini,MATIC/USD,1.29559,1.37185,1.28266,1.33512,2223956.46499818,2969248.7555483705
2021-09-10 04:00:00,Gemini,MATIC/USD,1.41929,1.44863,1.26631,1.29559,4359220.27873331,5647762.200924089
2021-09-09 04:00:00,Gemini,MATIC/USD,1.31528,1.46533,1.31166,1.41929,7047097.89678921,10001875.573933957
2021-09-08 04:00:00,Gemini,MATIC/USD,1.32975,1.37596,1.28253,1.31528,2038636.82144071,2681378.238504537
2021-09-07 04:00:00,Gemini,MATIC/USD,1.64712,1.67138,1.11724,1.32975,10579319.91685958,14067850.659444027
2021-09-06 04:00:00,Gemini,MATIC/USD,1.68327,1.71712,1.56861,1.64712,3730241.12813006,6144154.766965585
2021-09-05 04:00:00,Gemini,MATIC/USD,1.70923,1.79793,1.635,1.68327,3977482.99385356,6695177.799063883
2021-09-04 04:00:00,Gemini,MATIC/USD,1.47234,1.76653,1.46161,1.70923,7808324.84751373,13346223.079115892
2021-09-03 04:00:00,Gemini,MATIC/USD,1.4588,1.49937,1.42913,1.47234,3840290.63867421,5654213.518945586
2021-09-02 04:00:00,Gemini,MATIC/USD,1.47848,1.5204,1.40393,1.4588,3679253.87259828,5367295.549346372
2021-09-01 04:00:00,Gemini,MATIC/USD,1.33355,1.4901,1.33355,1.47848,1851368.77819707,2737211.711188804
2021-08-31 04:00:00,Gemini,MATIC/USD,1.34832,1.41832,1.31166,1.33355,3753074.89162827,5004913.021730879
2021-08-30 04:00:00,Gemini,MATIC/USD,1.38241,1.40854,1.3032,1.34832,2541611.37345799,3426905.447060877
2021-08-29 04:00:00,Gemini,MATIC/USD,1.40911,1.43995,1.37003,1.38241,1530964.49791183,2116420.6315582925
2021-08-28 04:00:00,Gemini,MATIC/USD,1.48507,1.4992,1.40204,1.40911,1385402.22916446,1952184.1351379324
2021-08-27 04:00:00,Gemini,MATIC/USD,1.36945,1.53176,1.35795,1.48507,2788693.42342829,4141404.9423306505
2021-08-26 04:00:00,Gemini,MATIC/USD,1.45719,1.47175,1.35193,1.36945,2711484.81809596,3713242.8841415127
2021-08-25 04:00:00,Gemini,MATIC/USD,1.49072,1.55411,1.4454,1.45719,1243214.28962308,1811599.430695856
2021-08-24 04:00:00,Gemini,MATIC/USD,1.60391,1.62764,1.45,1.49072,5567745.54334477,8299949.636374915
2021-08-23 04:00:00,Gemini,MATIC/USD,1.66998,1.67937,1.58126,1.60391,1450620.78402666,2326665.1817082004
2021-08-22 04:00:00,Gemini,MATIC/USD,1.63769,1.68856,1.55864,1.66998,2681474.58419255,4478008.926109875
2021-08-21 04:00:00,Gemini,MATIC/USD,1.62799,1.7,1.57546,1.63769,5352627.90125313,8765945.187603239
2021-08-20 04:00:00,Gemini,MATIC/USD,1.50568,1.64167,1.47119,1.62799,3176929.94411996,5172010.179727854
2021-08-19 04:00:00,Gemini,MATIC/USD,1.30717,1.53923,1.30197,1.50568,3556965.04510103,5355651.129107718
2021-08-18 04:00:00,Gemini,MATIC/USD,1.35465,1.40909,1.29368,1.30717,1716483.37300287,2243735.5706881615
2021-08-17 04:00:00,Gemini,MATIC/USD,1.45503,1.53307,1.27482,1.35465,4237651.90765224,5740535.156701107
2021-08-16 04:00:00,Gemini,MATIC/USD,1.45477,1.56082,1.37151,1.45503,4551335.55583226,6622329.773802614
2021-08-15 04:00:00,Gemini,MATIC/USD,1.43638,1.49309,1.37081,1.45477,2508929.63972859,3649915.5719879605
2021-08-14 04:00:00,Gemini,MATIC/USD,1.48414,1.50981,1.40329,1.43638,2180661.48614067,3132258.5454627355
2021-08-13 04:00:00,Gemini,MATIC/USD,1.38636,1.51642,1.36375,1.48414,3844972.46758606,5706477.438043175
2021-08-12 04:00:00,Gemini,MATIC/USD,1.42984,1.44489,1.25892,1.38636,4602244.67066932,6380367.921629119
2021-08-11 04:00:00,Gemini,MATIC/USD,1.22053,1.48037,1.22053,1.42984,4198486.48782062,6003163.919745435
2021-08-10 04:00:00,Gemini,MATIC/USD,1.12106,1.22339,1.109,1.22053,2519714.86306205,3075387.581813124
2021-08-09 04:00:00,Gemini,MATIC/USD,1.0781,1.15791,1.06347,1.12106,1774349.01472194,1989151.706444178
2021-08-08 04:00:00,Gemini,MATIC/USD,1.15487,1.179,1.0394,1.0781,2057506.4180189,2218197.6692661764
2021-08-07 04:00:00,Gemini,MATIC/USD,1.14194,1.19676,1.113,1.15487,2393018.07036094,2763624.7789177387
2021-08-06 04:00:00,Gemini,MATIC/USD,1.03995,1.15104,1.03635,1.14194,2010626.35063242,2296014.6548411855
2021-08-05 04:00:00,Gemini,MATIC/USD,1.05602,1.075,1.01151,1.03995,2069120.11176963,2151781.460234827
2021-08-04 04:00:00,Gemini,MATIC/USD,1.0203,1.0693,1.0203,1.05602,257532.35999066,271959.3227973368
2021-08-03 04:00:00,Gemini,MATIC/USD,1.03041,1.03877,1.00597,1.0203,718568.19914821,733155.1335909186
2021-08-02 04:00:00,Gemini,MATIC/USD,1.04627,1.07863,1.02396,1.03041,967071.35228009,996479.9921029275
2021-08-01 04:00:00,Gemini,MATIC/USD,1.12197,1.13693,1.02123,1.04627,1393501.65943486,1457978.9812169112
2021-07-31 04:00:00,Gemini,MATIC/USD,1.047,1.12613,1.02602,1.12197,1161791.90787875,1303495.666882721
2021-07-30 04:00:00,Gemini,MATIC/USD,1.06536,1.07086,0.9966,1.047,1042911.48139194,1091928.3210173612
2021-07-29 04:00:00,Gemini,MATIC/USD,0.99932,1.07226,0.99932,1.06536,696198.61916515,741702.1609137843
2021-07-28 04:00:00,Gemini,MATIC/USD,1.03165,1.03165,0.99106,0.99932,321685.36687016,321466.62082068826
2021-07-27 04:00:00,Gemini,MATIC/USD,0.96105,1.06266,0.9588,1.03165,3025033.04473681,3120775.34060273
2021-07-26 04:00:00,Gemini,MATIC/USD,1.0349,1.13667,0.9387,0.96105,4297184.13287641,4129808.810900874
2021-07-25 04:00:00,Gemini,MATIC/USD,0.93271,1.05,0.88774,1.0349,2658037.59347886,2750803.1054912717
2021-07-24 04:00:00,Gemini,MATIC/USD,0.93683,0.98862,0.91182,0.93271,2177824.40383669,2031278.5997025191
2021-07-23 04:00:00,Gemini,MATIC/USD,0.90422,0.95745,0.86072,0.93683,2009283.61773332,1882357.1716011062
2021-07-22 04:00:00,Gemini,MATIC/USD,0.87097,0.93149,0.85809,0.90422,3273465.57643673,2959933.0435256204
2021-07-21 04:00:00,Gemini,MATIC/USD,0.70781,0.93357,0.70781,0.87097,3910873.49733916,3406253.4899774883
2021-07-20 04:00:00,Gemini,MATIC/USD,0.67504,0.72789,0.62345,0.70781,4645935.12133822,3288439.338234406
2021-07-19 04:00:00,Gemini,MATIC/USD,0.78933,0.79956,0.66118,0.67504,2624898.20877993,1771911.286854804
2021-07-18 04:00:00,Gemini,MATIC/USD,0.83071,0.86054,0.77918,0.78933,785222.39464888,619799.5927682004
2021-07-17 04:00:00,Gemini,MATIC/USD,0.78688,0.84842,0.78268,0.83071,934980.86430553,776697.9537872467
2021-07-16 04:00:00,Gemini,MATIC/USD,0.89159,0.8967,0.78639,0.78688,981966.44260855,772689.7543598159
2021-07-15 04:00:00,Gemini,MATIC/USD,0.91378,0.91766,0.85741,0.89159,940833.87230185,838838.0722056064
2021-07-14 04:00:00,Gemini,MATIC/USD,0.89164,0.96603,0.89164,0.91378,462355.27551531,422491.00366037997
2021-07-13 04:00:00,Gemini,MATIC/USD,0.98335,0.99375,0.885,0.89164,920430.23453776,820692.4143232483
2021-07-12 04:00:00,Gemini,MATIC/USD,1.04797,1.04885,0.96224,0.98335,1017082.79514611,1000148.3666069272
2021-07-11 04:00:00,Gemini,MATIC/USD,1.0258,1.05806,1.02175,1.04797,367583.88291665,385216.8817801617
2021-07-10 04:00:00,Gemini,MATIC/USD,1.04342,1.05394,1.02017,1.0258,337061.41112236,345757.59552931687
2021-07-09 04:00:00,Gemini,MATIC/USD,1.03807,1.07192,1.0224,1.04342,638958.43499425,666702.0102417003
2021-07-08 04:00:00,Gemini,MATIC/USD,1.11362,1.1155,1.004,1.03807,1505494.907125,1562809.0982392486
2021-07-07 04:00:00,Gemini,MATIC/USD,1.14944,1.1788,1.10387,1.11362,1300130.83732852,1447851.7030657865
2021-07-06 04:00:00,Gemini,MATIC/USD,1.12252,1.16776,1.10388,1.14944,1089737.20588737,1252587.5339351785
2021-07-05 04:00:00,Gemini,MATIC/USD,1.12853,1.1476,1.08301,1.12252,777422.12666379,872671.8856226375
2021-07-04 04:00:00,Gemini,MATIC/USD,1.1071,1.18097,1.10694,1.12853,2590416.55190562,2923362.791322049
2021-07-03 04:00:00,Gemini,MATIC/USD,1.08622,1.14552,1.0857,1.1071,504305.23412064,558316.3246949605
2021-07-02 04:00:00,Gemini,MATIC/USD,1.06363,1.11045,1.043,1.08622,1030358.60125853,1119196.1198590405
2021-07-01 04:00:00,Gemini,MATIC/USD,1.11404,1.13292,1.06207,1.06363,1336784.13829871,1421843.7130186572
2021-06-30 04:00:00,Gemini,MATIC/USD,1.12886,1.17166,1.08,1.11404,1158190.70846499,1290270.7768583372
2021-06-29 04:00:00,Gemini,MATIC/USD,1.12799,1.25,1.12784,1.12886,2546038.40685574,2874120.9159631706
2021-06-28 04:00:00,Gemini,MATIC/USD,1.08816,1.16512,1.0878,1.12799,2998037.58227123,3381756.412426125
2021-06-27 04:00:00,Gemini,MATIC/USD,1.09963,1.11886,1.03424,1.08816,2584997.32598213,2812890.6902407147
2021-06-26 04:00:00,Gemini,MATIC/USD,1.07597,1.11205,1.00059,1.09963,7292002.76585486,8018505.00141698
2021-06-25 04:00:00,Gemini,MATIC/USD,1.21381,1.21543,1.03048,1.07597,15820906.35439936,17022820.61014308
2021-06-24 04:00:00,Gemini,MATIC/USD,1.17354,1.21381,1.17354,1.21381,976.250625,1184.98277113125
2021-06-23 04:00:00,Gemini,MATIC/USD,1.17515,1.19537,1.10992,1.17354,2826968.83286171,3317561.004116531
2021-06-22 04:00:00,Gemini,MATIC/USD,1.21076,1.21994,0.92863,1.17515,12246745.76659553,14391763.287614735
2021-06-21 04:00:00,Gemini,MATIC/USD,1.32956,1.3714,1.02254,1.21076,7575462.22728155,9172066.64630341
2021-06-20 04:00:00,Gemini,MATIC/USD,1.37165,1.4368,1.28185,1.32956,3884541.69870266,5164731.260927109
2021-06-19 04:00:00,Gemini,MATIC/USD,1.36391,1.42824,1.33405,1.37165,1586221.08253221,2175740.147855306
2021-06-18 04:00:00,Gemini,MATIC/USD,1.48891,1.49004,1.3044,1.36391,4689507.8991477,6396066.718726539
2021-06-17 04:00:00,Gemini,MATIC/USD,1.50697,1.55686,1.45773,1.48891,3190345.83226137,4750137.813112277
2021-06-16 04:00:00,Gemini,MATIC/USD,1.60251,1.60251,1.44694,1.50697,903964.0230389,1362246.663798931
2021-06-15 04:00:00,Gemini,MATIC/USD,1.59226,1.7081,1.56421,1.60251,5324513.36269823,8532585.908857541
2021-06-14 04:00:00,Gemini,MATIC/USD,1.42746,1.60379,1.42437,1.59226,5913522.18821578,9415864.839408457
2021-06-13 04:00:00,Gemini,MATIC/USD,1.36594,1.49713,1.31501,1.42746,5291733.1624622,7553737.420088292
2021-06-12 04:00:00,Gemini,MATIC/USD,1.23447,1.425,1.18598,1.36594,4542064.60450908,6204187.725883132
2021-06-11 04:00:00,Gemini,MATIC/USD,1.35561,1.38248,1.15915,1.23447,3578127.48310832,4417091.034072727
2021-06-10 04:00:00,Gemini,MATIC/USD,1.45755,1.46896,1.32232,1.35561,4255441.01599164,5768718.395688428
2021-06-09 04:00:00,Gemini,MATIC/USD,1.39246,1.53414,1.39246,1.45755,2711698.12283305,3952435.5989353117
2021-06-08 04:00:00,Gemini,MATIC/USD,1.43099,1.5195,1.27854,1.39246,8251625.22530893,11490058.061233673
2021-06-07 04:00:00,Gemini,MATIC/USD,1.70434,1.72561,1.3619,1.43099,6826438.35084359,9768565.015673669
2021-06-06 04:00:00,Gemini,MATIC/USD,1.55011,1.7297,1.52323,1.70434,4042190.62867223,6889267.176071228
2021-06-05 04:00:00,Gemini,MATIC/USD,1.64408,1.69806,1.44731,1.55011,4121123.61864129,6388194.93249205
2021-06-04 04:00:00,Gemini,MATIC/USD,1.71353,1.71883,1.55184,1.64408,4027518.7952043,6621563.100819485
2021-06-03 04:00:00,Gemini,MATIC/USD,1.80415,1.8545,1.59361,1.71353,3309234.03813956,5670471.80137328
2021-06-02 04:00:00,Gemini,MATIC/USD,1.78693,1.88901,1.76223,1.80415,2105198.9968554,3798094.7701766696
2021-06-01 04:00:00,Gemini,MATIC/USD,1.8892,1.94835,1.75,1.78693,2305192.4854679,4119217.6080571543
2021-05-31 04:00:00,Gemini,MATIC/USD,1.79881,1.985,1.7781,1.8892,3735606.25483229,7057307.336629163
2021-05-30 04:00:00,Gemini,MATIC/USD,1.72582,1.9716,1.70058,1.79881,3963322.59288752,7129264.313312
2021-05-29 04:00:00,Gemini,MATIC/USD,1.8283,1.86877,1.51574,1.72582,5204769.59180411,8982495.45692737
2021-05-28 04:00:00,Gemini,MATIC/USD,2.00345,2.03,1.6632,1.8283,5919498.88531248,10822619.812016807
2021-05-27 04:00:00,Gemini,MATIC/USD,2.03768,2.134,1.92621,2.00345,2511443.25996794,5031550.999182769
2021-05-26 04:00:00,Gemini,MATIC/USD,2.29346,2.43999,1.8601,2.03768,10171570.68122661,20726406.145721838
2021-05-25 04:00:00,Gemini,MATIC/USD,1.65359,2.29499,1.51631,2.29346,10168037.52346086,23319987.338556543
2021-05-24 04:00:00,Gemini,MATIC/USD,1.24218,1.98904,1.24056,1.65359,16424929.86167223,27160099.769962583
2021-05-23 04:00:00,Gemini,MATIC/USD,1.17245,1.31378,0.7461,1.24218,16202327.7020576,20126207.424941912
2021-05-22 04:00:00,Gemini,MATIC/USD,1.45668,1.50134,1.12787,1.17245,7590573.27438856,8899567.635556867
2021-05-21 04:00:00,Gemini,MATIC/USD,1.81534,1.81534,1.19748,1.45668,5091744.79265379,7417042.804562923
2021-05-20 04:00:00,Gemini,MATIC/USD,1.5994,2.20999,1.59268,1.81534,7229290.57570399,13123620.35369848
2021-05-19 04:00:00,Gemini,MATIC/USD,2.2098,2.63927,1.3432,1.5994,13375593.73997114,21392924.62770984
2021-05-18 04:00:00,Gemini,MATIC/USD,2.02104,2.7185,1.98406,2.2098,12948838.17289375,28614342.594460607
2021-05-17 04:00:00,Gemini,MATIC/USD,1.53576,2.03937,1.48,2.02104,7192639.80537408,14536612.752253233
2021-05-16 04:00:00,Gemini,MATIC/USD,1.60214,1.82749,1.4646,1.53576,5574548.31667857,8561168.32282228
2021-05-15 04:00:00,Gemini,MATIC/USD,1.68086,1.92043,1.5263,1.60214,7817002.66495304,12523932.649627862
2021-05-14 04:00:00,Gemini,MATIC/USD,1.13111,1.8,1.09978,1.68086,9707724.81150811,16317326.326671522
2021-05-13 04:00:00,Gemini,MATIC/USD,1.06806,1.16368,1.0003,1.13111,3803989.81767649,4302730.922672055
2021-05-12 04:00:00,Gemini,MATIC/USD,1.12629,1.23071,0.95835,1.06806,6472163.98435762,6912659.465132999
2021-05-11 04:00:00,Gemini,MATIC/USD,0.81802,1.18,0.81252,1.12629,4572617.94616197,5150093.866582764
2021-05-10 04:00:00,Gemini,MATIC/USD,0.93718,0.97796,0.7834,0.81802,3155876.03606268,2581569.7150199935
2021-05-09 04:00:00,Gemini,MATIC/USD,0.84573,1.05815,0.79488,0.93718,6627644.38599959,6211295.765671096
2021-05-08 04:00:00,Gemini,MATIC/USD,0.75856,0.8852,0.74638,0.84573,3358537.47428771,2840415.898129345
2021-05-07 04:00:00,Gemini,MATIC/USD,0.762,0.79623,0.73294,0.75856,1447614.0489974,1098102.113007468
2021-05-06 04:00:00,Gemini,MATIC/USD,0.79718,0.80929,0.728,0.762,1369744.36814465,1043745.2085262233
2021-05-05 04:00:00,Gemini,MATIC/USD,0.73012,0.83776,0.71245,0.79718,3686755.06844264,2939007.4054611037
2021-05-04 04:00:00,Gemini,MATIC/USD,0.75911,0.8,0.69,0.73012,3018202.51383002,2203650.019397574
2021-05-03 04:00:00,Gemini,MATIC/USD,0.82541,0.86827,0.7509,0.75911,3024988.16137967,2296298.763184921
2021-05-02 04:00:00,Gemini,MATIC/USD,0.75955,0.829,0.74353,0.82541,1595394.56404406,1316854.6271076074
2021-05-01 04:00:00,Gemini,MATIC/USD,0.83101,0.84048,0.75765,0.75955,1945336.71631866,1477580.502879838
2021-04-30 04:00:00,Gemini,MATIC/USD,0.88035,0.88035,0.78418,0.83101,2365583.36766914,1965823.4343667321
2021-04-29 04:00:00,Gemini,MATIC/USD,0.0,0.94451,0.0,0.88035,5522988.11799195,4862162.589674213
