Datetime,Exchange,Symbol_Pair,Open,High,Low,Close,Volume_in_LTC,Volume_USD
2022-12-26 04:00:00,Gemini,LTC/USD,69.06,71.5,68.62,70.38,5232.18601,368241.2513838
2022-12-25 04:00:00,Gemini,LTC/USD,65.82,69.85,65.38,69.06,2634.508,181939.12248
2022-12-24 04:00:00,Gemini,LTC/USD,65.58,65.97,65.11,65.82,1726.30174,113625.1805268
2022-12-23 04:00:00,Gemini,LTC/USD,66.24,66.35,64.92,65.58,2529.44428,165880.9558824
2022-12-22 04:00:00,Gemini,LTC/USD,65.5,66.6,64.25,66.24,1650.21906,109310.51053439999
2022-12-21 04:00:00,Gemini,LTC/USD,65.44,65.9,64.71,65.5,4111.41913,269297.95301500004
2022-12-20 04:00:00,Gemini,LTC/USD,64.84,66.76,64.27,65.44,4882.72442,319525.48604479997
2022-12-19 04:00:00,Gemini,LTC/USD,62.59,65.36,61.02,64.84,5195.9563,336905.806492
2022-12-18 04:00:00,Gemini,LTC/USD,64.86,65.87,61.62,62.59,4318.79544,270313.4065896
2022-12-17 04:00:00,Gemini,LTC/USD,66.38,66.89,62.59,64.86,6960.41699,451452.64597139996
2022-12-16 04:00:00,Gemini,LTC/USD,73.2,73.32,65.05,66.38,7417.31208,492361.1758703999
2022-12-15 04:00:00,Gemini,LTC/USD,74.9,74.9,71.77,73.2,2290.28431,167648.811492
2022-12-14 04:00:00,Gemini,LTC/USD,78.46,78.97,73.69,74.9,7635.82807,571923.522443
2022-12-13 04:00:00,Gemini,LTC/USD,76.87,79.71,74.46,78.46,7300.00287,572758.2251802
2022-12-12 04:00:00,Gemini,LTC/USD,74.3,77.25,73.6,76.87,6249.53645,480401.8669115
2022-12-11 04:00:00,Gemini,LTC/USD,77.34,78.32,74.1,74.3,3545.06222,263398.12294599996
2022-12-10 04:00:00,Gemini,LTC/USD,76.45,77.97,75.7,77.34,2008.98403,155374.8248802
2022-12-09 04:00:00,Gemini,LTC/USD,78.02,78.61,75.88,76.45,3094.24766,236555.233607
2022-12-08 04:00:00,Gemini,LTC/USD,76.56,78.83,74.52,78.02,4744.37632,370156.2404864
2022-12-07 04:00:00,Gemini,LTC/USD,79.25,79.25,75.88,76.56,1849.7487,141616.76047200002
2022-12-06 04:00:00,Gemini,LTC/USD,81.6,81.6,77.61,79.25,6597.95236,522887.72453
2022-12-05 04:00:00,Gemini,LTC/USD,77.9,84.92,77.84,81.6,20066.40937,1637419.004592
2022-12-04 04:00:00,Gemini,LTC/USD,76.56,78.6,75.83,77.9,4272.76457,332848.36000300007
2022-12-03 04:00:00,Gemini,LTC/USD,77.16,77.48,75.45,76.56,3286.43293,251609.3051208
2022-12-02 04:00:00,Gemini,LTC/USD,75.92,78.15,75.52,77.16,3576.81568,275987.0978688
2022-12-01 04:00:00,Gemini,LTC/USD,77.32,78.5,75.47,75.92,1197.31223,90899.9445016
2022-11-30 04:00:00,Gemini,LTC/USD,78.34,80.57,76.28,77.32,4946.93273,382496.8386836
2022-11-29 04:00:00,Gemini,LTC/USD,75.66,80.57,74.93,78.34,9431.48938,738862.8780292001
2022-11-28 04:00:00,Gemini,LTC/USD,72.4,76.36,70.5,75.66,13053.6476,987638.977416
2022-11-27 04:00:00,Gemini,LTC/USD,77.5,79.18,71.24,72.4,6573.95255,475954.16462000005
2022-11-26 04:00:00,Gemini,LTC/USD,74.8,79.65,74.77,77.5,11702.91924,906976.2411
2022-11-25 04:00:00,Gemini,LTC/USD,77.63,77.93,73.25,74.8,13433.60914,1004833.963672
2022-11-24 04:00:00,Gemini,LTC/USD,76.36,79.67,74.94,77.63,13632.51312,1058291.9935056
2022-11-23 04:00:00,Gemini,LTC/USD,81.61,81.61,75.69,76.36,18154.54911,1386281.3700396
2022-11-22 04:00:00,Gemini,LTC/USD,62.33,83.23,61.0,81.61,20067.96369,1637746.5167409
2022-11-21 04:00:00,Gemini,LTC/USD,60.23,62.74,59.27,62.33,5825.63877,363112.06453409995
2022-11-20 04:00:00,Gemini,LTC/USD,63.57,63.79,59.16,60.23,3759.10508,226410.89896839997
2022-11-19 04:00:00,Gemini,LTC/USD,62.07,64.75,61.77,63.57,3886.05119,247036.2741483
2022-11-18 04:00:00,Gemini,LTC/USD,62.48,63.36,61.25,62.07,5455.62337,338630.54257590004
2022-11-17 04:00:00,Gemini,LTC/USD,57.64,63.54,57.05,62.48,10722.43827,669937.9431096
2022-11-16 04:00:00,Gemini,LTC/USD,59.06,59.06,56.81,57.64,5975.3591,344419.698524
2022-11-15 04:00:00,Gemini,LTC/USD,57.99,60.0,57.19,59.06,4678.98874,276341.0749844
2022-11-14 04:00:00,Gemini,LTC/USD,56.05,59.11,53.45,57.99,9711.78292,563186.2915308
2022-11-13 04:00:00,Gemini,LTC/USD,59.76,59.85,55.36,56.05,3157.08253,176954.4758065
2022-11-12 04:00:00,Gemini,LTC/USD,60.01,60.84,58.03,59.76,7963.80603,475917.04835279996
2022-11-11 04:00:00,Gemini,LTC/USD,60.07,63.99,58.36,60.01,11679.77338,700903.2005338001
2022-11-10 04:00:00,Gemini,LTC/USD,52.87,63.65,52.32,60.07,11673.10324,701203.3116268
2022-11-09 04:00:00,Gemini,LTC/USD,59.26,59.26,47.53,52.87,14110.24108,746008.4458995999
2022-11-08 04:00:00,Gemini,LTC/USD,64.38,68.77,53.89,59.26,29673.63301,1758459.4921726
2022-11-07 04:00:00,Gemini,LTC/USD,71.56,72.0,64.34,64.38,18102.33387,1165428.2545505997
2022-11-06 04:00:00,Gemini,LTC/USD,69.07,73.27,67.57,71.56,12603.31984,901893.5677504
2022-11-05 04:00:00,Gemini,LTC/USD,68.47,71.87,67.84,69.07,15435.6025,1066137.064675
2022-11-04 04:00:00,Gemini,LTC/USD,62.48,70.46,62.4,68.47,25998.88956,1780143.9681732
2022-11-03 04:00:00,Gemini,LTC/USD,63.26,63.65,60.18,62.48,11633.41763,726855.9335224
2022-11-02 04:00:00,Gemini,LTC/USD,55.39,64.71,55.39,63.26,9495.90996,600711.2640696
2022-11-01 04:00:00,Gemini,LTC/USD,54.97,55.95,54.54,55.39,15171.99537,840376.8235443
2022-10-31 04:00:00,Gemini,LTC/USD,55.39,56.43,53.91,54.97,18943.69214,1041334.7569358
2022-10-30 04:00:00,Gemini,LTC/USD,56.71,57.24,54.27,55.39,7970.06417,441461.8543763
2022-10-29 04:00:00,Gemini,LTC/USD,55.49,57.59,54.94,56.71,12296.95061,697360.0690931
2022-10-28 04:00:00,Gemini,LTC/USD,54.55,55.55,53.55,55.49,10263.76383,569536.2549267
2022-10-27 04:00:00,Gemini,LTC/USD,56.29,56.67,54.07,54.55,13040.63744,711366.772352
2022-10-26 04:00:00,Gemini,LTC/USD,56.44,56.5,55.7,56.29,746.16456,42001.603082400004
2022-10-25 04:00:00,Gemini,LTC/USD,52.85,56.85,52.31,56.44,21373.09182,1206297.3023208
2022-10-24 04:00:00,Gemini,LTC/USD,53.39,53.51,52.13,52.85,12669.01582,669557.486087
2022-10-23 04:00:00,Gemini,LTC/USD,52.22,54.2,51.87,53.39,6151.26485,328416.0303415
2022-10-22 04:00:00,Gemini,LTC/USD,51.54,52.53,51.49,52.22,7652.07684,399591.45258479996
2022-10-21 04:00:00,Gemini,LTC/USD,50.93,51.79,49.59,51.54,9839.33231,507119.18725739996
2022-10-20 04:00:00,Gemini,LTC/USD,50.95,52.09,50.7,50.93,11149.5546,567846.8157779999
2022-10-19 04:00:00,Gemini,LTC/USD,51.71,51.71,50.52,50.95,3296.08952,167935.761044
2022-10-18 04:00:00,Gemini,LTC/USD,51.9,52.2,50.79,51.71,11643.29112,602074.5838152
2022-10-17 04:00:00,Gemini,LTC/USD,51.29,52.12,51.16,51.9,12056.79039,625747.421241
2022-10-16 04:00:00,Gemini,LTC/USD,50.57,51.81,50.57,51.29,4438.82836,227667.50658440002
2022-10-15 04:00:00,Gemini,LTC/USD,51.35,51.64,50.3,50.57,6436.72382,325505.1235774
2022-10-14 04:00:00,Gemini,LTC/USD,52.43,52.44,50.94,51.35,5607.51395,287945.8413325
2022-10-13 04:00:00,Gemini,LTC/USD,51.89,52.57,48.31,52.43,27575.55906,1445786.5615158
2022-10-12 04:00:00,Gemini,LTC/USD,52.18,52.53,51.55,51.89,5650.33815,293196.04660349997
2022-10-11 04:00:00,Gemini,LTC/USD,51.65,52.59,51.37,52.18,8436.20877,440201.37361859996
2022-10-10 04:00:00,Gemini,LTC/USD,53.98,54.39,51.3,51.65,6918.14198,357322.033267
2022-10-09 04:00:00,Gemini,LTC/USD,52.85,54.46,52.81,53.98,7835.8411,422978.70257799997
2022-10-08 04:00:00,Gemini,LTC/USD,53.2,53.53,52.46,52.85,5003.05565,264411.4911025
2022-10-07 04:00:00,Gemini,LTC/USD,53.51,53.85,52.31,53.2,6661.17795,354374.66694
2022-10-06 04:00:00,Gemini,LTC/USD,54.72,54.77,53.24,53.51,3181.4894,170241.497794
2022-10-05 04:00:00,Gemini,LTC/USD,54.94,55.19,53.35,54.72,5475.36532,299611.99031039997
2022-10-04 04:00:00,Gemini,LTC/USD,54.34,55.8,53.89,54.94,10958.09656,602037.8250064
2022-10-03 04:00:00,Gemini,LTC/USD,52.43,54.47,51.99,54.34,10356.70667,562783.4404478
2022-10-02 04:00:00,Gemini,LTC/USD,52.97,53.43,51.5,52.43,5248.69251,275188.9482993
2022-10-01 04:00:00,Gemini,LTC/USD,53.47,53.83,52.5,52.97,8751.17893,463549.94792209996
2022-09-30 04:00:00,Gemini,LTC/USD,53.63,55.08,52.9,53.47,19402.01394,1037425.6853718
2022-09-29 04:00:00,Gemini,LTC/USD,53.51,54.19,52.27,53.63,14314.06279,767663.1874277
2022-09-28 04:00:00,Gemini,LTC/USD,51.9,53.81,51.9,53.51,3739.09254,200078.8418154
2022-09-27 04:00:00,Gemini,LTC/USD,54.93,55.58,51.02,51.9,12658.3107,656966.32533
2022-09-26 04:00:00,Gemini,LTC/USD,52.88,55.35,51.88,54.93,16481.01891,905302.3687263
2022-09-25 04:00:00,Gemini,LTC/USD,54.2,54.33,52.08,52.88,6504.31901,343948.3892488
2022-09-24 04:00:00,Gemini,LTC/USD,54.78,55.89,53.2,54.2,8935.39598,484298.462116
2022-09-23 04:00:00,Gemini,LTC/USD,54.08,55.58,51.44,54.78,11048.38718,605230.6497204
2022-09-22 04:00:00,Gemini,LTC/USD,51.66,54.4,51.66,54.08,6558.35603,354675.8941024
2022-09-21 04:00:00,Gemini,LTC/USD,52.41,55.43,50.34,51.66,7273.61562,375754.98292919993
2022-09-20 04:00:00,Gemini,LTC/USD,52.12,53.84,50.87,52.41,13599.05552,712726.4998031999
2022-09-19 04:00:00,Gemini,LTC/USD,51.18,53.22,50.22,52.12,13360.58351,696353.6125412
2022-09-18 04:00:00,Gemini,LTC/USD,57.24,57.46,50.03,51.18,24402.47524,1248918.6827832
2022-09-17 04:00:00,Gemini,LTC/USD,56.36,58.41,56.02,57.24,5288.28771,302701.5885204
2022-09-16 04:00:00,Gemini,LTC/USD,55.79,56.7,54.63,56.36,20483.38612,1154443.6417232
2022-09-15 04:00:00,Gemini,LTC/USD,59.03,60.85,55.28,55.79,13240.73812,738700.7797148
2022-09-14 04:00:00,Gemini,LTC/USD,59.94,60.78,58.35,59.03,6812.42427,402137.40465810004
2022-09-13 04:00:00,Gemini,LTC/USD,61.99,67.61,58.38,59.94,19161.64202,1148548.8226788
2022-09-12 04:00:00,Gemini,LTC/USD,60.62,62.89,56.65,61.99,16113.65247,998885.3166153001
2022-09-11 04:00:00,Gemini,LTC/USD,63.77,63.8,60.57,60.62,14675.02332,889599.9136584
2022-09-10 04:00:00,Gemini,LTC/USD,61.53,64.71,60.72,63.77,7954.84712,507280.60084240005
2022-09-09 04:00:00,Gemini,LTC/USD,59.46,61.93,59.38,61.53,32449.52663,1996619.3735439
2022-09-08 04:00:00,Gemini,LTC/USD,56.92,59.92,56.09,59.46,14551.50642,865232.5717332
2022-09-07 04:00:00,Gemini,LTC/USD,53.51,58.29,53.51,56.92,3736.74624,212695.5959808
2022-09-06 04:00:00,Gemini,LTC/USD,60.13,60.59,52.89,53.51,17284.86175,924912.9522424999
2022-09-05 04:00:00,Gemini,LTC/USD,60.72,62.68,59.26,60.13,10673.53083,641799.4088079
2022-09-04 04:00:00,Gemini,LTC/USD,59.69,61.59,58.65,60.72,8145.13994,494572.89715679997
2022-09-03 04:00:00,Gemini,LTC/USD,61.33,62.2,59.13,59.69,9212.87959,549916.7827271
2022-09-02 04:00:00,Gemini,LTC/USD,57.79,62.4,56.9,61.33,14592.83251,894978.4178383
2022-09-01 04:00:00,Gemini,LTC/USD,54.27,58.09,54.16,57.79,10712.62111,619082.3739469
2022-08-31 04:00:00,Gemini,LTC/USD,54.68,56.07,53.24,54.27,6061.11656,328936.79571120004
2022-08-30 04:00:00,Gemini,LTC/USD,55.67,56.31,51.84,54.68,8839.40442,483338.6336856
2022-08-29 04:00:00,Gemini,LTC/USD,54.87,56.7,53.76,55.67,10618.99663,591159.5423921
2022-08-28 04:00:00,Gemini,LTC/USD,52.85,55.99,52.52,54.87,9929.64638,544839.6968706
2022-08-27 04:00:00,Gemini,LTC/USD,52.76,53.41,51.72,52.85,5641.93114,298176.060749
2022-08-26 04:00:00,Gemini,LTC/USD,56.28,58.37,52.11,52.76,14076.8046,742692.2106959999
2022-08-25 04:00:00,Gemini,LTC/USD,56.15,57.52,55.85,56.28,11047.97958,621780.2907624
2022-08-24 04:00:00,Gemini,LTC/USD,55.96,57.53,55.96,56.15,4359.71359,244797.91807850002
2022-08-23 04:00:00,Gemini,LTC/USD,56.11,57.67,53.99,55.96,13100.92808,733127.9353568
2022-08-22 04:00:00,Gemini,LTC/USD,54.7,57.55,52.33,56.11,12627.31613,708518.7080542999
2022-08-21 04:00:00,Gemini,LTC/USD,54.02,55.97,53.64,54.7,5967.12849,326401.928403
2022-08-20 04:00:00,Gemini,LTC/USD,54.92,55.58,52.71,54.02,5682.86324,306988.2722248
2022-08-19 04:00:00,Gemini,LTC/USD,58.83,59.02,53.29,54.92,14054.64307,771880.9974044
2022-08-18 04:00:00,Gemini,LTC/USD,60.81,61.68,58.06,58.83,12166.54037,715757.5699671
2022-08-17 04:00:00,Gemini,LTC/USD,63.84,64.7,59.67,60.81,11921.67634,724957.1382354001
2022-08-16 04:00:00,Gemini,LTC/USD,60.81,64.32,60.12,63.84,8506.16087,543033.3099408
2022-08-15 04:00:00,Gemini,LTC/USD,64.62,64.62,59.72,60.81,16387.79752,996541.9671912
2022-08-14 04:00:00,Gemini,LTC/USD,64.82,65.8,62.47,64.62,11083.10982,716190.5565684
2022-08-13 04:00:00,Gemini,LTC/USD,64.0,65.71,63.3,64.82,3491.74552,226334.94460639998
2022-08-12 04:00:00,Gemini,LTC/USD,61.92,64.0,60.72,64.0,10131.85173,648438.51072
2022-08-11 04:00:00,Gemini,LTC/USD,62.06,62.9,60.89,61.92,3764.07403,233071.46393760003
2022-08-10 04:00:00,Gemini,LTC/USD,58.41,62.6,57.98,62.06,10737.24283,666353.2900298
2022-08-09 04:00:00,Gemini,LTC/USD,62.54,62.83,57.57,58.41,13332.28181,778738.5805221
2022-08-08 04:00:00,Gemini,LTC/USD,61.37,64.08,61.29,62.54,11974.9189,748911.428006
2022-08-07 04:00:00,Gemini,LTC/USD,60.45,62.03,60.28,61.37,6850.4379,420411.37392299995
2022-08-06 04:00:00,Gemini,LTC/USD,61.78,61.94,59.95,60.45,5837.19778,352858.605801
2022-08-05 04:00:00,Gemini,LTC/USD,61.5,62.55,60.44,61.78,9619.07206,594266.2718668
2022-08-04 04:00:00,Gemini,LTC/USD,58.88,61.58,58.03,61.5,8917.83992,548447.15508
2022-08-03 04:00:00,Gemini,LTC/USD,57.54,60.12,57.34,58.88,6014.8508,354154.415104
2022-08-02 04:00:00,Gemini,LTC/USD,57.17,59.68,56.65,57.54,11785.98665,678165.6718410001
2022-08-01 04:00:00,Gemini,LTC/USD,60.06,60.56,56.9,57.17,25317.69886,1447412.8438262
2022-07-31 04:00:00,Gemini,LTC/USD,60.96,63.0,59.36,60.06,11737.86299,704976.0511794
2022-07-30 04:00:00,Gemini,LTC/USD,61.34,64.11,60.0,60.96,10858.53266,661936.1509536001
2022-07-29 04:00:00,Gemini,LTC/USD,63.68,64.54,59.8,61.34,11666.05598,715595.8738132
2022-07-28 04:00:00,Gemini,LTC/USD,59.96,64.18,59.96,63.68,8829.64954,562272.0827072
2022-07-27 04:00:00,Gemini,LTC/USD,53.15,60.6,53.15,59.96,16283.32491,976348.1616036
2022-07-26 04:00:00,Gemini,LTC/USD,53.57,53.99,52.0,53.15,10315.61186,548274.7703590001
2022-07-25 04:00:00,Gemini,LTC/USD,56.12,56.81,52.84,53.57,9672.03414,518130.86887979996
2022-07-24 04:00:00,Gemini,LTC/USD,56.95,59.81,55.9,56.12,12659.51703,710452.0957236
2022-07-23 04:00:00,Gemini,LTC/USD,56.52,57.23,54.52,56.95,11655.91684,663804.464038
2022-07-22 04:00:00,Gemini,LTC/USD,57.56,59.21,55.43,56.52,19795.23974,1118826.9501048
2022-07-21 04:00:00,Gemini,LTC/USD,55.76,58.72,55.33,57.56,12176.79358,700896.2384648001
2022-07-20 04:00:00,Gemini,LTC/USD,58.37,61.75,55.14,55.76,29184.95473,1627353.0757448
2022-07-19 04:00:00,Gemini,LTC/USD,56.37,58.94,55.79,58.37,27327.79697,1595123.5091388999
2022-07-18 04:00:00,Gemini,LTC/USD,57.41,59.59,56.0,56.37,31668.97042,1785179.8625754
2022-07-17 04:00:00,Gemini,LTC/USD,55.55,57.86,54.5,57.41,18906.24067,1085407.2768646998
2022-07-16 04:00:00,Gemini,LTC/USD,51.51,56.2,51.11,55.55,22115.92851,1228539.8287305
2022-07-15 04:00:00,Gemini,LTC/USD,51.38,52.68,50.75,51.51,11682.11228,601745.6035428
2022-07-14 04:00:00,Gemini,LTC/USD,49.3,51.87,47.99,51.38,14519.91065,746033.0091970001
2022-07-13 04:00:00,Gemini,LTC/USD,47.82,49.79,47.82,49.3,4068.57796,200580.89342799998
2022-07-12 04:00:00,Gemini,LTC/USD,48.65,49.1,46.74,47.82,8148.58368,389665.2715776
2022-07-11 04:00:00,Gemini,LTC/USD,51.24,51.42,48.23,48.65,13528.98622,658185.179603
2022-07-10 04:00:00,Gemini,LTC/USD,53.93,55.02,50.71,51.24,11408.1861,584555.4557640001
2022-07-09 04:00:00,Gemini,LTC/USD,51.9,54.71,51.6,53.93,16305.76735,879370.0331855
2022-07-08 04:00:00,Gemini,LTC/USD,53.53,53.72,50.76,51.9,13009.87494,675212.509386
2022-07-07 04:00:00,Gemini,LTC/USD,49.94,53.95,49.74,53.53,19334.66298,1034984.5093194001
2022-07-06 04:00:00,Gemini,LTC/USD,49.72,50.66,49.49,49.94,4211.10962,210302.8144228
2022-07-05 04:00:00,Gemini,LTC/USD,51.69,52.35,47.92,49.72,15752.26979,783202.8539588
2022-07-04 04:00:00,Gemini,LTC/USD,49.95,52.35,49.82,51.69,9714.41422,502138.0710318
2022-07-03 04:00:00,Gemini,LTC/USD,50.41,52.02,49.1,49.95,11727.50401,585788.8252995
2022-07-02 04:00:00,Gemini,LTC/USD,50.6,51.31,49.75,50.41,9037.373,455573.97292999993
2022-07-01 04:00:00,Gemini,LTC/USD,53.49,53.49,50.08,50.6,15137.99416,765982.504496
2022-06-30 04:00:00,Gemini,LTC/USD,53.13,56.3,50.09,53.49,21990.61366,1176277.9246734
2022-06-29 04:00:00,Gemini,LTC/USD,52.7,54.31,52.04,53.13,6165.27602,327561.1149426
2022-06-28 04:00:00,Gemini,LTC/USD,54.69,56.97,52.15,52.7,15807.15741,833037.1955070001
2022-06-27 04:00:00,Gemini,LTC/USD,57.8,58.59,53.87,54.69,19672.36453,1075881.6161457
2022-06-26 04:00:00,Gemini,LTC/USD,60.05,60.41,56.43,57.8,12242.93323,707641.540694
2022-06-25 04:00:00,Gemini,LTC/USD,56.49,60.12,54.66,60.05,14988.21259,900042.1660295
2022-06-24 04:00:00,Gemini,LTC/USD,55.85,56.99,54.4,56.49,14219.09145,803236.4760105
2022-06-23 04:00:00,Gemini,LTC/USD,54.18,57.25,53.47,55.85,22260.32245,1243239.0088325
2022-06-22 04:00:00,Gemini,LTC/USD,51.25,55.23,51.05,54.18,11020.20924,597074.9366232
2022-06-21 04:00:00,Gemini,LTC/USD,52.93,52.93,51.17,51.25,1123.79605,57594.547562499996
2022-06-20 04:00:00,Gemini,LTC/USD,52.9,53.89,51.23,52.93,19606.67064,1037781.0769752
2022-06-19 04:00:00,Gemini,LTC/USD,45.28,56.18,44.93,52.9,88924.99007,4704131.974703
2022-06-18 04:00:00,Gemini,LTC/USD,47.39,48.22,41.47,45.28,42314.52715,1916001.7893520002
2022-06-17 04:00:00,Gemini,LTC/USD,45.61,48.27,45.54,47.39,20873.73747,989206.4187033001
2022-06-16 04:00:00,Gemini,LTC/USD,49.66,49.88,43.99,45.61,32626.22302,1488082.0319422001
2022-06-15 04:00:00,Gemini,LTC/USD,44.6,51.11,43.29,49.66,15424.70593,765990.8964837999
2022-06-14 04:00:00,Gemini,LTC/USD,44.32,46.61,42.96,44.6,45061.84238,2009758.1701480001
2022-06-13 04:00:00,Gemini,LTC/USD,45.51,46.56,40.27,44.32,53357.13381,2364788.1704592
2022-06-12 04:00:00,Gemini,LTC/USD,49.74,52.53,44.06,45.51,23818.27347,1083969.6256197
2022-06-11 04:00:00,Gemini,LTC/USD,57.48,57.67,49.0,49.74,33735.29389,1677993.5180886001
2022-06-10 04:00:00,Gemini,LTC/USD,59.87,60.26,55.55,57.48,18729.38568,1076565.0888864
2022-06-09 04:00:00,Gemini,LTC/USD,61.42,62.29,58.56,59.87,20456.83927,1224750.9670949
2022-06-08 04:00:00,Gemini,LTC/USD,62.38,62.46,60.89,61.42,4768.44212,292877.7150104
2022-06-07 04:00:00,Gemini,LTC/USD,61.49,65.44,61.0,62.38,12426.90527,775190.3507426
2022-06-06 04:00:00,Gemini,LTC/USD,65.41,66.46,60.14,61.49,20356.29354,1251708.4897746
2022-06-05 04:00:00,Gemini,LTC/USD,62.91,65.63,61.56,65.41,8126.85208,531577.3945528
2022-06-04 04:00:00,Gemini,LTC/USD,61.67,64.35,61.67,62.91,10778.61109,678082.4236719
2022-06-03 04:00:00,Gemini,LTC/USD,64.49,64.49,61.35,61.67,3933.23399,242562.54016330003
2022-06-02 04:00:00,Gemini,LTC/USD,62.31,64.85,62.05,64.49,7020.36166,452743.1234533999
2022-06-01 04:00:00,Gemini,LTC/USD,68.93,69.13,61.69,62.31,18588.33427,1158239.1083637
2022-05-31 04:00:00,Gemini,LTC/USD,69.27,70.54,66.7,68.93,13537.92636,933169.2639948
2022-05-30 04:00:00,Gemini,LTC/USD,65.58,69.68,65.05,69.27,10912.45442,755905.7176734
2022-05-29 04:00:00,Gemini,LTC/USD,62.24,66.24,62.0,65.58,18450.63299,1209992.5114842
2022-05-28 04:00:00,Gemini,LTC/USD,62.4,63.91,61.83,62.24,4802.91978,298933.7271072
2022-05-27 04:00:00,Gemini,LTC/USD,62.86,64.07,60.92,62.4,8198.9583,511614.99792
2022-05-26 04:00:00,Gemini,LTC/USD,68.03,68.03,61.15,62.86,3898.70011,245072.2889146
2022-05-25 04:00:00,Gemini,LTC/USD,70.98,70.98,67.6,68.03,782.40482,53226.9999046
2022-05-24 04:00:00,Gemini,LTC/USD,69.79,71.5,66.98,70.98,12603.87268,894622.8828264001
2022-05-23 04:00:00,Gemini,LTC/USD,71.13,73.86,68.31,69.79,15492.04971,1081190.1492609
2022-05-22 04:00:00,Gemini,LTC/USD,69.83,72.36,69.28,71.13,17175.46359,1221690.7251566998
2022-05-21 04:00:00,Gemini,LTC/USD,69.73,70.65,68.79,69.83,9803.74675,684595.6355525
2022-05-20 04:00:00,Gemini,LTC/USD,69.24,71.22,66.74,69.73,11890.4628,829121.971044
2022-05-19 04:00:00,Gemini,LTC/USD,67.39,73.18,66.01,69.24,11631.61847,805373.2628627999
2022-05-18 04:00:00,Gemini,LTC/USD,71.24,73.27,64.59,67.39,14510.60009,977869.3400651
2022-05-17 04:00:00,Gemini,LTC/USD,70.51,74.23,69.7,71.24,20565.75089,1465104.0934036
2022-05-16 04:00:00,Gemini,LTC/USD,68.24,70.96,64.93,70.51,25975.20459,1831511.6756409002
2022-05-15 04:00:00,Gemini,LTC/USD,66.76,71.58,65.92,68.24,23267.3587,1587764.557688
2022-05-14 04:00:00,Gemini,LTC/USD,68.72,69.36,64.08,66.76,24254.49325,1619229.96937
2022-05-13 04:00:00,Gemini,LTC/USD,69.24,73.05,67.1,68.72,28915.40413,1987066.5718136
2022-05-12 04:00:00,Gemini,LTC/USD,61.69,70.12,52.0,69.24,42092.82585,2914507.261854
2022-05-11 04:00:00,Gemini,LTC/USD,79.48,79.48,61.53,61.69,24555.92264,1514854.8676616
2022-05-10 04:00:00,Gemini,LTC/USD,78.77,84.86,74.0,79.48,36313.2511,2886177.197428
2022-05-09 04:00:00,Gemini,LTC/USD,91.66,92.37,73.43,78.77,32709.5545,2576531.607965
2022-05-08 04:00:00,Gemini,LTC/USD,93.08,95.67,90.67,91.66,7582.44212,695006.6447192
2022-05-07 04:00:00,Gemini,LTC/USD,95.67,97.29,91.61,93.08,6910.51192,643230.4495136
2022-05-06 04:00:00,Gemini,LTC/USD,96.85,98.39,92.86,95.67,10220.39477,977785.1676459
2022-05-05 04:00:00,Gemini,LTC/USD,106.12,106.31,94.84,96.85,11209.46811,1085636.9864534999
2022-05-04 04:00:00,Gemini,LTC/USD,99.96,107.11,99.67,106.12,14781.27523,1568588.9274076
2022-05-03 04:00:00,Gemini,LTC/USD,101.09,101.36,97.45,99.96,8157.26222,815399.9315111999
2022-05-02 04:00:00,Gemini,LTC/USD,100.2,101.87,98.44,101.09,9297.58889,939893.2608901002
2022-05-01 04:00:00,Gemini,LTC/USD,96.14,100.36,95.74,100.2,7595.35832,761054.9036640001
2022-04-30 04:00:00,Gemini,LTC/USD,101.25,101.56,94.13,96.14,9584.45458,921449.4633212
2022-04-29 04:00:00,Gemini,LTC/USD,102.83,103.12,98.41,101.25,7991.15168,809104.1076
2022-04-28 04:00:00,Gemini,LTC/USD,100.22,104.42,99.73,102.83,19918.80619,2048250.8405177
2022-04-27 04:00:00,Gemini,LTC/USD,99.45,101.26,99.2,100.22,3380.94122,338837.9290684
2022-04-26 04:00:00,Gemini,LTC/USD,104.48,104.95,96.41,99.45,12421.24144,1235292.461208
2022-04-25 04:00:00,Gemini,LTC/USD,101.9,105.35,98.44,104.48,9862.21083,1030403.7875184
2022-04-24 04:00:00,Gemini,LTC/USD,105.23,105.61,100.9,101.9,5217.48287,531661.504453
2022-04-23 04:00:00,Gemini,LTC/USD,105.51,107.18,104.45,105.23,3841.34319,404224.54388370004
2022-04-22 04:00:00,Gemini,LTC/USD,107.04,108.64,104.88,105.51,8325.71212,878445.8857812
2022-04-21 04:00:00,Gemini,LTC/USD,112.25,114.45,105.47,107.04,10393.60159,1112531.1141936001
2022-04-20 04:00:00,Gemini,LTC/USD,112.68,112.68,111.79,112.25,300.36473,33715.9409425
2022-04-19 04:00:00,Gemini,LTC/USD,111.98,114.13,110.6,112.68,8396.61283,946130.3336844001
2022-04-18 04:00:00,Gemini,LTC/USD,109.63,112.31,105.33,111.98,14696.36855,1645699.350229
2022-04-17 04:00:00,Gemini,LTC/USD,113.7,114.35,108.3,109.63,7208.19615,790234.5439244999
2022-04-16 04:00:00,Gemini,LTC/USD,111.96,115.06,110.23,113.7,8545.31283,971602.0687710001
2022-04-15 04:00:00,Gemini,LTC/USD,110.33,112.83,109.17,111.96,8478.30665,949231.212534
2022-04-14 04:00:00,Gemini,LTC/USD,111.88,112.27,106.04,110.33,15439.39032,1703427.9340056
2022-04-13 04:00:00,Gemini,LTC/USD,105.02,112.0,105.02,111.88,4374.81174,489453.9374712
2022-04-12 04:00:00,Gemini,LTC/USD,102.4,105.77,102.37,105.02,7637.63245,802104.159899
2022-04-11 04:00:00,Gemini,LTC/USD,108.21,109.7,101.75,102.4,10856.09092,1111663.7102080001
2022-04-10 04:00:00,Gemini,LTC/USD,112.67,114.5,107.31,108.21,6559.93684,709850.7654564
2022-04-09 04:00:00,Gemini,LTC/USD,111.01,112.98,110.53,112.67,3348.60984,377287.8706728
2022-04-08 04:00:00,Gemini,LTC/USD,114.55,115.36,109.67,111.01,10707.91027,1188685.1190727002
2022-04-07 04:00:00,Gemini,LTC/USD,112.07,114.98,111.76,114.55,7054.1036,808047.56738
2022-04-06 04:00:00,Gemini,LTC/USD,120.02,120.02,110.19,112.07,6969.50193,781072.0812951
2022-04-05 04:00:00,Gemini,LTC/USD,125.02,127.31,117.3,120.02,11559.81301,1387408.7574602
2022-04-04 04:00:00,Gemini,LTC/USD,125.89,126.67,121.31,125.02,19688.78407,2461491.7844314002
2022-04-03 04:00:00,Gemini,LTC/USD,124.85,129.51,124.85,125.89,26939.50337,3391414.0792493
2022-04-02 04:00:00,Gemini,LTC/USD,126.38,128.28,123.76,124.85,11202.53985,1398637.1002724997
2022-04-01 04:00:00,Gemini,LTC/USD,120.95,127.17,120.85,126.38,8898.35655,1124574.300789
2022-03-31 04:00:00,Gemini,LTC/USD,131.48,131.95,119.19,120.95,29358.489,3550909.2445500004
2022-03-30 04:00:00,Gemini,LTC/USD,128.18,134.07,128.18,131.48,5508.97714,724320.3143671999
2022-03-29 04:00:00,Gemini,LTC/USD,129.08,132.02,125.96,128.18,11914.03913,1527141.5356834
2022-03-28 04:00:00,Gemini,LTC/USD,130.34,132.62,126.84,129.08,16299.86055,2103985.9997940003
2022-03-27 04:00:00,Gemini,LTC/USD,126.52,130.76,123.38,130.34,11932.61322,1555296.8070948
2022-03-26 04:00:00,Gemini,LTC/USD,124.3,126.53,122.07,126.52,5948.76746,752638.0590392
2022-03-25 04:00:00,Gemini,LTC/USD,126.32,127.31,121.6,124.3,14543.48958,1807755.754794
2022-03-24 04:00:00,Gemini,LTC/USD,120.62,127.82,120.13,126.32,13607.10088,1718848.9831615998
2022-03-23 04:00:00,Gemini,LTC/USD,120.05,123.22,119.65,120.62,5121.52664,617758.5433168
2022-03-22 04:00:00,Gemini,LTC/USD,119.29,124.51,118.18,120.05,13812.254,1658161.0927000002
2022-03-21 04:00:00,Gemini,LTC/USD,114.28,121.15,114.28,119.29,6618.2703,789493.464087
2022-03-20 04:00:00,Gemini,LTC/USD,116.45,116.64,111.48,114.28,16515.41733,1887381.8924724
2022-03-19 04:00:00,Gemini,LTC/USD,112.3,118.49,111.9,116.45,15124.04204,1761194.6955580001
2022-03-18 04:00:00,Gemini,LTC/USD,108.57,113.02,108.57,112.3,8949.37596,1005014.920308
2022-03-17 04:00:00,Gemini,LTC/USD,109.97,111.6,107.86,108.57,10674.74778,1158957.3664745998
2022-03-16 04:00:00,Gemini,LTC/USD,106.78,111.63,106.14,109.97,10582.18545,1163722.9339365
2022-03-15 04:00:00,Gemini,LTC/USD,105.01,111.92,102.55,106.78,14652.55318,1564599.6285604
2022-03-14 04:00:00,Gemini,LTC/USD,101.99,106.47,101.68,105.01,13679.65573,1436500.6482073
2022-03-13 04:00:00,Gemini,LTC/USD,106.8,106.99,100.85,101.99,13806.37029,1408111.7058771001
2022-03-12 04:00:00,Gemini,LTC/USD,106.28,107.46,104.71,106.8,5033.90911,537621.492948
2022-03-11 04:00:00,Gemini,LTC/USD,101.06,107.99,100.42,106.28,20580.30969,2187275.3138532
2022-03-10 04:00:00,Gemini,LTC/USD,104.5,104.67,99.51,101.06,11011.38761,1112810.8318666
2022-03-09 04:00:00,Gemini,LTC/USD,105.26,107.75,104.14,104.5,4653.11031,486250.027395
2022-03-08 04:00:00,Gemini,LTC/USD,100.44,105.86,100.34,105.26,2632.84376,277133.13417760003
2022-03-07 04:00:00,Gemini,LTC/USD,98.94,103.88,96.27,100.44,15908.88005,1597887.9122219998
2022-03-06 04:00:00,Gemini,LTC/USD,103.88,104.49,98.2,98.94,13359.49652,1321788.5856888
2022-03-05 04:00:00,Gemini,LTC/USD,101.1,105.83,100.52,103.88,8143.55852,845952.8590575999
2022-03-04 04:00:00,Gemini,LTC/USD,107.64,108.01,99.01,101.1,15953.79115,1612928.2852649998
2022-03-03 04:00:00,Gemini,LTC/USD,110.1,113.0,105.77,107.64,22983.35205,2473928.0146620004
2022-03-02 04:00:00,Gemini,LTC/USD,114.06,114.06,109.39,110.1,4175.94156,459771.165756
2022-03-01 04:00:00,Gemini,LTC/USD,112.5,115.89,110.0,114.06,16069.89656,1832932.4016336
2022-02-28 04:00:00,Gemini,LTC/USD,103.44,115.94,101.35,112.5,18539.01854,2085639.58575
2022-02-27 04:00:00,Gemini,LTC/USD,105.87,110.1,101.33,103.44,13208.5356,1366290.9224639998
2022-02-26 04:00:00,Gemini,LTC/USD,111.33,112.45,104.82,105.87,11206.77118,1186460.8648266
2022-02-25 04:00:00,Gemini,LTC/USD,104.87,114.91,101.66,111.33,16816.50825,1872181.8634725
2022-02-24 04:00:00,Gemini,LTC/USD,98.2,106.25,98.2,104.87,2238.50388,234751.90189560002
2022-02-23 04:00:00,Gemini,LTC/USD,106.3,111.47,96.89,98.2,24742.61731,2429725.019842
2022-02-22 04:00:00,Gemini,LTC/USD,101.35,107.97,101.25,106.3,16116.94263,1713231.0015689998
2022-02-21 04:00:00,Gemini,LTC/USD,112.97,114.5,100.18,101.35,21163.54126,2144924.906701
2022-02-20 04:00:00,Gemini,LTC/USD,113.71,114.55,108.56,112.97,13785.32997,1557328.7267109
2022-02-19 04:00:00,Gemini,LTC/USD,116.37,117.16,113.1,113.71,11827.00848,1344849.1342608
2022-02-18 04:00:00,Gemini,LTC/USD,116.79,123.49,114.32,116.37,35703.04715,4154763.5968455
2022-02-17 04:00:00,Gemini,LTC/USD,126.45,128.01,114.96,116.79,21126.30938,2467341.6724902
2022-02-16 04:00:00,Gemini,LTC/USD,129.42,129.68,125.59,126.45,11137.761,1408369.8784500002
2022-02-15 04:00:00,Gemini,LTC/USD,127.92,132.51,127.17,129.42,11431.74106,1479495.9279852
2022-02-14 04:00:00,Gemini,LTC/USD,123.38,128.87,121.47,127.92,16798.11045,2148814.288764
2022-02-13 04:00:00,Gemini,LTC/USD,126.13,128.78,122.15,123.38,16409.16952,2024563.3353775998
2022-02-12 04:00:00,Gemini,LTC/USD,124.64,127.76,121.05,126.13,16803.81272,2119464.8983736
2022-02-11 04:00:00,Gemini,LTC/USD,132.71,134.77,123.67,124.64,18513.39399,2307509.4269136
2022-02-10 04:00:00,Gemini,LTC/USD,137.19,143.84,129.96,132.71,31822.55664,4223171.4916944
2022-02-09 04:00:00,Gemini,LTC/USD,134.16,140.63,134.16,137.19,1249.82509,171463.5040971
2022-02-08 04:00:00,Gemini,LTC/USD,140.7,142.91,130.57,134.16,31154.75407,4179721.8060311996
2022-02-07 04:00:00,Gemini,LTC/USD,127.49,142.65,126.61,140.7,34391.87251,4838936.462157
2022-02-06 04:00:00,Gemini,LTC/USD,122.35,128.06,120.73,127.49,22082.36033,2815280.1184716998
2022-02-05 04:00:00,Gemini,LTC/USD,121.51,123.93,119.21,122.35,12278.16931,1502234.0150785
2022-02-04 04:00:00,Gemini,LTC/USD,108.98,121.56,108.85,121.51,27101.62957,3293119.0090507003
2022-02-03 04:00:00,Gemini,LTC/USD,107.73,111.19,105.46,108.98,12407.62209,1352182.6553682
2022-02-02 04:00:00,Gemini,LTC/USD,114.74,114.74,107.0,107.73,12584.45553,1355723.3942469
2022-02-01 04:00:00,Gemini,LTC/USD,111.48,116.83,108.63,114.74,23140.65704,2655158.9887695997
2022-01-31 04:00:00,Gemini,LTC/USD,105.81,111.57,104.51,111.48,15058.19821,1678687.9364508002
2022-01-30 04:00:00,Gemini,LTC/USD,109.59,112.24,104.45,105.81,15653.25973,1656271.4120313
2022-01-29 04:00:00,Gemini,LTC/USD,109.58,112.37,107.65,109.59,18916.47314,2073056.2914125999
2022-01-28 04:00:00,Gemini,LTC/USD,108.04,110.47,105.46,109.58,15876.04992,1739697.5502336
2022-01-27 04:00:00,Gemini,LTC/USD,104.27,109.93,102.97,108.04,16533.0144,1786226.875776
2022-01-26 04:00:00,Gemini,LTC/USD,108.73,116.75,103.38,104.27,15311.35558,1596515.0463265998
2022-01-25 04:00:00,Gemini,LTC/USD,108.3,109.9,105.28,108.73,19336.91939,2102503.2452746998
2022-01-24 04:00:00,Gemini,LTC/USD,108.91,111.96,97.52,108.3,64759.32025,7013434.383075
2022-01-23 04:00:00,Gemini,LTC/USD,107.22,112.7,105.87,108.91,22489.56085,2449338.0721735
2022-01-22 04:00:00,Gemini,LTC/USD,112.97,113.78,96.59,107.22,73696.27356,7901714.4511032
2022-01-21 04:00:00,Gemini,LTC/USD,122.0,126.0,109.96,112.97,35170.55977,3973218.1372169
2022-01-20 04:00:00,Gemini,LTC/USD,138.94,142.79,121.98,122.0,24021.6707,2930643.8254
2022-01-19 04:00:00,Gemini,LTC/USD,137.08,139.18,135.24,138.94,4501.25848,625404.8532112001
2022-01-18 04:00:00,Gemini,LTC/USD,147.38,148.44,136.59,137.08,29640.78212,4063158.4130096002
2022-01-17 04:00:00,Gemini,LTC/USD,147.6,153.85,144.29,147.38,39148.38811,5769689.439651799
2022-01-16 04:00:00,Gemini,LTC/USD,145.73,151.17,143.38,147.6,12073.13988,1781995.446288
2022-01-15 04:00:00,Gemini,LTC/USD,147.09,150.75,144.75,145.73,17507.38819,2551351.6809287
2022-01-14 04:00:00,Gemini,LTC/USD,138.53,148.78,136.19,147.09,22933.62277,3373306.5732393004
2022-01-13 04:00:00,Gemini,LTC/USD,139.54,141.04,134.72,138.53,10183.03051,1410655.2165503001
2022-01-12 04:00:00,Gemini,LTC/USD,131.48,142.32,131.48,139.54,8532.81126,1190668.4832204
2022-01-11 04:00:00,Gemini,LTC/USD,129.3,133.64,126.8,131.48,10974.70613,1442954.3619724
2022-01-10 04:00:00,Gemini,LTC/USD,129.96,131.08,120.76,129.3,18535.88202,2396689.5451860004
2022-01-09 04:00:00,Gemini,LTC/USD,130.6,132.6,127.75,129.96,7617.42656,989960.7557376
2022-01-08 04:00:00,Gemini,LTC/USD,132.2,134.67,125.0,130.6,15799.85887,2063461.568422
2022-01-07 04:00:00,Gemini,LTC/USD,130.78,135.34,125.98,132.2,23870.61734,3155695.612348
2022-01-06 04:00:00,Gemini,LTC/USD,133.99,138.03,129.98,130.78,18733.20567,2449928.6375226
2022-01-05 04:00:00,Gemini,LTC/USD,148.7,149.07,129.95,133.99,14077.24331,1886209.8311069
2022-01-04 04:00:00,Gemini,LTC/USD,147.76,151.66,145.31,148.7,10450.86899,1554044.218813
2022-01-03 04:00:00,Gemini,LTC/USD,149.65,151.16,146.16,147.76,12856.47038,1899672.0633488
2022-01-02 04:00:00,Gemini,LTC/USD,150.35,153.3,147.99,149.65,7487.27248,1120470.326632
2022-01-01 04:00:00,Gemini,LTC/USD,147.83,151.0,146.63,150.35,9348.7834,1405589.58419
2021-12-31 04:00:00,Gemini,LTC/USD,148.35,152.6,143.66,147.83,12610.84951,1864261.8830633
2021-12-30 04:00:00,Gemini,LTC/USD,144.9,150.01,144.9,148.35,9152.67404,1357799.193834
2021-12-29 04:00:00,Gemini,LTC/USD,148.66,150.94,142.88,144.9,18176.86205,2633827.311045
2021-12-28 04:00:00,Gemini,LTC/USD,151.23,153.41,144.65,148.66,22208.276,3301482.3101600003
2021-12-27 04:00:00,Gemini,LTC/USD,156.75,161.24,149.49,151.23,14858.15578,2246998.8986094
2021-12-26 04:00:00,Gemini,LTC/USD,153.96,157.82,153.47,156.75,10377.31097,1626643.4945475
2021-12-25 04:00:00,Gemini,LTC/USD,161.12,163.7,153.24,153.96,17584.5408,2707315.9015679997
2021-12-24 04:00:00,Gemini,LTC/USD,165.49,165.94,160.24,161.12,33754.278,5438489.27136
2021-12-23 04:00:00,Gemini,LTC/USD,157.46,166.8,153.82,165.49,64186.91239,10622292.1314211
2021-12-22 04:00:00,Gemini,LTC/USD,156.33,158.59,153.24,157.46,15315.29446,2411546.2656716
2021-12-21 04:00:00,Gemini,LTC/USD,153.59,157.0,151.85,156.33,21127.00829,3302785.2059757006
2021-12-20 04:00:00,Gemini,LTC/USD,154.86,157.42,145.35,153.59,52565.6546,8073558.890014
2021-12-19 04:00:00,Gemini,LTC/USD,154.43,161.01,151.16,154.86,75023.52131,11618142.5100666
2021-12-18 04:00:00,Gemini,LTC/USD,146.53,156.13,145.46,154.43,15359.33588,2371942.2399484003
2021-12-17 04:00:00,Gemini,LTC/USD,149.74,150.98,141.27,146.53,24436.67085,3580705.3796504997
2021-12-16 04:00:00,Gemini,LTC/USD,153.34,153.34,148.25,149.74,1239.13379,185547.89371460004
2021-12-15 04:00:00,Gemini,LTC/USD,150.22,155.06,141.77,153.34,54689.2885,8386055.498590001
2021-12-14 04:00:00,Gemini,LTC/USD,145.82,151.78,143.36,150.22,18823.81866,2827714.0391052
2021-12-13 04:00:00,Gemini,LTC/USD,154.64,156.51,142.35,145.82,33943.26907,4949607.4957874
2021-12-12 04:00:00,Gemini,LTC/USD,156.4,162.97,152.98,154.64,20784.5473,3214122.3944719993
2021-12-11 04:00:00,Gemini,LTC/USD,151.83,159.54,151.47,156.4,28208.60411,4411825.682804001
2021-12-10 04:00:00,Gemini,LTC/USD,153.96,156.75,145.83,151.83,14562.23301,2210983.8379083
2021-12-09 04:00:00,Gemini,LTC/USD,159.76,159.76,151.04,153.96,7985.3345,1229422.09962
2021-12-08 04:00:00,Gemini,LTC/USD,160.1,170.25,156.24,159.76,92516.43347,14780425.4111672
2021-12-07 04:00:00,Gemini,LTC/USD,160.26,165.92,154.94,160.1,29973.8662531,4798815.98712131
2021-12-06 04:00:00,Gemini,LTC/USD,154.71,164.59,141.55,160.26,53174.7589452,8521786.868557751
2021-12-05 04:00:00,Gemini,LTC/USD,162.12,162.73,148.38,154.71,78018.3778191,12070223.232392961
2021-12-04 04:00:00,Gemini,LTC/USD,175.97,181.81,130.0,162.12,174321.8379124,28261056.362358287
2021-12-03 04:00:00,Gemini,LTC/USD,200.33,208.18,175.93,175.97,61821.874544,10878795.26350768
2021-12-02 04:00:00,Gemini,LTC/USD,202.57,207.43,198.56,200.33,11336.8721645,2271115.6007142854
2021-12-01 04:00:00,Gemini,LTC/USD,212.78,217.31,200.28,202.57,10777.2465505,2183146.8337347847
2021-11-30 04:00:00,Gemini,LTC/USD,203.62,220.03,197.82,212.78,35353.5817716,7522535.129361048
2021-11-29 04:00:00,Gemini,LTC/USD,199.01,210.55,195.59,203.62,43401.7342349,8837461.124910338
2021-11-28 04:00:00,Gemini,LTC/USD,189.31,202.96,182.51,199.01,33732.5445801,6713113.696885701
2021-11-27 04:00:00,Gemini,LTC/USD,198.13,200.41,183.96,189.31,22361.6614952,4233286.137656312
2021-11-26 04:00:00,Gemini,LTC/USD,216.23,217.89,190.33,198.13,100357.2099185,19883774.001152404
2021-11-25 04:00:00,Gemini,LTC/USD,219.91,229.81,214.47,216.23,33019.1466385,7139730.077642855
2021-11-24 04:00:00,Gemini,LTC/USD,210.58,223.16,206.19,219.91,26878.207685,5910786.65200835
2021-11-23 04:00:00,Gemini,LTC/USD,210.68,218.82,205.32,210.58,21184.6313137,4461059.6620389465
2021-11-22 04:00:00,Gemini,LTC/USD,215.11,220.0,205.47,210.68,17212.1471806,3626255.1680088085
2021-11-21 04:00:00,Gemini,LTC/USD,221.92,230.73,213.62,215.11,15717.0665765,3380898.191270915
2021-11-20 04:00:00,Gemini,LTC/USD,221.67,228.0,213.16,221.92,16994.998065,3771529.9705847995
2021-11-19 04:00:00,Gemini,LTC/USD,202.0,225.23,201.97,221.67,21664.4706284,4802363.204197427
2021-11-18 04:00:00,Gemini,LTC/USD,221.82,221.82,199.69,202.0,22572.4715107,4559639.2451614
2021-11-17 04:00:00,Gemini,LTC/USD,222.83,235.42,218.39,221.82,23292.5383244,5166750.851118408
2021-11-16 04:00:00,Gemini,LTC/USD,244.77,249.18,219.97,222.83,48661.8179077,10843312.884372791
2021-11-15 04:00:00,Gemini,LTC/USD,278.63,281.34,240.19,244.77,38024.4373476,9307241.529572051
2021-11-14 04:00:00,Gemini,LTC/USD,255.79,279.84,248.61,278.63,24626.1935276,6861596.302595188
2021-11-13 04:00:00,Gemini,LTC/USD,246.69,264.07,245.17,255.79,12130.7386266,3102921.633298014
2021-11-12 04:00:00,Gemini,LTC/USD,275.87,275.87,245.54,246.69,8406.8772443,2073892.547396367
2021-11-11 04:00:00,Gemini,LTC/USD,257.25,282.83,252.53,275.87,55549.5929868,15324466.217268517
2021-11-10 04:00:00,Gemini,LTC/USD,257.42,295.26,250.82,257.25,127210.7286859,32724959.954447776
2021-11-09 04:00:00,Gemini,LTC/USD,247.47,274.69,241.62,257.42,106902.2096918,27518766.818863157
2021-11-08 04:00:00,Gemini,LTC/USD,205.8,247.56,205.8,247.47,61747.9103589,15280755.376516983
2021-11-07 04:00:00,Gemini,LTC/USD,199.43,208.03,197.66,205.8,13221.4103027,2720966.24029566
2021-11-06 04:00:00,Gemini,LTC/USD,200.29,200.35,191.35,199.43,13149.2518385,2622355.294152055
2021-11-05 04:00:00,Gemini,LTC/USD,201.14,203.37,196.91,200.29,17064.1483589,3417778.2748040813
2021-11-04 04:00:00,Gemini,LTC/USD,203.6,204.08,197.24,201.14,13900.891736,2796025.3637790396
2021-11-03 04:00:00,Gemini,LTC/USD,201.54,209.39,197.53,203.6,37079.9877317,7549485.502174119
2021-11-02 04:00:00,Gemini,LTC/USD,195.96,204.94,195.55,201.54,23602.0852574,4756764.262776395
2021-11-01 04:00:00,Gemini,LTC/USD,188.89,201.12,188.15,195.96,24043.0696451,4711479.927653796
2021-10-31 04:00:00,Gemini,LTC/USD,192.75,194.0,186.98,188.89,15186.9605097,2868664.970677233
2021-10-30 04:00:00,Gemini,LTC/USD,191.77,195.22,188.66,192.75,13609.1927384,2623171.9003266
2021-10-29 04:00:00,Gemini,LTC/USD,193.05,198.75,189.23,191.77,18272.1191263,3504044.2848505513
2021-10-28 04:00:00,Gemini,LTC/USD,182.04,194.55,181.04,193.05,34842.0974279,6726266.9084560955
2021-10-27 04:00:00,Gemini,LTC/USD,202.48,202.48,177.81,182.04,4129.0656628,751655.1132561119
2021-10-26 04:00:00,Gemini,LTC/USD,196.65,204.99,190.39,202.48,30967.5977371,6270319.189808008
2021-10-25 04:00:00,Gemini,LTC/USD,193.84,197.26,193.01,196.65,13206.9319645,2597143.170818925
2021-10-24 04:00:00,Gemini,LTC/USD,198.31,198.54,185.43,193.84,19885.5201729,3854609.230314936
2021-10-23 04:00:00,Gemini,LTC/USD,193.61,199.78,188.88,198.31,16686.5411814,3309107.981683434
2021-10-22 04:00:00,Gemini,LTC/USD,200.49,200.49,188.0,193.61,23991.8255643,4645057.347504123
2021-10-21 04:00:00,Gemini,LTC/USD,208.85,211.84,195.22,200.49,50722.6883064,10169391.778550137
2021-10-20 04:00:00,Gemini,LTC/USD,185.8,214.64,185.8,208.85,35511.3186275,7416538.895353374
2021-10-19 04:00:00,Gemini,LTC/USD,190.98,191.16,183.32,185.8,23375.3708416,4343143.90236928
2021-10-18 04:00:00,Gemini,LTC/USD,185.8,191.67,178.57,190.98,38603.5365549,7372503.411254801
2021-10-17 04:00:00,Gemini,LTC/USD,187.24,188.11,176.8,185.8,19791.9209283,3677338.90847814
2021-10-16 04:00:00,Gemini,LTC/USD,189.4,192.1,183.72,187.24,25241.5537148,4726228.517559152
2021-10-15 04:00:00,Gemini,LTC/USD,184.34,193.21,177.81,189.4,59753.9038449,11317389.38822406
2021-10-14 04:00:00,Gemini,LTC/USD,180.53,186.15,176.59,184.34,9269.0580924,1708658.168753016
2021-10-13 04:00:00,Gemini,LTC/USD,174.19,180.95,167.72,180.53,51135.0677581,9231413.782369792
2021-10-12 04:00:00,Gemini,LTC/USD,173.65,175.84,166.52,174.19,47601.7313257,8291745.579623682
2021-10-11 04:00:00,Gemini,LTC/USD,180.31,183.32,172.3,173.65,16147.7029769,2804048.621938685
2021-10-10 04:00:00,Gemini,LTC/USD,181.88,184.06,172.6,180.31,32587.7154206,5875890.967488387
2021-10-09 04:00:00,Gemini,LTC/USD,177.7,182.87,176.13,181.88,33063.8927701,6013660.817025788
2021-10-08 04:00:00,Gemini,LTC/USD,176.16,183.31,174.44,177.7,51653.113714,9178758.3069778
2021-10-07 04:00:00,Gemini,LTC/USD,176.48,187.03,175.26,176.16,50188.2940451,8841169.878984816
2021-10-06 04:00:00,Gemini,LTC/USD,171.69,183.0,171.69,176.48,28179.0582575,4973040.2012836
2021-10-05 04:00:00,Gemini,LTC/USD,168.68,175.45,166.82,171.69,44729.2390999,7679563.06106183
2021-10-04 04:00:00,Gemini,LTC/USD,165.85,170.37,161.53,168.68,39159.3547362,6605399.956902217
2021-10-03 04:00:00,Gemini,LTC/USD,168.27,175.0,165.41,165.85,20760.0342756,3443051.6846082597
2021-10-02 04:00:00,Gemini,LTC/USD,166.0,172.8,165.38,168.27,21685.7816329,3649066.4753680835
2021-10-01 04:00:00,Gemini,LTC/USD,153.7,168.59,153.23,166.0,44345.4699191,7361348.006570601
2021-09-30 04:00:00,Gemini,LTC/USD,150.8,154.81,149.34,153.7,40027.1466339,6152172.43763043
2021-09-29 04:00:00,Gemini,LTC/USD,144.34,150.91,142.64,150.8,18405.7102405,2775581.1042674
2021-09-28 04:00:00,Gemini,LTC/USD,147.27,148.89,139.9,144.34,53053.813851,7657787.49125334
2021-09-27 04:00:00,Gemini,LTC/USD,153.01,154.1,144.34,147.27,39692.9755682,5845584.511928814
2021-09-26 04:00:00,Gemini,LTC/USD,148.5,154.89,142.21,153.01,37352.3126162,5715277.353404761
2021-09-25 04:00:00,Gemini,LTC/USD,154.38,155.76,146.65,148.5,34164.5353896,5073433.5053556
2021-09-24 04:00:00,Gemini,LTC/USD,161.43,162.92,141.99,154.38,84115.9538952,12985820.962340975
2021-09-23 04:00:00,Gemini,LTC/USD,161.37,166.77,157.4,161.43,36133.2080113,5832983.769264159
2021-09-22 04:00:00,Gemini,LTC/USD,151.48,162.2,151.48,161.37,21370.925873,3448626.30812601
2021-09-21 04:00:00,Gemini,LTC/USD,159.47,162.2,144.62,151.48,46606.7397499,7059988.937314851
2021-09-20 04:00:00,Gemini,LTC/USD,167.01,168.18,150.22,159.47,86803.8088888,13842603.403496936
2021-09-19 04:00:00,Gemini,LTC/USD,179.44,181.6,163.5,167.01,31279.3617086,5223966.198953286
2021-09-18 04:00:00,Gemini,LTC/USD,182.08,185.74,178.43,179.44,21093.1134291,3784948.273717704
2021-09-17 04:00:00,Gemini,LTC/USD,185.96,190.69,177.66,182.08,29742.3768303,5415491.973261024
2021-09-16 04:00:00,Gemini,LTC/USD,187.92,195.47,181.68,185.96,37138.8669751,6906343.7026895955
2021-09-15 04:00:00,Gemini,LTC/USD,181.22,192.58,181.22,187.92,17610.7902559,3309419.7048887275
2021-09-14 04:00:00,Gemini,LTC/USD,178.47,188.89,176.66,181.22,36771.192394,6663675.4856406795
2021-09-13 04:00:00,Gemini,LTC/USD,175.54,236.7,170.94,178.47,217704.5985364,38853739.70079131
2021-09-12 04:00:00,Gemini,LTC/USD,178.68,186.02,175.51,175.54,22136.4767395,3885837.12685183
2021-09-11 04:00:00,Gemini,LTC/USD,174.8,186.02,173.57,178.68,32252.4584599,5762869.2776149325
2021-09-10 04:00:00,Gemini,LTC/USD,183.93,184.23,170.81,174.8,62116.0416181,10857884.07484388
2021-09-09 04:00:00,Gemini,LTC/USD,179.46,188.77,178.15,183.93,79997.9250263,14714018.35008736
2021-09-08 04:00:00,Gemini,LTC/USD,178.56,183.73,176.29,179.46,30761.4074625,5520442.1832202505
2021-09-07 04:00:00,Gemini,LTC/USD,219.06,221.38,163.44,178.56,192471.3444399,34367683.26318855
2021-09-06 04:00:00,Gemini,LTC/USD,224.53,231.76,215.1,219.06,57854.610552,12673630.98752112
2021-09-05 04:00:00,Gemini,LTC/USD,213.34,232.98,211.19,224.53,69071.6367483,15508654.5990958
2021-09-04 04:00:00,Gemini,LTC/USD,213.49,225.07,209.0,213.34,59847.1703313,12767795.318479544
2021-09-03 04:00:00,Gemini,LTC/USD,185.79,217.81,183.82,213.49,77106.3409531,16461432.73007732
2021-09-02 04:00:00,Gemini,LTC/USD,182.35,187.93,180.0,185.79,32645.7094932,6065246.366741627
2021-09-01 04:00:00,Gemini,LTC/USD,172.12,184.99,172.12,182.35,9595.7785867,1749790.225284745
2021-08-31 04:00:00,Gemini,LTC/USD,169.14,175.34,167.66,172.12,24052.386514,4139896.7667896803
2021-08-30 04:00:00,Gemini,LTC/USD,172.32,176.44,165.77,169.14,38554.5473105,6521116.132097969
2021-08-29 04:00:00,Gemini,LTC/USD,176.56,179.83,171.71,172.32,17223.8734401,2968017.871198032
2021-08-28 04:00:00,Gemini,LTC/USD,174.12,182.83,171.46,176.56,16333.8635404,2883906.946693024
2021-08-27 04:00:00,Gemini,LTC/USD,167.61,177.1,165.2,174.12,12085.6733235,2104357.43908782
2021-08-26 04:00:00,Gemini,LTC/USD,171.67,172.56,165.0,167.61,17288.2870938,2897689.7997918185
2021-08-25 04:00:00,Gemini,LTC/USD,174.0,180.19,170.95,171.67,6933.898838,1190342.41351946
2021-08-24 04:00:00,Gemini,LTC/USD,185.25,188.66,172.36,174.0,26186.081464,4556378.174736
2021-08-23 04:00:00,Gemini,LTC/USD,188.83,191.78,182.66,185.25,17734.0608273,3285234.768257325
2021-08-22 04:00:00,Gemini,LTC/USD,182.63,190.78,178.77,188.83,27394.4011503,5172884.76921115
2021-08-21 04:00:00,Gemini,LTC/USD,182.41,184.59,176.74,182.63,26994.7754124,4930055.833566612
2021-08-20 04:00:00,Gemini,LTC/USD,175.85,184.16,174.25,182.41,38833.1024575,7083546.219272574
2021-08-19 04:00:00,Gemini,LTC/USD,165.31,178.05,162.75,175.85,31683.7005421,5571578.740328285
2021-08-18 04:00:00,Gemini,LTC/USD,168.85,174.49,164.55,165.31,12994.4035628,2148104.852966468
2021-08-17 04:00:00,Gemini,LTC/USD,181.6,184.38,162.93,168.85,26419.2972593,4460898.342232805
2021-08-16 04:00:00,Gemini,LTC/USD,183.8,189.08,173.17,181.6,42888.483309,7788548.5689144
2021-08-15 04:00:00,Gemini,LTC/USD,182.91,187.73,175.41,183.8,21115.7117262,3881067.81527556
2021-08-14 04:00:00,Gemini,LTC/USD,179.25,186.65,174.92,182.91,32932.9063431,6023757.899216422
2021-08-13 04:00:00,Gemini,LTC/USD,168.41,185.1,167.56,179.25,46815.3119938,8391644.67488865
2021-08-12 04:00:00,Gemini,LTC/USD,175.12,176.31,160.89,168.41,28319.6817258,4769317.599441978
2021-08-11 04:00:00,Gemini,LTC/USD,165.8,179.69,165.8,175.12,16424.306571,2876224.5667135203
2021-08-10 04:00:00,Gemini,LTC/USD,162.86,168.33,158.91,165.8,33325.4025939,5525351.75006862
2021-08-09 04:00:00,Gemini,LTC/USD,147.41,170.81,146.64,162.86,40771.0471983,6639972.746715139
2021-08-08 04:00:00,Gemini,LTC/USD,154.29,157.41,145.26,147.41,24510.3942412,3613077.215095292
2021-08-07 04:00:00,Gemini,LTC/USD,153.5,157.69,149.15,154.29,28937.9198132,4464831.647978627
2021-08-06 04:00:00,Gemini,LTC/USD,146.12,153.94,143.45,153.5,16720.35631,2566574.693585
2021-08-05 04:00:00,Gemini,LTC/USD,140.79,147.44,136.2,146.12,18978.6797151,2773164.679970412
2021-08-04 04:00:00,Gemini,LTC/USD,137.26,144.44,137.26,140.79,3033.7427249,427120.638238671
2021-08-03 04:00:00,Gemini,LTC/USD,138.99,140.45,135.72,137.26,22354.7031509,3068406.5544925337
2021-08-02 04:00:00,Gemini,LTC/USD,141.44,145.85,138.38,138.99,20281.751096,2818960.5848330404
2021-08-01 04:00:00,Gemini,LTC/USD,149.68,149.7,137.96,141.44,16723.4021327,2365357.997649088
2021-07-31 04:00:00,Gemini,LTC/USD,144.82,149.68,142.0,149.68,13407.9484261,2006901.720418648
2021-07-30 04:00:00,Gemini,LTC/USD,142.84,146.62,136.01,144.82,16213.3580742,2348018.5163056436
2021-07-29 04:00:00,Gemini,LTC/USD,138.78,143.83,137.2,142.84,28383.9335213,4054361.0641824924
2021-07-28 04:00:00,Gemini,LTC/USD,135.51,142.05,135.51,138.78,15603.9872444,2165521.3497778317
2021-07-27 04:00:00,Gemini,LTC/USD,128.93,137.14,128.21,135.51,31943.0009426,4328596.057731725
2021-07-26 04:00:00,Gemini,LTC/USD,137.17,140.43,127.48,128.93,47740.2732899,6155153.435266807
2021-07-25 04:00:00,Gemini,LTC/USD,124.95,138.76,123.86,137.17,17875.3394684,2451960.314880428
2021-07-24 04:00:00,Gemini,LTC/USD,126.35,127.76,123.33,124.95,14109.9714256,1763040.92962872
2021-07-23 04:00:00,Gemini,LTC/USD,120.61,126.47,117.05,126.35,17230.5706084,2177082.59637134
2021-07-22 04:00:00,Gemini,LTC/USD,116.63,122.15,115.68,120.61,15228.9831148,1836767.653476028
2021-07-21 04:00:00,Gemini,LTC/USD,108.89,119.13,108.89,116.63,9446.3615167,1101729.1436927211
2021-07-20 04:00:00,Gemini,LTC/USD,106.56,109.68,103.78,108.89,29193.1037758,3178837.070146862
2021-07-19 04:00:00,Gemini,LTC/USD,118.69,120.68,105.89,106.56,26356.0366801,2808499.268631456
2021-07-18 04:00:00,Gemini,LTC/USD,123.06,123.12,116.35,118.69,21323.6009378,2530898.195307482
2021-07-17 04:00:00,Gemini,LTC/USD,119.88,124.08,117.77,123.06,13147.159342,1617889.42862652
2021-07-16 04:00:00,Gemini,LTC/USD,126.77,127.57,118.48,119.88,15567.9837809,1866289.8956542918
2021-07-15 04:00:00,Gemini,LTC/USD,129.26,129.34,122.08,126.77,22274.5373373,2823743.098249521
2021-07-14 04:00:00,Gemini,LTC/USD,124.82,133.01,124.82,129.26,6030.3147206,779478.480784756
2021-07-13 04:00:00,Gemini,LTC/USD,133.28,134.46,123.86,124.82,18723.8749172,2337114.0671649035
2021-07-12 04:00:00,Gemini,LTC/USD,135.37,139.66,131.88,133.28,23399.2238649,3118648.556713872
2021-07-11 04:00:00,Gemini,LTC/USD,132.35,136.49,132.25,135.37,12148.0255329,1644478.216388673
2021-07-10 04:00:00,Gemini,LTC/USD,133.76,135.55,130.34,132.35,6753.5509609,893832.469675115
2021-07-09 04:00:00,Gemini,LTC/USD,130.73,136.81,127.95,133.76,14078.2495009,1883106.6532403838
2021-07-08 04:00:00,Gemini,LTC/USD,135.3,135.3,126.15,130.73,17225.6649566,2251911.179776318
2021-07-07 04:00:00,Gemini,LTC/USD,140.22,143.0,133.42,135.3,19395.8842991,2624263.14566823
2021-07-06 04:00:00,Gemini,LTC/USD,138.55,142.76,135.76,140.22,12129.3122783,1700772.167663226
2021-07-05 04:00:00,Gemini,LTC/USD,141.27,141.94,134.0,138.55,15891.7633783,2201803.816063465
2021-07-04 04:00:00,Gemini,LTC/USD,138.63,148.02,138.54,141.27,13631.9972453,1925792.250843531
2021-07-03 04:00:00,Gemini,LTC/USD,135.35,141.46,134.93,138.63,5125.7294969,710579.880155247
2021-07-02 04:00:00,Gemini,LTC/USD,132.43,137.2,130.69,135.35,18054.7799789,2443714.4701441145
2021-07-01 04:00:00,Gemini,LTC/USD,139.14,140.85,132.07,132.43,26376.9219827,3493095.7781689614
2021-06-30 04:00:00,Gemini,LTC/USD,142.23,144.62,136.18,139.14,11586.5381457,1612150.9175926978
2021-06-29 04:00:00,Gemini,LTC/USD,138.46,149.14,138.35,142.23,29382.3761008,4179055.352816784
2021-06-28 04:00:00,Gemini,LTC/USD,130.68,142.16,129.98,138.46,28067.4133602,3886214.053853292
2021-06-27 04:00:00,Gemini,LTC/USD,129.24,133.16,124.69,130.68,14305.5347773,1869447.284697564
2021-06-26 04:00:00,Gemini,LTC/USD,126.65,129.49,118.79,129.24,26875.1407999,3473343.196979076
2021-06-25 04:00:00,Gemini,LTC/USD,137.17,137.86,123.96,126.65,32542.8621016,4121553.4851676403
2021-06-24 04:00:00,Gemini,LTC/USD,126.84,137.17,126.84,137.17,4.46643,612.6602030999999
2021-06-23 04:00:00,Gemini,LTC/USD,128.85,130.28,123.65,126.84,17102.776647,2169316.18990548
2021-06-22 04:00:00,Gemini,LTC/USD,131.42,131.79,105.0,128.85,114811.3976089,14793448.581906766
2021-06-21 04:00:00,Gemini,LTC/USD,149.54,149.7,119.81,131.42,53410.3442167,7019187.436958713
2021-06-20 04:00:00,Gemini,LTC/USD,153.26,156.17,143.8,149.54,20384.8779349,3048354.6463849456
2021-06-19 04:00:00,Gemini,LTC/USD,154.56,160.61,150.55,153.26,8192.1932419,1255535.536253594
2021-06-18 04:00:00,Gemini,LTC/USD,165.29,167.24,151.57,154.56,20498.7228079,3168282.597189024
2021-06-17 04:00:00,Gemini,LTC/USD,171.17,173.44,162.9,165.29,20810.8769447,3439829.8501894632
2021-06-16 04:00:00,Gemini,LTC/USD,172.63,172.63,165.43,171.17,2368.8584207,405477.49587121897
2021-06-15 04:00:00,Gemini,LTC/USD,178.68,181.0,170.42,172.63,23560.3791031,4067228.244568153
2021-06-14 04:00:00,Gemini,LTC/USD,168.57,181.21,166.56,178.68,27900.4279869,4985248.472699292
2021-06-13 04:00:00,Gemini,LTC/USD,157.54,172.58,156.88,168.57,20728.6065323,3494221.203149811
2021-06-12 04:00:00,Gemini,LTC/USD,157.03,164.38,154.28,157.54,20473.4360159,3225385.1099448856
2021-06-11 04:00:00,Gemini,LTC/USD,171.32,173.78,154.63,157.03,33114.0644749,5199901.544493547
2021-06-10 04:00:00,Gemini,LTC/USD,170.3,173.32,162.24,171.32,39964.03195,6846637.953673999
2021-06-09 04:00:00,Gemini,LTC/USD,154.73,174.61,154.73,170.3,13186.1164575,2245595.63271225
2021-06-08 04:00:00,Gemini,LTC/USD,156.54,163.03,145.04,154.73,36444.3435016,5639033.270002567
2021-06-07 04:00:00,Gemini,LTC/USD,181.05,182.26,152.73,156.54,32231.3516171,5045495.782140834
2021-06-06 04:00:00,Gemini,LTC/USD,176.61,182.25,172.94,181.05,22642.2026378,4099370.7875736905
2021-06-05 04:00:00,Gemini,LTC/USD,182.21,185.57,167.74,176.61,22877.7435891,4040438.295270951
2021-06-04 04:00:00,Gemini,LTC/USD,182.95,184.86,169.25,182.21,17854.0960692,3253194.844768932
2021-06-03 04:00:00,Gemini,LTC/USD,186.35,193.78,179.61,182.95,9287.477093,1699143.93416435
2021-06-02 04:00:00,Gemini,LTC/USD,182.53,191.32,180.02,186.35,14386.4841678,2680921.3246695297
2021-06-01 04:00:00,Gemini,LTC/USD,183.31,187.67,175.99,182.53,18565.1429673,3388695.5458212686
2021-05-31 04:00:00,Gemini,LTC/USD,165.84,193.04,163.9,183.31,26817.3839815,4915894.657648765
2021-05-30 04:00:00,Gemini,LTC/USD,166.49,181.0,163.8,165.84,50253.4666843,8334034.914924312
2021-05-29 04:00:00,Gemini,LTC/USD,186.36,187.45,155.3,166.49,37051.651106,6168729.39263794
2021-05-28 04:00:00,Gemini,LTC/USD,194.24,194.24,165.76,186.36,61876.230408,11531254.29883488
2021-05-27 04:00:00,Gemini,LTC/USD,184.11,203.91,184.11,194.24,15202.6192788,2952956.768714112
2021-05-26 04:00:00,Gemini,LTC/USD,191.73,204.42,180.78,184.11,65327.3442471,12027417.349333582
2021-05-25 04:00:00,Gemini,LTC/USD,181.84,192.31,167.66,191.73,42428.0599189,8134731.9282506965
2021-05-24 04:00:00,Gemini,LTC/USD,151.53,194.94,146.2,181.84,86443.9564812,15718969.04654141
2021-05-23 04:00:00,Gemini,LTC/USD,171.4,172.98,118.36,151.53,134914.0322397,20443523.30528174
2021-05-22 04:00:00,Gemini,LTC/USD,178.88,184.41,162.0,171.4,65258.2114475,11185257.4421015
2021-05-21 04:00:00,Gemini,LTC/USD,208.58,208.58,157.31,178.88,56104.1326436,10035907.247287167
2021-05-20 04:00:00,Gemini,LTC/USD,194.35,225.68,192.61,208.58,102991.4208676,21481950.56456401
2021-05-19 04:00:00,Gemini,LTC/USD,273.41,276.04,165.0,194.35,294761.3607665,57286870.46496928
2021-05-18 04:00:00,Gemini,LTC/USD,302.29,318.49,268.79,273.41,58271.0177222,15931878.955426702
2021-05-17 04:00:00,Gemini,LTC/USD,269.11,307.75,261.3,302.29,50790.2161131,15353374.428829001
2021-05-16 04:00:00,Gemini,LTC/USD,311.19,323.86,267.7,269.11,47809.7150207,12866072.409220578
2021-05-15 04:00:00,Gemini,LTC/USD,325.04,327.31,296.55,311.19,22539.1150704,7013947.218757776
2021-05-14 04:00:00,Gemini,LTC/USD,311.91,339.62,308.66,325.04,32980.6198167,10720020.665220167
2021-05-13 04:00:00,Gemini,LTC/USD,325.49,326.62,290.96,311.91,26900.7830905,8390623.253757857
2021-05-12 04:00:00,Gemini,LTC/USD,392.32,392.5,292.0,325.49,96151.8437401,31296463.61896515
2021-05-11 04:00:00,Gemini,LTC/USD,352.72,406.11,348.22,392.32,33736.324236,13235434.72426752
2021-05-10 04:00:00,Gemini,LTC/USD,409.76,409.97,334.78,352.72,81262.3068996,28662840.889626913
2021-05-09 04:00:00,Gemini,LTC/USD,339.49,413.89,334.52,409.76,57913.8244315,23730768.69905144
2021-05-08 04:00:00,Gemini,LTC/USD,353.15,356.06,335.0,339.49,23863.2199593,8101324.543982757
2021-05-07 04:00:00,Gemini,LTC/USD,352.04,372.85,333.88,353.15,46128.9024,16290421.882559998
2021-05-06 04:00:00,Gemini,LTC/USD,342.91,373.0,318.09,352.04,51291.0272047,18056493.21714259
2021-05-05 04:00:00,Gemini,LTC/USD,332.4,366.13,322.46,342.91,89332.3938544,30632971.176612306
2021-05-04 04:00:00,Gemini,LTC/USD,277.01,341.77,275.83,332.4,92222.9936914,30654923.103021357
2021-05-03 04:00:00,Gemini,LTC/USD,273.21,299.99,271.0,277.01,47974.2847193,13289356.610093292
2021-05-02 04:00:00,Gemini,LTC/USD,268.25,274.78,265.37,273.21,17850.5087162,4876937.4863530025
2021-05-01 04:00:00,Gemini,LTC/USD,274.48,278.71,265.92,268.25,17586.7535763,4717646.646842475
2021-04-30 04:00:00,Gemini,LTC/USD,260.2,275.08,260.2,274.48,15333.2846819,4208679.979487913
2021-04-29 04:00:00,Gemini,LTC/USD,254.21,262.9,248.85,260.2,25409.6094502,6611580.37894204
2021-04-28 04:00:00,Gemini,LTC/USD,255.99,260.54,248.5,254.21,25657.4080133,6522369.691060993
2021-04-27 04:00:00,Gemini,LTC/USD,248.44,267.03,246.63,255.99,26678.6337,6829463.440863
2021-04-26 04:00:00,Gemini,LTC/USD,238.39,252.07,236.28,248.44,24443.162582,6072659.31187208
2021-04-25 04:00:00,Gemini,LTC/USD,224.44,240.41,211.16,238.39,41116.7477766,9801821.502463674
2021-04-24 04:00:00,Gemini,LTC/USD,234.33,236.82,220.93,224.44,33810.3528983,7588395.604494452
2021-04-23 04:00:00,Gemini,LTC/USD,232.76,242.53,217.17,234.33,48838.4823855,11444321.577394215
2021-04-22 04:00:00,Gemini,LTC/USD,257.77,289.7,206.73,232.76,60038.0039473,13974445.798773548
2021-04-21 04:00:00,Gemini,LTC/USD,258.64,276.75,251.53,257.77,40267.538577,10379763.418993289
2021-04-20 04:00:00,Gemini,LTC/USD,247.8,273.18,234.65,258.64,46497.9540523,12026230.836086873
2021-04-19 04:00:00,Gemini,LTC/USD,280.5,281.44,237.94,247.8,98041.3426995,24294644.7209361
2021-04-18 04:00:00,Gemini,LTC/USD,273.18,282.59,246.0,280.5,63343.7053142,17767909.3406331
2021-04-17 04:00:00,Gemini,LTC/USD,323.92,335.53,230.97,273.18,127930.6173864,34948086.057616755
2021-04-16 04:00:00,Gemini,LTC/USD,295.14,334.28,276.92,323.92,79422.0315445,25726384.45789444
2021-04-15 04:00:00,Gemini,LTC/USD,278.44,297.15,266.29,295.14,55883.377686,16493420.090246039
2021-04-14 04:00:00,Gemini,LTC/USD,279.78,283.22,255.19,278.44,54483.1518264,15170288.794542816
2021-04-13 04:00:00,Gemini,LTC/USD,250.17,283.31,247.8,279.78,40569.798751,11350618.29455478
2021-04-12 04:00:00,Gemini,LTC/USD,253.87,258.79,240.01,250.17,40196.2581636,10055897.904787812
2021-04-11 04:00:00,Gemini,LTC/USD,250.48,263.02,244.65,253.87,53769.7728469,13650532.232642503
2021-04-10 04:00:00,Gemini,LTC/USD,226.62,258.28,225.73,250.48,76592.7518157,19184952.474796537
2021-04-09 04:00:00,Gemini,LTC/USD,224.34,228.83,218.99,226.62,31003.8982606,7026103.423817172
2021-04-08 04:00:00,Gemini,LTC/USD,221.42,228.9,221.42,224.34,21770.5672251,4884009.051278934
2021-04-07 04:00:00,Gemini,LTC/USD,239.92,242.85,211.0,221.42,121237.2434965,26844350.45499503
2021-04-06 04:00:00,Gemini,LTC/USD,218.43,244.46,212.38,239.92,139594.9656477,33491624.158196185
2021-04-05 04:00:00,Gemini,LTC/USD,202.81,227.73,198.26,218.43,44641.1126875,9750958.244330624
2021-04-04 04:00:00,Gemini,LTC/USD,199.46,207.51,196.96,202.81,15359.8668085,3115134.5874318853
2021-04-03 04:00:00,Gemini,LTC/USD,210.75,217.51,192.43,199.46,22566.7064486,4501155.268237757
2021-04-02 04:00:00,Gemini,LTC/USD,206.18,214.76,201.39,210.75,22987.6816569,4844653.9091916755
2021-04-01 04:00:00,Gemini,LTC/USD,197.47,208.83,194.19,206.18,25614.7799339,5281255.326771502
2021-03-31 04:00:00,Gemini,LTC/USD,193.62,200.82,187.21,197.47,21002.2776898,4147319.7754048062
2021-03-30 04:00:00,Gemini,LTC/USD,190.84,200.0,190.11,193.62,18270.7997253,3537592.242812586
2021-03-29 04:00:00,Gemini,LTC/USD,190.62,197.36,189.97,190.84,14472.8602202,2762000.644422968
2021-03-28 04:00:00,Gemini,LTC/USD,186.28,192.15,180.39,190.62,12679.8944512,2417041.480287744
2021-03-27 04:00:00,Gemini,LTC/USD,181.8,186.28,177.84,186.28,11350.6044984,2114390.605961952
2021-03-26 04:00:00,Gemini,LTC/USD,175.15,184.8,174.01,181.8,16810.0268528,3056062.8818390407
2021-03-25 04:00:00,Gemini,LTC/USD,175.83,178.15,167.72,175.15,21976.8966257,3849253.443991355
2021-03-24 04:00:00,Gemini,LTC/USD,191.02,196.99,171.32,175.83,36668.4923813,6447421.015403979
2021-03-23 04:00:00,Gemini,LTC/USD,188.27,193.32,181.29,191.02,18704.6189579,3572956.313338058
2021-03-22 04:00:00,Gemini,LTC/USD,194.83,198.43,184.91,188.27,21343.8226465,4018401.4896565555
2021-03-21 04:00:00,Gemini,LTC/USD,199.27,199.46,190.28,194.83,9210.3974091,1794461.7272149532
2021-03-20 04:00:00,Gemini,LTC/USD,202.2,206.17,197.4,199.27,16596.7501861,3307234.409584147
2021-03-19 04:00:00,Gemini,LTC/USD,201.09,202.98,199.0,202.2,4280.0424941,865424.59230702
2021-03-18 04:00:00,Gemini,LTC/USD,204.75,208.19,195.9,201.09,20402.9448022,4102828.170274398
2021-03-17 04:00:00,Gemini,LTC/USD,197.29,207.93,194.39,204.75,21607.8107285,4424199.246660375
2021-03-16 04:00:00,Gemini,LTC/USD,196.38,205.2,193.25,197.29,27922.37977,5508806.3048233
2021-03-15 04:00:00,Gemini,LTC/USD,219.66,222.4,191.29,196.38,69245.6269453,13598456.219518013
2021-03-14 04:00:00,Gemini,LTC/USD,224.18,224.75,212.29,219.66,27016.7207667,5934492.883613322
2021-03-13 04:00:00,Gemini,LTC/USD,217.13,230.0,214.69,224.18,42523.0499776,9532817.343978368
2021-03-12 04:00:00,Gemini,LTC/USD,209.49,224.0,200.91,217.13,56028.2908388,12165422.789828643
2021-03-11 04:00:00,Gemini,LTC/USD,199.59,211.37,197.45,209.49,21411.0265971,4485395.961826479
2021-03-10 04:00:00,Gemini,LTC/USD,193.28,207.98,192.47,199.59,34097.542765,6805528.56046635
2021-03-09 04:00:00,Gemini,LTC/USD,199.0,207.78,191.52,193.28,32679.8932444,6316369.766277632
2021-03-08 04:00:00,Gemini,LTC/USD,188.53,200.55,179.89,199.0,36671.3701338,7297602.6566262
2021-03-07 04:00:00,Gemini,LTC/USD,184.55,195.21,182.46,188.53,20095.9645071,3788692.188523563
2021-03-06 04:00:00,Gemini,LTC/USD,179.56,186.77,174.84,184.55,20794.3682841,3837600.666830655
2021-03-05 04:00:00,Gemini,LTC/USD,173.12,184.46,169.8,179.56,32761.2228386,5882605.172899016
2021-03-04 04:00:00,Gemini,LTC/USD,185.14,187.66,168.63,173.12,26065.2335898,4512413.239066176
2021-03-03 04:00:00,Gemini,LTC/USD,185.1,196.66,184.79,185.14,47944.2800469,8876404.007883064
2021-03-02 04:00:00,Gemini,LTC/USD,173.54,185.29,170.77,185.1,29134.9123624,5392872.27828024
2021-03-01 04:00:00,Gemini,LTC/USD,165.43,179.78,163.69,173.54,31620.4260082,5487408.729463028
2021-02-28 04:00:00,Gemini,LTC/USD,158.59,169.9,153.09,165.43,34206.086511,5658712.891514731
2021-02-27 04:00:00,Gemini,LTC/USD,176.05,179.82,158.1,158.59,28036.5582996,4446317.780733564
2021-02-26 04:00:00,Gemini,LTC/USD,176.76,181.16,162.87,176.05,44743.5789677,7877107.077263585
2021-02-25 04:00:00,Gemini,LTC/USD,181.64,196.0,169.5,176.76,38714.9265218,6843250.411993368
2021-02-24 04:00:00,Gemini,LTC/USD,184.42,189.47,172.31,181.64,50500.0923616,9172836.776561024
2021-02-23 04:00:00,Gemini,LTC/USD,195.58,198.3,158.88,184.42,111651.5557692,20590779.914955862
2021-02-22 04:00:00,Gemini,LTC/USD,219.45,223.44,178.0,195.58,61611.5516267,12049987.267149987
2021-02-21 04:00:00,Gemini,LTC/USD,227.43,232.98,218.93,219.45,24113.8315322,5291780.32974129
2021-02-20 04:00:00,Gemini,LTC/USD,243.55,245.21,214.71,227.43,32412.9478161,7371676.721815623
2021-02-19 04:00:00,Gemini,LTC/USD,224.91,246.98,222.88,243.55,44002.1057591,10716712.857628806
2021-02-18 04:00:00,Gemini,LTC/USD,232.72,232.72,220.0,224.91,17503.565819,3936726.9883512896
2021-02-17 04:00:00,Gemini,LTC/USD,208.92,239.41,203.57,232.72,63585.468375,14797610.200229999
2021-02-16 04:00:00,Gemini,LTC/USD,216.5,221.83,200.49,208.92,39780.5957908,8310962.072613935
2021-02-15 04:00:00,Gemini,LTC/USD,199.37,220.21,191.11,216.5,43384.9971803,9392851.88953495
2021-02-14 04:00:00,Gemini,LTC/USD,215.95,230.71,186.23,199.37,73911.0888945,14735653.792896466
2021-02-13 04:00:00,Gemini,LTC/USD,206.89,229.5,192.0,215.95,65669.6017114,14181350.48957683
2021-02-12 04:00:00,Gemini,LTC/USD,183.12,207.81,177.0,206.89,64784.977093,13403363.91077077
2021-02-11 04:00:00,Gemini,LTC/USD,182.53,191.24,181.02,183.12,19447.4506112,3561217.155922944
2021-02-10 04:00:00,Gemini,LTC/USD,189.1,195.56,170.52,182.53,54301.2872779,9911613.966835087
2021-02-09 04:00:00,Gemini,LTC/USD,172.44,194.79,164.4,189.1,51786.076492,9792747.064637199
2021-02-08 04:00:00,Gemini,LTC/USD,148.49,172.87,148.29,172.44,49389.2595687,8516683.920026628
2021-02-07 04:00:00,Gemini,LTC/USD,152.22,155.19,145.31,148.49,32870.8182087,4880987.795809864
2021-02-06 04:00:00,Gemini,LTC/USD,161.7,164.0,150.77,152.22,30551.6849987,4650577.4905021135
2021-02-05 04:00:00,Gemini,LTC/USD,148.08,164.0,147.53,161.7,40444.6712634,6539903.343291779
2021-02-04 04:00:00,Gemini,LTC/USD,149.99,149.99,143.48,148.08,11789.1278331,1745734.0495254481
2021-02-03 04:00:00,Gemini,LTC/USD,153.44,158.94,148.54,149.99,25529.5604497,3829178.771850503
2021-02-02 04:00:00,Gemini,LTC/USD,133.23,154.75,133.23,153.44,54922.9535792,8427377.997192448
2021-02-01 04:00:00,Gemini,LTC/USD,130.57,136.5,127.65,133.23,30296.2589753,4036370.5832792185
2021-01-31 04:00:00,Gemini,LTC/USD,131.59,133.86,125.85,130.57,22381.7905025,2922390.3859114246
2021-01-30 04:00:00,Gemini,LTC/USD,130.15,135.9,128.75,131.59,25533.9356352,3360010.590235968
2021-01-29 04:00:00,Gemini,LTC/USD,136.2,146.12,127.78,130.15,39270.1407576,5111008.81960164
2021-01-28 04:00:00,Gemini,LTC/USD,127.36,139.18,127.36,136.2,21859.7237235,2977294.3711407
2021-01-27 04:00:00,Gemini,LTC/USD,131.83,131.85,118.14,127.36,29508.8642756,3758248.954140416
2021-01-26 04:00:00,Gemini,LTC/USD,134.89,137.45,128.37,131.83,16280.9614466,2146319.1475052782
2021-01-25 04:00:00,Gemini,LTC/USD,147.01,147.32,133.95,134.89,24758.8076988,3339715.5704911314
2021-01-24 04:00:00,Gemini,LTC/USD,140.72,147.68,133.9,147.01,23284.2156131,3423012.537281831
2021-01-23 04:00:00,Gemini,LTC/USD,137.16,143.49,136.0,140.72,31506.8152151,4433639.037068872
2021-01-22 04:00:00,Gemini,LTC/USD,134.98,141.79,133.22,137.16,27079.5012159,3714224.386772844
2021-01-21 04:00:00,Gemini,LTC/USD,144.77,144.77,122.8,134.98,18609.3243965,2511886.60703957
2021-01-20 04:00:00,Gemini,LTC/USD,148.74,153.75,137.57,144.77,24865.7158717,3599809.686746009
2021-01-19 04:00:00,Gemini,LTC/USD,158.59,166.15,147.74,148.74,50321.7677089,7484859.729021787
2021-01-18 04:00:00,Gemini,LTC/USD,139.7,160.41,138.69,158.59,53205.1424097,8437803.534754323
2021-01-17 04:00:00,Gemini,LTC/USD,143.98,145.75,136.6,139.7,18933.8450912,2645058.15924064
2021-01-16 04:00:00,Gemini,LTC/USD,143.67,152.63,139.29,143.98,24341.1486891,3504638.5882566175
2021-01-15 04:00:00,Gemini,LTC/USD,150.0,151.74,130.0,143.67,41259.3964726,5927737.491218441
2021-01-14 04:00:00,Gemini,LTC/USD,145.02,155.29,145.02,150.0,4416.5325958,662479.88937
2021-01-13 04:00:00,Gemini,LTC/USD,133.72,149.99,129.94,145.02,30655.9037107,4445719.156125714
2021-01-12 04:00:00,Gemini,LTC/USD,140.8,146.78,125.67,133.72,57900.9617042,7742516.599085624
2021-01-11 04:00:00,Gemini,LTC/USD,143.22,149.17,112.01,140.8,189473.712749,26677898.7550592
2021-01-10 04:00:00,Gemini,LTC/USD,179.08,185.93,123.23,143.22,73183.5118874,10481342.572513428
2021-01-09 04:00:00,Gemini,LTC/USD,171.49,186.37,163.65,179.08,34613.9067723,6198658.424783484
2021-01-08 04:00:00,Gemini,LTC/USD,158.38,182.11,155.6,171.49,48038.2906634,8238086.465866467
2021-01-07 04:00:00,Gemini,LTC/USD,170.5,170.5,150.43,158.38,15276.8855544,2419553.134105872
2021-01-06 04:00:00,Gemini,LTC/USD,157.04,173.24,157.04,170.5,53189.9888721,9068893.102693051
2021-01-05 04:00:00,Gemini,LTC/USD,149.58,163.56,146.8,157.04,46622.1471118,7321541.982437071
2021-01-04 04:00:00,Gemini,LTC/USD,164.71,174.87,138.0,149.58,91816.4236269,13733900.646111703
2021-01-03 04:00:00,Gemini,LTC/USD,135.78,165.0,135.53,164.71,59307.6641424,9768565.360894704
2021-01-02 04:00:00,Gemini,LTC/USD,125.4,141.73,124.3,135.78,40854.6929817,5547250.213055226
