Datetime,Exchange,Symbol_Pair,Open,High,Low,Close,Volume_in_DOGE,Volume_USD
2022-12-26 04:00:00,Gemini,DOGE/USD,0.07632,0.07634,0.07423,0.0751,1495496.298356,112311.77200653561
2022-12-25 04:00:00,Gemini,DOGE/USD,0.0771,0.07723,0.07344,0.07632,1430867.985703,109203.84466885297
2022-12-24 04:00:00,Gemini,DOGE/USD,0.07744,0.07807,0.07679,0.0771,899631.423866,69361.58278006861
2022-12-23 04:00:00,Gemini,DOGE/USD,0.07791,0.07892,0.07631,0.07744,2132987.332891,165178.53905907902
2022-12-22 04:00:00,Gemini,DOGE/USD,0.07375,0.07867,0.07375,0.07791,937891.673087,73071.14025020816
2022-12-21 04:00:00,Gemini,DOGE/USD,0.07311,0.07429,0.07139,0.07375,1535613.563437,113251.50030347874
2022-12-20 04:00:00,Gemini,DOGE/USD,0.07397,0.07542,0.07278,0.07311,2846372.663119,208098.30540063008
2022-12-19 04:00:00,Gemini,DOGE/USD,0.07735,0.07821,0.07,0.07397,4202939.970629,310891.4696274271
2022-12-18 04:00:00,Gemini,DOGE/USD,0.07916,0.0801,0.07679,0.07735,2101281.936746,162534.1578073031
2022-12-17 04:00:00,Gemini,DOGE/USD,0.07705,0.07963,0.07679,0.07916,1742670.885621,137949.82730575834
2022-12-16 04:00:00,Gemini,DOGE/USD,0.08664,0.08664,0.07401,0.07705,13404440.004722,1032812.10236383
2022-12-15 04:00:00,Gemini,DOGE/USD,0.08755,0.08755,0.08401,0.08664,1510342.593441,130856.08229572824
2022-12-14 04:00:00,Gemini,DOGE/USD,0.09169,0.0923,0.08635,0.08755,4176288.117375,365634.02467618126
2022-12-13 04:00:00,Gemini,DOGE/USD,0.08965,0.09584,0.08687,0.09169,7860768.347601,720753.8497915356
2022-12-12 04:00:00,Gemini,DOGE/USD,0.0875,0.0917,0.0868,0.08965,5182839.000235,464641.5163710677
2022-12-11 04:00:00,Gemini,DOGE/USD,0.09678,0.09702,0.08482,0.0875,5909117.080048,517047.7445042
2022-12-10 04:00:00,Gemini,DOGE/USD,0.0966,0.09742,0.09618,0.09678,2553253.393998,247103.86347112645
2022-12-09 04:00:00,Gemini,DOGE/USD,0.09797,0.09877,0.09582,0.0966,2501644.743785,241658.88224963102
2022-12-08 04:00:00,Gemini,DOGE/USD,0.09654,0.09939,0.09461,0.09797,2331170.546679,228384.77845814163
2022-12-07 04:00:00,Gemini,DOGE/USD,0.09973,0.09973,0.09421,0.09654,2647508.319754,255590.45318905116
2022-12-06 04:00:00,Gemini,DOGE/USD,0.10214,0.10223,0.098,0.09973,4703734.655303,469103.45717336814
2022-12-05 04:00:00,Gemini,DOGE/USD,0.10399,0.11163,0.09938,0.10214,12758591.533658,1303162.539247828
2022-12-04 04:00:00,Gemini,DOGE/USD,0.10143,0.10555,0.10143,0.10399,7127863.345129,741226.5092599647
2022-12-03 04:00:00,Gemini,DOGE/USD,0.10109,0.10269,0.09813,0.10143,8472358.457546,859351.3183488908
2022-12-02 04:00:00,Gemini,DOGE/USD,0.09851,0.10303,0.09688,0.10109,8452863.527435,854499.973988404
2022-12-01 04:00:00,Gemini,DOGE/USD,0.10455,0.10455,0.09798,0.09851,2178600.920352,214613.9766638755
2022-11-30 04:00:00,Gemini,DOGE/USD,0.10591,0.10945,0.09905,0.10455,7675680.977197,802492.4461659463
2022-11-29 04:00:00,Gemini,DOGE/USD,0.1009,0.10944,0.09911,0.10591,9873602.823178,1045713.2750027821
2022-11-28 04:00:00,Gemini,DOGE/USD,0.09496,0.10401,0.09086,0.1009,8545349.183428,862225.7326078853
2022-11-27 04:00:00,Gemini,DOGE/USD,0.08943,0.10765,0.08911,0.09496,15730833.184189,1493799.9191705873
2022-11-26 04:00:00,Gemini,DOGE/USD,0.0924,0.09448,0.08726,0.08943,4662534.775193,416970.48494551
2022-11-25 04:00:00,Gemini,DOGE/USD,0.082,0.09534,0.08084,0.0924,10425768.064541,963340.9691635885
2022-11-24 04:00:00,Gemini,DOGE/USD,0.08285,0.08316,0.08047,0.082,1255860.416326,102980.554138732
2022-11-23 04:00:00,Gemini,DOGE/USD,0.08169,0.0841,0.079,0.08285,5595728.111216,463606.0740142456
2022-11-22 04:00:00,Gemini,DOGE/USD,0.07584,0.08208,0.073,0.08169,4542682.445111,371091.7289411176
2022-11-21 04:00:00,Gemini,DOGE/USD,0.07526,0.07722,0.07123,0.07584,3635253.07733,275697.5933847072
2022-11-20 04:00:00,Gemini,DOGE/USD,0.0848,0.08567,0.07371,0.07526,3975166.74911,299171.0495380186
2022-11-19 04:00:00,Gemini,DOGE/USD,0.08417,0.08533,0.083,0.0848,1089017.120011,92348.65177693279
2022-11-18 04:00:00,Gemini,DOGE/USD,0.08571,0.08571,0.08349,0.08417,1440450.115474,121242.68621944658
2022-11-17 04:00:00,Gemini,DOGE/USD,0.08494,0.08661,0.08201,0.08571,39093996.092441,3350746.405083118
2022-11-16 04:00:00,Gemini,DOGE/USD,0.08787,0.08787,0.0837,0.08494,4091288.748163,347514.06626896525
2022-11-15 04:00:00,Gemini,DOGE/USD,0.08663,0.08964,0.085,0.08787,5032642.819945,442218.3245885672
2022-11-14 04:00:00,Gemini,DOGE/USD,0.08197,0.091,0.08062,0.08663,9823474.97599,851007.6371700136
2022-11-13 04:00:00,Gemini,DOGE/USD,0.09065,0.09069,0.0792,0.08197,9938555.278403,814663.376170694
2022-11-12 04:00:00,Gemini,DOGE/USD,0.08211,0.09444,0.07802,0.09065,15030919.291687,1362552.8337914266
2022-11-11 04:00:00,Gemini,DOGE/USD,0.084,0.08944,0.07981,0.08211,9617544.416372,789696.5720283049
2022-11-10 04:00:00,Gemini,DOGE/USD,0.07961,0.09424,0.07868,0.084,23976301.442539,2014009.321173276
2022-11-09 04:00:00,Gemini,DOGE/USD,0.08478,0.08665,0.07,0.07961,22789473.043234,1814269.948971859
2022-11-08 04:00:00,Gemini,DOGE/USD,0.10238,0.11294,0.07731,0.08478,80237890.772597,6802568.379700773
2022-11-07 04:00:00,Gemini,DOGE/USD,0.11813,0.119,0.10145,0.10238,18382704.175934,1882021.253532123
2022-11-06 04:00:00,Gemini,DOGE/USD,0.12503,0.12759,0.11191,0.11813,13617834.919258,1608674.8390119476
2022-11-05 04:00:00,Gemini,DOGE/USD,0.12491,0.13581,0.12,0.12503,18158011.386993,2270296.1637157346
2022-11-04 04:00:00,Gemini,DOGE/USD,0.11942,0.12914,0.11689,0.12491,37114284.180211,4635945.236950155
2022-11-03 04:00:00,Gemini,DOGE/USD,0.13394,0.13688,0.11559,0.11942,51522985.121994,6152874.883268524
2022-11-02 04:00:00,Gemini,DOGE/USD,0.14149,0.14149,0.12141,0.13394,23809864.540075,3189093.2564976458
2022-11-01 04:00:00,Gemini,DOGE/USD,0.12791,0.15898,0.1256,0.14149,74326047.816557,10516392.50556465
2022-10-31 04:00:00,Gemini,DOGE/USD,0.12208,0.1324,0.11376,0.12791,61066398.521523,7811003.034888007
2022-10-30 04:00:00,Gemini,DOGE/USD,0.12824,0.14342,0.1113,0.12208,139892632.198896,17078092.53884122
2022-10-29 04:00:00,Gemini,DOGE/USD,0.08632,0.15153,0.08425,0.12824,168899832.71789,21659714.54774221
2022-10-28 04:00:00,Gemini,DOGE/USD,0.07406,0.09,0.073,0.08632,65459568.699541,5650469.970144379
2022-10-27 04:00:00,Gemini,DOGE/USD,0.07628,0.08545,0.07255,0.07406,58762548.384145,4351954.333329779
2022-10-26 04:00:00,Gemini,DOGE/USD,0.06584,0.07686,0.06584,0.07628,3542946.432214,270255.9538492839
2022-10-25 04:00:00,Gemini,DOGE/USD,0.06055,0.06696,0.05942,0.06584,16113406.333576,1060906.6730026437
2022-10-24 04:00:00,Gemini,DOGE/USD,0.05973,0.06089,0.05867,0.06055,4129218.398692,250024.1740408006
2022-10-23 04:00:00,Gemini,DOGE/USD,0.05958,0.06089,0.05871,0.05973,3235268.844861,193242.6081035475
2022-10-22 04:00:00,Gemini,DOGE/USD,0.05945,0.05989,0.05906,0.05958,2078243.27295,123821.734202361
2022-10-21 04:00:00,Gemini,DOGE/USD,0.05891,0.05984,0.05717,0.05945,3655195.214042,217301.3554747969
2022-10-20 04:00:00,Gemini,DOGE/USD,0.05926,0.06031,0.05876,0.05891,2343016.445853,138027.09882520023
2022-10-19 04:00:00,Gemini,DOGE/USD,0.05991,0.06072,0.05823,0.05926,2307477.993557,136741.14589818782
2022-10-18 04:00:00,Gemini,DOGE/USD,0.05999,0.06115,0.05851,0.05991,3800075.615652,227662.53013371132
2022-10-17 04:00:00,Gemini,DOGE/USD,0.05879,0.06026,0.05865,0.05999,1915260.857228,114896.49882510772
2022-10-16 04:00:00,Gemini,DOGE/USD,0.05889,0.05942,0.05851,0.05879,2202598.286672,129490.75327344687
2022-10-15 04:00:00,Gemini,DOGE/USD,0.05903,0.05974,0.05796,0.05889,3519248.023012,207248.51607517668
2022-10-14 04:00:00,Gemini,DOGE/USD,0.06049,0.06081,0.05813,0.05903,3692187.665973,217949.8379223862
2022-10-13 04:00:00,Gemini,DOGE/USD,0.05891,0.061,0.05501,0.06049,9964282.893674,602739.4722383402
2022-10-12 04:00:00,Gemini,DOGE/USD,0.0606,0.0606,0.05831,0.05891,687319.450027,40489.98880109057
2022-10-11 04:00:00,Gemini,DOGE/USD,0.05902,0.06095,0.05886,0.0606,2286465.236729,138559.7933457774
2022-10-10 04:00:00,Gemini,DOGE/USD,0.06223,0.06237,0.05755,0.05902,7489015.211475,442001.6777812545
2022-10-09 04:00:00,Gemini,DOGE/USD,0.06145,0.06252,0.06122,0.06223,1725019.981509,107347.99344930507
2022-10-08 04:00:00,Gemini,DOGE/USD,0.06248,0.06252,0.06122,0.06145,1861616.766879,114396.35032471454
2022-10-07 04:00:00,Gemini,DOGE/USD,0.06344,0.0638,0.06134,0.06248,8904563.499489,556357.1274480728
2022-10-06 04:00:00,Gemini,DOGE/USD,0.06605,0.06605,0.06291,0.06344,3948405.95042,250486.8734946448
2022-10-05 04:00:00,Gemini,DOGE/USD,0.06499,0.06679,0.06272,0.06605,10377746.213916,685450.1374291518
2022-10-04 04:00:00,Gemini,DOGE/USD,0.06026,0.06684,0.06,0.06499,20512049.465911,1333078.094789556
2022-10-03 04:00:00,Gemini,DOGE/USD,0.05947,0.06051,0.05904,0.06026,2431560.909764,146525.86042237867
2022-10-02 04:00:00,Gemini,DOGE/USD,0.06073,0.06095,0.05882,0.05947,2695845.485906,160321.93104682982
2022-10-01 04:00:00,Gemini,DOGE/USD,0.06165,0.0621,0.06026,0.06073,4004313.457916,243181.95629923866
2022-09-30 04:00:00,Gemini,DOGE/USD,0.06037,0.06311,0.0596,0.06165,17539213.875608,1081292.5354312332
2022-09-29 04:00:00,Gemini,DOGE/USD,0.06081,0.06105,0.0593,0.06037,2877660.44965,173724.3613453705
2022-09-28 04:00:00,Gemini,DOGE/USD,0.05937,0.06104,0.05937,0.06081,1214417.376272,73848.72065110032
2022-09-27 04:00:00,Gemini,DOGE/USD,0.06257,0.06304,0.0585,0.05937,5973468.877356,354644.8472486257
2022-09-26 04:00:00,Gemini,DOGE/USD,0.06123,0.06277,0.0598,0.06257,11188322.822172,700053.358983302
2022-09-25 04:00:00,Gemini,DOGE/USD,0.06337,0.06384,0.06001,0.06123,7348644.211392,449957.4850635322
2022-09-24 04:00:00,Gemini,DOGE/USD,0.06589,0.06679,0.06255,0.06337,15495263.563681,981934.8520304649
2022-09-23 04:00:00,Gemini,DOGE/USD,0.06146,0.06825,0.05913,0.06589,28080610.912612,1850231.4530320046
2022-09-22 04:00:00,Gemini,DOGE/USD,0.05743,0.06148,0.05736,0.06146,3510596.011516,215761.23086777338
2022-09-21 04:00:00,Gemini,DOGE/USD,0.05921,0.06088,0.05613,0.05743,5502235.394228,315993.3786905141
2022-09-20 04:00:00,Gemini,DOGE/USD,0.0586,0.0606,0.05758,0.05921,3409132.0954,201854.711368634
2022-09-19 04:00:00,Gemini,DOGE/USD,0.05686,0.0588,0.05586,0.0586,3618984.433587,212072.48780819817
2022-09-18 04:00:00,Gemini,DOGE/USD,0.06135,0.06173,0.05621,0.05686,11044620.864105,627997.1423330102
2022-09-17 04:00:00,Gemini,DOGE/USD,0.06059,0.06241,0.0602,0.06135,2435106.397381,149393.77747932437
2022-09-16 04:00:00,Gemini,DOGE/USD,0.05951,0.06092,0.0588,0.06059,2322926.171602,140746.09673736518
2022-09-15 04:00:00,Gemini,DOGE/USD,0.0602,0.06117,0.05808,0.05951,3429353.577592,204080.83140249993
2022-09-14 04:00:00,Gemini,DOGE/USD,0.06054,0.06149,0.05972,0.0602,1797677.372577,108220.17782913538
2022-09-13 04:00:00,Gemini,DOGE/USD,0.06357,0.06413,0.05923,0.06054,7307305.555838,442384.2783504325
2022-09-12 04:00:00,Gemini,DOGE/USD,0.06296,0.06542,0.06276,0.06357,2370398.3303,150686.221857171
2022-09-11 04:00:00,Gemini,DOGE/USD,0.06427,0.06471,0.06265,0.06296,4701675.413717,296017.4840476223
2022-09-10 04:00:00,Gemini,DOGE/USD,0.06377,0.06554,0.06327,0.06427,6905789.727784,443835.10580467765
2022-09-09 04:00:00,Gemini,DOGE/USD,0.06224,0.06487,0.06212,0.06377,7706551.194174,491446.76965247595
2022-09-08 04:00:00,Gemini,DOGE/USD,0.06093,0.0625,0.05966,0.06224,4293568.022229,267231.67370353296
2022-09-07 04:00:00,Gemini,DOGE/USD,0.05842,0.06149,0.05842,0.06093,1555641.522917,94785.23799133282
2022-09-06 04:00:00,Gemini,DOGE/USD,0.06333,0.06379,0.0574,0.05842,8801726.861107,514196.8832258709
2022-09-05 04:00:00,Gemini,DOGE/USD,0.06316,0.06531,0.06097,0.06333,5477209.697495,346871.69014235836
2022-09-04 04:00:00,Gemini,DOGE/USD,0.06264,0.06385,0.06192,0.06316,3119717.326105,197041.34631679178
2022-09-03 04:00:00,Gemini,DOGE/USD,0.06135,0.06403,0.06122,0.06264,3277946.671969,205330.57953213816
2022-09-02 04:00:00,Gemini,DOGE/USD,0.06258,0.06277,0.06076,0.06135,2623834.074144,160972.2204487344
2022-09-01 04:00:00,Gemini,DOGE/USD,0.06067,0.06282,0.0599,0.06258,4739427.847016,296593.3946662613
2022-08-31 04:00:00,Gemini,DOGE/USD,0.06318,0.06318,0.06034,0.06067,1046935.402012,63517.57084006804
2022-08-30 04:00:00,Gemini,DOGE/USD,0.06355,0.06448,0.06015,0.06318,3521530.446013,222490.29357910133
2022-08-29 04:00:00,Gemini,DOGE/USD,0.06195,0.06429,0.06128,0.06355,3885898.461682,246948.8472398911
2022-08-28 04:00:00,Gemini,DOGE/USD,0.06327,0.06426,0.06077,0.06195,7678423.844304,475678.3571546328
2022-08-27 04:00:00,Gemini,DOGE/USD,0.06387,0.0641,0.06228,0.06327,6292262.734684,398111.4632234567
2022-08-26 04:00:00,Gemini,DOGE/USD,0.06911,0.06953,0.06282,0.06387,10263534.013508,655531.9174427559
2022-08-25 04:00:00,Gemini,DOGE/USD,0.06826,0.07178,0.06768,0.06911,5211127.455843,360141.01847330976
2022-08-24 04:00:00,Gemini,DOGE/USD,0.06725,0.06954,0.06725,0.06826,2481007.125913,169353.5464148214
2022-08-23 04:00:00,Gemini,DOGE/USD,0.06852,0.0692,0.06688,0.06725,3530676.604725,237438.00166775627
2022-08-22 04:00:00,Gemini,DOGE/USD,0.06828,0.06896,0.06526,0.06852,19966057.280704,1368074.244873838
2022-08-21 04:00:00,Gemini,DOGE/USD,0.06843,0.07072,0.06745,0.06828,4335362.82887,296018.57395524357
2022-08-20 04:00:00,Gemini,DOGE/USD,0.06959,0.07114,0.06764,0.06843,11223192.060443,768003.0326961146
2022-08-19 04:00:00,Gemini,DOGE/USD,0.07394,0.0745,0.06707,0.06959,29022597.925696,2019682.5896491846
2022-08-18 04:00:00,Gemini,DOGE/USD,0.08084,0.08228,0.07215,0.07394,13996822.15791,1034925.0303558655
2022-08-17 04:00:00,Gemini,DOGE/USD,0.085,0.08893,0.07937,0.08084,15221753.508123,1230526.5535966633
2022-08-16 04:00:00,Gemini,DOGE/USD,0.07943,0.08966,0.07853,0.085,26935682.020724,2289532.97176154
2022-08-15 04:00:00,Gemini,DOGE/USD,0.08039,0.08047,0.07474,0.07943,21778781.65662,1729888.6269853266
2022-08-14 04:00:00,Gemini,DOGE/USD,0.07431,0.08469,0.07415,0.08039,24237176.768396,1948426.6404113546
2022-08-13 04:00:00,Gemini,DOGE/USD,0.07305,0.0746,0.07264,0.07431,2328288.078642,173015.08712388703
2022-08-12 04:00:00,Gemini,DOGE/USD,0.07142,0.07333,0.06976,0.07305,5027816.995846,367282.0315465503
2022-08-11 04:00:00,Gemini,DOGE/USD,0.07192,0.07202,0.06998,0.07142,2307180.564489,164778.83591580437
2022-08-10 04:00:00,Gemini,DOGE/USD,0.06791,0.07242,0.06758,0.07192,5289349.44726,380410.0122469392
2022-08-09 04:00:00,Gemini,DOGE/USD,0.0707,0.07425,0.06676,0.06791,8849997.943593,601003.3603494006
2022-08-08 04:00:00,Gemini,DOGE/USD,0.06989,0.07278,0.06919,0.0707,6860371.984557,485028.2993081799
2022-08-07 04:00:00,Gemini,DOGE/USD,0.06839,0.07029,0.06817,0.06989,5752613.054441,402050.1263748815
2022-08-06 04:00:00,Gemini,DOGE/USD,0.07,0.07041,0.06743,0.06839,1878693.691255,128483.86154492946
2022-08-05 04:00:00,Gemini,DOGE/USD,0.06847,0.0713,0.06792,0.07,11182266.720423,782758.6704296101
2022-08-04 04:00:00,Gemini,DOGE/USD,0.06702,0.0685,0.06578,0.06847,3302635.195764,226131.43185396108
2022-08-03 04:00:00,Gemini,DOGE/USD,0.06649,0.06818,0.06574,0.06702,1099146.06078,73664.76899347559
2022-08-02 04:00:00,Gemini,DOGE/USD,0.06597,0.06848,0.06513,0.06649,3308877.56669,220007.26940921808
2022-08-01 04:00:00,Gemini,DOGE/USD,0.07007,0.07062,0.06577,0.06597,6353226.702635,419122.365572831
2022-07-31 04:00:00,Gemini,DOGE/USD,0.0704,0.07225,0.06783,0.07007,3652027.678283,255897.5794172898
2022-07-30 04:00:00,Gemini,DOGE/USD,0.06891,0.07448,0.06796,0.0704,7405799.834296,521368.3083344384
2022-07-29 04:00:00,Gemini,DOGE/USD,0.0716,0.07235,0.06727,0.06891,9010290.310871,620899.1053221206
2022-07-28 04:00:00,Gemini,DOGE/USD,0.06674,0.07199,0.06674,0.0716,5973083.793109,427672.79958660435
2022-07-27 04:00:00,Gemini,DOGE/USD,0.06184,0.06735,0.0618,0.06674,5260081.79043,351057.8586932982
2022-07-26 04:00:00,Gemini,DOGE/USD,0.06168,0.06274,0.06015,0.06184,1813572.416003,112151.31820562552
2022-07-25 04:00:00,Gemini,DOGE/USD,0.06461,0.06559,0.06122,0.06168,6181211.042155,381257.0970801204
2022-07-24 04:00:00,Gemini,DOGE/USD,0.06778,0.06901,0.06419,0.06461,2632176.119678,170064.8990923956
2022-07-23 04:00:00,Gemini,DOGE/USD,0.06819,0.06949,0.06598,0.06778,2580103.066717,174879.38586207828
2022-07-22 04:00:00,Gemini,DOGE/USD,0.06951,0.07139,0.06682,0.06819,3210657.580323,218934.74040222538
2022-07-21 04:00:00,Gemini,DOGE/USD,0.06831,0.07087,0.06722,0.06951,4718702.745708,327997.0278541631
2022-07-20 04:00:00,Gemini,DOGE/USD,0.06965,0.07692,0.06695,0.06831,12717116.486336,868706.2271816122
2022-07-19 04:00:00,Gemini,DOGE/USD,0.06629,0.07027,0.0654,0.06965,8214467.904622,572137.6895569223
2022-07-18 04:00:00,Gemini,DOGE/USD,0.06472,0.0689,0.06463,0.06629,10448677.755554,692642.8484156746
2022-07-17 04:00:00,Gemini,DOGE/USD,0.06436,0.06545,0.06291,0.06472,3480282.536107,225243.88573684503
2022-07-16 04:00:00,Gemini,DOGE/USD,0.06258,0.06486,0.06177,0.06436,2269568.532142,146069.43072865912
2022-07-15 04:00:00,Gemini,DOGE/USD,0.06252,0.06442,0.06194,0.06258,5513189.809503,345015.41827869776
2022-07-14 04:00:00,Gemini,DOGE/USD,0.06138,0.06327,0.05948,0.06252,4196197.444157,262346.2642086956
2022-07-13 04:00:00,Gemini,DOGE/USD,0.06034,0.06219,0.06,0.06138,817620.468899,50185.54438102061
2022-07-12 04:00:00,Gemini,DOGE/USD,0.06199,0.06298,0.0591,0.06034,8129689.093284,490545.43988875655
2022-07-11 04:00:00,Gemini,DOGE/USD,0.06593,0.06609,0.06115,0.06199,5431092.722153,336673.43784626445
2022-07-10 04:00:00,Gemini,DOGE/USD,0.06801,0.06854,0.06563,0.06593,12682020.51458,836125.6125262595
2022-07-09 04:00:00,Gemini,DOGE/USD,0.06929,0.07012,0.06783,0.06801,2330045.631486,158466.40339736285
2022-07-08 04:00:00,Gemini,DOGE/USD,0.07193,0.07237,0.0682,0.06929,6045053.252238,418861.739847571
2022-07-07 04:00:00,Gemini,DOGE/USD,0.06866,0.07337,0.06784,0.07193,6272623.754268,451189.82664449717
2022-07-06 04:00:00,Gemini,DOGE/USD,0.06698,0.06942,0.06698,0.06866,1863101.975395,127920.5816306207
2022-07-05 04:00:00,Gemini,DOGE/USD,0.06941,0.06981,0.06539,0.06698,6320123.029201,423321.84049588296
2022-07-04 04:00:00,Gemini,DOGE/USD,0.06651,0.06993,0.06564,0.06941,4525665.374377,314126.4336355076
2022-07-03 04:00:00,Gemini,DOGE/USD,0.06629,0.06899,0.06477,0.06651,3657850.780035,243283.65538012784
2022-07-02 04:00:00,Gemini,DOGE/USD,0.06642,0.06783,0.06538,0.06629,3901732.127007,258645.82269929405
2022-07-01 04:00:00,Gemini,DOGE/USD,0.06599,0.06776,0.06382,0.06642,6560845.251969,435771.34163578105
2022-06-30 04:00:00,Gemini,DOGE/USD,0.0684,0.06884,0.06223,0.06599,13112477.950732,865292.4199688046
2022-06-29 04:00:00,Gemini,DOGE/USD,0.06663,0.0715,0.06663,0.0684,2961781.325086,202585.8426358824
2022-06-28 04:00:00,Gemini,DOGE/USD,0.07018,0.07322,0.06538,0.06663,6198393.188109,412998.93812370265
2022-06-27 04:00:00,Gemini,DOGE/USD,0.07504,0.07869,0.06875,0.07018,10229158.867354,717882.3693109038
2022-06-26 04:00:00,Gemini,DOGE/USD,0.06791,0.0775,0.06763,0.07504,26777395.325618,2009375.7452343744
2022-06-25 04:00:00,Gemini,DOGE/USD,0.06768,0.06928,0.06508,0.06791,5026759.313031,341367.2249479352
2022-06-24 04:00:00,Gemini,DOGE/USD,0.06521,0.06851,0.06429,0.06768,9485724.337987,641993.8231949602
2022-06-23 04:00:00,Gemini,DOGE/USD,0.0627,0.06635,0.0619,0.06521,5925529.825898,386403.7999468086
2022-06-22 04:00:00,Gemini,DOGE/USD,0.06271,0.06377,0.06112,0.0627,4576392.335781,286939.7994534687
2022-06-21 04:00:00,Gemini,DOGE/USD,0.06031,0.0643,0.06031,0.06271,531880.976321,33354.25602508991
2022-06-20 04:00:00,Gemini,DOGE/USD,0.05838,0.06141,0.0575,0.06031,6383243.51627,384973.4164662437
2022-06-19 04:00:00,Gemini,DOGE/USD,0.05188,0.0631,0.05114,0.05838,34457942.45569,2011654.680563182
2022-06-18 04:00:00,Gemini,DOGE/USD,0.0564,0.05692,0.04912,0.05188,24472374.6508,1269626.7968835041
2022-06-17 04:00:00,Gemini,DOGE/USD,0.05577,0.05809,0.05567,0.0564,7078631.649869,399234.8250526116
2022-06-16 04:00:00,Gemini,DOGE/USD,0.06019,0.06076,0.05417,0.05577,19941125.063866,1112116.5448118069
2022-06-15 04:00:00,Gemini,DOGE/USD,0.05353,0.06382,0.05183,0.06019,21201107.81472,1276094.679367997
2022-06-14 04:00:00,Gemini,DOGE/USD,0.0553,0.05829,0.05295,0.05353,13947372.106405,746602.8288558596
2022-06-13 04:00:00,Gemini,DOGE/USD,0.0598,0.06235,0.04969,0.0553,58941462.073732,3259462.8526773797
2022-06-12 04:00:00,Gemini,DOGE/USD,0.06602,0.06942,0.05876,0.0598,35171235.297265,2103239.870776447
2022-06-11 04:00:00,Gemini,DOGE/USD,0.0758,0.07647,0.0645,0.06602,14442972.078324,953525.0166109503
2022-06-10 04:00:00,Gemini,DOGE/USD,0.07936,0.07953,0.07422,0.0758,4439880.769898,336542.96235826844
2022-06-09 04:00:00,Gemini,DOGE/USD,0.07986,0.08099,0.07776,0.07936,2112984.927778,167686.4838684621
2022-06-08 04:00:00,Gemini,DOGE/USD,0.07948,0.08008,0.07875,0.07986,1376937.454226,109962.22509448836
2022-06-07 04:00:00,Gemini,DOGE/USD,0.07929,0.08218,0.07895,0.07948,4672994.942486,371409.6380287873
2022-06-06 04:00:00,Gemini,DOGE/USD,0.08303,0.08456,0.0777,0.07929,5288049.875336,419289.4746153914
2022-06-05 04:00:00,Gemini,DOGE/USD,0.0809,0.08351,0.08058,0.08303,2239586.833972,185952.8948246952
2022-06-04 04:00:00,Gemini,DOGE/USD,0.07977,0.08239,0.07977,0.0809,2155619.416838,174389.6108221942
2022-06-03 04:00:00,Gemini,DOGE/USD,0.08259,0.08259,0.0793,0.07977,3602187.540524,287346.5001075994
2022-06-02 04:00:00,Gemini,DOGE/USD,0.0806,0.08308,0.08021,0.08259,5847613.626951,482954.40944988304
2022-06-01 04:00:00,Gemini,DOGE/USD,0.08557,0.08943,0.07875,0.0806,8666241.604243,698499.0733019857
2022-05-31 04:00:00,Gemini,DOGE/USD,0.08751,0.08769,0.083,0.08557,8871667.177237,759148.56035617
2022-05-30 04:00:00,Gemini,DOGE/USD,0.08442,0.0885,0.08388,0.08751,21945717.437815,1920469.7329831908
2022-05-29 04:00:00,Gemini,DOGE/USD,0.0807,0.08504,0.08049,0.08442,5085399.703288,429309.44295157294
2022-05-28 04:00:00,Gemini,DOGE/USD,0.08195,0.08305,0.07978,0.0807,4227367.518558,341148.55874763057
2022-05-27 04:00:00,Gemini,DOGE/USD,0.07844,0.09,0.07609,0.08195,15691364.727184,1285907.3393927286
2022-05-26 04:00:00,Gemini,DOGE/USD,0.08288,0.08288,0.0765,0.07844,3533767.360733,277188.7117758965
2022-05-25 04:00:00,Gemini,DOGE/USD,0.0839,0.0839,0.08251,0.08288,295420.265978,24484.431644256638
2022-05-24 04:00:00,Gemini,DOGE/USD,0.08412,0.09,0.08006,0.0839,8752229.868915,734312.0860019686
2022-05-23 04:00:00,Gemini,DOGE/USD,0.08542,0.0882,0.08203,0.08412,7598128.952887,639154.6075168544
2022-05-22 04:00:00,Gemini,DOGE/USD,0.08442,0.08648,0.08366,0.08542,4813880.364065,411201.66069843224
2022-05-21 04:00:00,Gemini,DOGE/USD,0.08419,0.08529,0.08357,0.08442,2555880.194626,215767.40603032688
2022-05-20 04:00:00,Gemini,DOGE/USD,0.08649,0.0873,0.08241,0.08419,3747799.763445,315527.26208443457
2022-05-19 04:00:00,Gemini,DOGE/USD,0.08436,0.08784,0.08258,0.08649,4733722.026777,409419.6180959427
2022-05-18 04:00:00,Gemini,DOGE/USD,0.08861,0.08935,0.0813,0.08436,10432770.080434,880108.4839854123
2022-05-17 04:00:00,Gemini,DOGE/USD,0.08977,0.0912,0.08681,0.08861,7086749.788677,627956.8987746689
2022-05-16 04:00:00,Gemini,DOGE/USD,0.09012,0.09063,0.08577,0.08977,9889869.017219,887813.5416757496
2022-05-15 04:00:00,Gemini,DOGE/USD,0.08716,0.09313,0.08649,0.09012,12750586.124531,1149082.8215427338
2022-05-14 04:00:00,Gemini,DOGE/USD,0.08972,0.09128,0.08346,0.08716,12617297.257595,1099723.6289719802
2022-05-13 04:00:00,Gemini,DOGE/USD,0.0931,0.09625,0.08679,0.08972,24340039.616918,2183788.354429883
2022-05-12 04:00:00,Gemini,DOGE/USD,0.07854,0.09462,0.06559,0.0931,57505857.615356,5353795.343989643
2022-05-11 04:00:00,Gemini,DOGE/USD,0.10927,0.10927,0.07739,0.07854,34800356.181572,2733219.9745006645
2022-05-10 04:00:00,Gemini,DOGE/USD,0.10894,0.1182,0.10531,0.10927,21253784.248113,2322401.0047913077
2022-05-09 04:00:00,Gemini,DOGE/USD,0.12218,0.12298,0.09936,0.10894,20339267.356956,2215759.7858667867
2022-05-08 04:00:00,Gemini,DOGE/USD,0.12638,0.12673,0.12101,0.12218,4631336.084401,565856.6427921142
2022-05-07 04:00:00,Gemini,DOGE/USD,0.12762,0.13225,0.12412,0.12638,6175582.00876,780470.0542670888
2022-05-06 04:00:00,Gemini,DOGE/USD,0.12817,0.12978,0.12338,0.12762,6577867.406885,839467.4384666638
2022-05-05 04:00:00,Gemini,DOGE/USD,0.137,0.13737,0.12521,0.12817,10343220.524007,1325690.5745619773
2022-05-04 04:00:00,Gemini,DOGE/USD,0.12966,0.13763,0.12904,0.137,7606625.854045,1042107.7420041651
2022-05-03 04:00:00,Gemini,DOGE/USD,0.13123,0.1319,0.12643,0.12966,5669218.38848,735070.8562503168
2022-05-02 04:00:00,Gemini,DOGE/USD,0.13226,0.13387,0.12758,0.13123,5083047.416618,667048.3124827802
2022-05-01 04:00:00,Gemini,DOGE/USD,0.13017,0.13661,0.12897,0.13226,6055151.749072,800854.3703322627
2022-04-30 04:00:00,Gemini,DOGE/USD,0.13579,0.13681,0.12419,0.13017,7027401.570034,914756.8623713258
2022-04-29 04:00:00,Gemini,DOGE/USD,0.14151,0.14502,0.13315,0.13579,10372425.222291,1408471.6209348948
2022-04-28 04:00:00,Gemini,DOGE/USD,0.13929,0.14226,0.1354,0.14151,11958258.008473,1692213.0907790142
2022-04-27 04:00:00,Gemini,DOGE/USD,0.13984,0.14341,0.13667,0.13929,11450781.583647,1594979.3667861905
2022-04-26 04:00:00,Gemini,DOGE/USD,0.1535,0.16652,0.13516,0.13984,42790844.392318,5983871.679821749
2022-04-25 04:00:00,Gemini,DOGE/USD,0.12864,0.17076,0.12251,0.1535,73347967.647296,11258913.033859935
2022-04-24 04:00:00,Gemini,DOGE/USD,0.13434,0.13475,0.12483,0.12864,5346549.646468,687780.1465216435
2022-04-23 04:00:00,Gemini,DOGE/USD,0.13488,0.1359,0.13329,0.13434,3265606.944363,438701.63690572535
2022-04-22 04:00:00,Gemini,DOGE/USD,0.13664,0.13811,0.13468,0.13488,4252106.226053,573524.0877700287
2022-04-21 04:00:00,Gemini,DOGE/USD,0.14092,0.14298,0.1342,0.13664,8027082.276854,1096820.5223093308
2022-04-20 04:00:00,Gemini,DOGE/USD,0.143,0.143,0.14057,0.14092,1014109.578747,142908.32183702724
2022-04-19 04:00:00,Gemini,DOGE/USD,0.13962,0.14446,0.13927,0.143,7358911.302339,1052324.3162344769
2022-04-18 04:00:00,Gemini,DOGE/USD,0.14003,0.14144,0.13313,0.13962,10386410.221983,1450150.5951932664
2022-04-17 04:00:00,Gemini,DOGE/USD,0.14294,0.14489,0.13844,0.14003,5783965.240027,809928.6525609808
2022-04-16 04:00:00,Gemini,DOGE/USD,0.1468,0.14704,0.14145,0.14294,3216602.215837,459781.1207317408
2022-04-15 04:00:00,Gemini,DOGE/USD,0.14383,0.14979,0.14316,0.1468,11166806.308046,1639287.1660211529
2022-04-14 04:00:00,Gemini,DOGE/USD,0.14105,0.14754,0.137,0.14383,18257447.813471,2625968.7190115345
2022-04-13 04:00:00,Gemini,DOGE/USD,0.14055,0.14228,0.13905,0.14105,2422621.397273,341710.74808535667
2022-04-12 04:00:00,Gemini,DOGE/USD,0.13595,0.14458,0.13455,0.14055,12445195.690487,1749172.2542979477
2022-04-11 04:00:00,Gemini,DOGE/USD,0.14624,0.14761,0.13305,0.13595,19902662.146934,2705766.918875677
2022-04-10 04:00:00,Gemini,DOGE/USD,0.14987,0.15816,0.14495,0.14624,22253273.113555,3254318.6601262833
2022-04-09 04:00:00,Gemini,DOGE/USD,0.1423,0.15187,0.14169,0.14987,8054372.268559,1207108.7718889373
2022-04-08 04:00:00,Gemini,DOGE/USD,0.15038,0.15343,0.14062,0.1423,10362027.326124,1474516.4885074452
2022-04-07 04:00:00,Gemini,DOGE/USD,0.14276,0.15145,0.14085,0.15038,10404152.140085,1564576.3988259826
2022-04-06 04:00:00,Gemini,DOGE/USD,0.1598,0.1598,0.13987,0.14276,15023373.610964,2144736.816701221
2022-04-05 04:00:00,Gemini,DOGE/USD,0.15044,0.18,0.14949,0.1598,45187784.933637,7221008.032395192
2022-04-04 04:00:00,Gemini,DOGE/USD,0.14466,0.15657,0.14141,0.15044,53098328.050159,7988112.471865919
2022-04-03 04:00:00,Gemini,DOGE/USD,0.13919,0.14956,0.13916,0.14466,15428500.754911,2231886.9192054253
2022-04-02 04:00:00,Gemini,DOGE/USD,0.14287,0.14439,0.1363,0.13919,25871631.027705,3601072.322746259
2022-04-01 04:00:00,Gemini,DOGE/USD,0.13494,0.14426,0.13436,0.14287,14394141.679151,2056491.0217003033
2022-03-31 04:00:00,Gemini,DOGE/USD,0.1447,0.14794,0.13226,0.13494,15654134.585798,2112368.9210075825
2022-03-30 04:00:00,Gemini,DOGE/USD,0.14249,0.14598,0.14162,0.1447,4185886.883822,605697.8320890435
2022-03-29 04:00:00,Gemini,DOGE/USD,0.14456,0.14889,0.13817,0.14249,12189632.704505,1736900.7640649176
2022-03-28 04:00:00,Gemini,DOGE/USD,0.14894,0.15389,0.14073,0.14456,19464988.011359,2813858.6669220566
2022-03-27 04:00:00,Gemini,DOGE/USD,0.14135,0.15041,0.13631,0.14894,13511135.131811,2012348.4665319303
2022-03-26 04:00:00,Gemini,DOGE/USD,0.13132,0.1421,0.13108,0.14135,7085326.216349,1001510.8606809312
2022-03-25 04:00:00,Gemini,DOGE/USD,0.13536,0.13766,0.1275,0.13132,9160448.691121,1202950.1221180097
2022-03-24 04:00:00,Gemini,DOGE/USD,0.13637,0.14137,0.13214,0.13536,17971360.403191,2432603.344175934
2022-03-23 04:00:00,Gemini,DOGE/USD,0.12187,0.13848,0.12187,0.13637,11965057.707149,1631674.9195239092
2022-03-22 04:00:00,Gemini,DOGE/USD,0.12174,0.12564,0.1212,0.12187,4585796.843351,558871.0612991864
2022-03-21 04:00:00,Gemini,DOGE/USD,0.11944,0.1225,0.11878,0.12174,1265529.166064,154065.52067663136
2022-03-20 04:00:00,Gemini,DOGE/USD,0.12228,0.12307,0.11749,0.11944,3584339.79164,428113.5447134816
2022-03-19 04:00:00,Gemini,DOGE/USD,0.11878,0.12513,0.11869,0.12228,5637832.435303,689394.1501888508
2022-03-18 04:00:00,Gemini,DOGE/USD,0.11501,0.12049,0.11436,0.11878,7813395.852905,928075.1594080558
2022-03-17 04:00:00,Gemini,DOGE/USD,0.11695,0.11944,0.11474,0.11501,5283316.610181,607634.2433369168
2022-03-16 04:00:00,Gemini,DOGE/USD,0.11274,0.11779,0.11253,0.11695,2831622.726494,331158.2778634733
2022-03-15 04:00:00,Gemini,DOGE/USD,0.11247,0.116,0.11022,0.11274,4623027.762013,521200.1498893457
2022-03-14 04:00:00,Gemini,DOGE/USD,0.11137,0.122,0.11133,0.11247,8410153.992962,945890.0195884362
2022-03-13 04:00:00,Gemini,DOGE/USD,0.11588,0.11628,0.10997,0.11137,3150948.904776,350921.1795249031
2022-03-12 04:00:00,Gemini,DOGE/USD,0.11642,0.11703,0.11425,0.11588,1251021.878213,144968.41524732244
2022-03-11 04:00:00,Gemini,DOGE/USD,0.11587,0.11861,0.11384,0.11642,2912682.441432,339094.48983151343
2022-03-10 04:00:00,Gemini,DOGE/USD,0.11898,0.11908,0.11465,0.11587,3977315.929795,460851.5967853466
2022-03-09 04:00:00,Gemini,DOGE/USD,0.12157,0.12207,0.11843,0.11898,1079861.551937,128481.92744946425
2022-03-08 04:00:00,Gemini,DOGE/USD,0.11897,0.12175,0.11671,0.12157,655507.045861,79689.99156532176
2022-03-07 04:00:00,Gemini,DOGE/USD,0.11912,0.12264,0.1133,0.11897,5104490.87688,607281.2796224137
2022-03-06 04:00:00,Gemini,DOGE/USD,0.12414,0.12489,0.11822,0.11912,4061404.054638,483794.4509884786
2022-03-05 04:00:00,Gemini,DOGE/USD,0.1227,0.12558,0.12202,0.12414,1557129.540038,193302.06110031734
2022-03-04 04:00:00,Gemini,DOGE/USD,0.12602,0.12861,0.12019,0.1227,7662723.761839,940216.2055776452
2022-03-03 04:00:00,Gemini,DOGE/USD,0.13202,0.13379,0.12488,0.12602,3982072.613059,501820.79069769516
2022-03-02 04:00:00,Gemini,DOGE/USD,0.13496,0.13496,0.13113,0.13202,1496062.947935,197510.2303863787
2022-03-01 04:00:00,Gemini,DOGE/USD,0.13259,0.146,0.1298,0.13496,84886789.743948,11456321.143843222
2022-02-28 04:00:00,Gemini,DOGE/USD,0.12337,0.13999,0.12165,0.13259,32079828.632948,4253464.478442576
2022-02-27 04:00:00,Gemini,DOGE/USD,0.12502,0.12838,0.1212,0.12337,3034324.003019,374344.552252454
2022-02-26 04:00:00,Gemini,DOGE/USD,0.12912,0.12967,0.1239,0.12502,2541989.421253,317799.51744505
2022-02-25 04:00:00,Gemini,DOGE/USD,0.12361,0.13066,0.12061,0.12912,18015617.556996,2326176.5389593234
2022-02-24 04:00:00,Gemini,DOGE/USD,0.11569,0.12498,0.11569,0.12361,1500006.853259,185415.84713134498
2022-02-23 04:00:00,Gemini,DOGE/USD,0.13045,0.13558,0.11352,0.11569,8731066.040204,1010097.0301912008
2022-02-22 04:00:00,Gemini,DOGE/USD,0.1256,0.132,0.12475,0.13045,4981674.180895,649859.3968977528
2022-02-21 04:00:00,Gemini,DOGE/USD,0.13914,0.14186,0.12398,0.1256,7863646.432431,987673.9919133335
2022-02-20 04:00:00,Gemini,DOGE/USD,0.1388,0.14012,0.13513,0.13914,3467413.826709,482455.9598482903
2022-02-19 04:00:00,Gemini,DOGE/USD,0.14145,0.14633,0.1379,0.1388,3126803.684095,434000.351352386
2022-02-18 04:00:00,Gemini,DOGE/USD,0.14105,0.14284,0.13612,0.14145,5751777.244953,813588.8912986018
2022-02-17 04:00:00,Gemini,DOGE/USD,0.14799,0.14983,0.13716,0.14105,4365073.654379,615693.638950158
2022-02-16 04:00:00,Gemini,DOGE/USD,0.15006,0.15026,0.14647,0.14799,2591781.965289,383557.81304311915
2022-02-15 04:00:00,Gemini,DOGE/USD,0.14836,0.15237,0.14737,0.15006,4897247.335839,734880.9352160003
2022-02-14 04:00:00,Gemini,DOGE/USD,0.14528,0.14937,0.14292,0.14836,4465342.157754,662478.1625243834
2022-02-13 04:00:00,Gemini,DOGE/USD,0.14455,0.15792,0.14357,0.14528,22903794.535276,3327463.270084897
2022-02-12 04:00:00,Gemini,DOGE/USD,0.14518,0.14749,0.14065,0.14455,4440485.818234,641872.2250257249
2022-02-11 04:00:00,Gemini,DOGE/USD,0.15222,0.15432,0.14221,0.14518,5874650.981981,852881.8295640016
2022-02-10 04:00:00,Gemini,DOGE/USD,0.15783,0.16056,0.14891,0.15222,10885458.08292,1656984.4293820823
2022-02-09 04:00:00,Gemini,DOGE/USD,0.15595,0.1597,0.15595,0.15783,130539.419176,20603.03652854808
2022-02-08 04:00:00,Gemini,DOGE/USD,0.16525,0.16985,0.15318,0.15595,12521591.268449,1952742.1583146215
2022-02-07 04:00:00,Gemini,DOGE/USD,0.1595,0.17312,0.15493,0.16525,18851730.515475,3115248.4676822443
2022-02-06 04:00:00,Gemini,DOGE/USD,0.14809,0.16104,0.14471,0.1595,9124635.822342,1455379.413663549
2022-02-05 04:00:00,Gemini,DOGE/USD,0.1479,0.15071,0.14463,0.14809,7172245.221972,1062137.7949218336
2022-02-04 04:00:00,Gemini,DOGE/USD,0.13822,0.14978,0.1379,0.1479,8626475.523912,1275855.7299865847
2022-02-03 04:00:00,Gemini,DOGE/USD,0.13774,0.13885,0.13481,0.13822,7732038.884272,1068722.4145840758
2022-02-02 04:00:00,Gemini,DOGE/USD,0.14298,0.14298,0.13579,0.13774,5007759.389076,689768.7782513283
2022-02-01 04:00:00,Gemini,DOGE/USD,0.14369,0.14438,0.14135,0.14298,8747483.285523,1250715.1601640785
2022-01-31 04:00:00,Gemini,DOGE/USD,0.13789,0.14407,0.13643,0.14369,9886463.210822,1420585.8987630133
2022-01-30 04:00:00,Gemini,DOGE/USD,0.14181,0.14366,0.13652,0.13789,9755948.756888,1345247.7740872866
2022-01-29 04:00:00,Gemini,DOGE/USD,0.14202,0.14428,0.14055,0.14181,6827221.645348,968168.3015267999
2022-01-28 04:00:00,Gemini,DOGE/USD,0.14107,0.14282,0.1379,0.14202,6058395.787491,860413.3697394719
2022-01-27 04:00:00,Gemini,DOGE/USD,0.14012,0.14599,0.13614,0.14107,10808590.086588,1524767.8035149693
2022-01-26 04:00:00,Gemini,DOGE/USD,0.1459,0.1534,0.13839,0.14012,8622126.732539,1208132.3977633647
2022-01-25 04:00:00,Gemini,DOGE/USD,0.13659,0.1506,0.13259,0.1459,29799542.166758,4347753.202129993
2022-01-24 04:00:00,Gemini,DOGE/USD,0.13936,0.14097,0.12594,0.13659,45897625.683548,6269156.692115821
2022-01-23 04:00:00,Gemini,DOGE/USD,0.13679,0.14458,0.13481,0.13936,21599313.27784,3010080.2983997827
2022-01-22 04:00:00,Gemini,DOGE/USD,0.14229,0.14366,0.12011,0.13679,35177035.525189,4811866.689490602
2022-01-21 04:00:00,Gemini,DOGE/USD,0.14982,0.15485,0.13972,0.14229,22092358.577694,3143521.702020079
2022-01-20 04:00:00,Gemini,DOGE/USD,0.16544,0.16932,0.14867,0.14982,15559178.391765,2331076.1066542324
2022-01-19 04:00:00,Gemini,DOGE/USD,0.16628,0.16635,0.16101,0.16544,2893802.988431,478750.7664060247
2022-01-18 04:00:00,Gemini,DOGE/USD,0.16867,0.17232,0.16176,0.16628,16818219.462407,2796533.5322090364
2022-01-17 04:00:00,Gemini,DOGE/USD,0.16965,0.17455,0.16575,0.16867,14602891.716152,2463069.7457633577
2022-01-16 04:00:00,Gemini,DOGE/USD,0.18023,0.18438,0.16927,0.16965,14356599.490963,2435597.103641873
2022-01-15 04:00:00,Gemini,DOGE/USD,0.19067,0.19491,0.17875,0.18023,9895028.21414,1783380.9350344522
2022-01-14 04:00:00,Gemini,DOGE/USD,0.17621,0.215,0.175,0.19067,80487595.874723,15346569.905433435
2022-01-13 04:00:00,Gemini,DOGE/USD,0.16664,0.1814,0.16149,0.17621,28310029.1508,4988510.236662468
2022-01-12 04:00:00,Gemini,DOGE/USD,0.15311,0.16794,0.15311,0.16664,8422458.192139,1403518.433138043
2022-01-11 04:00:00,Gemini,DOGE/USD,0.14571,0.16685,0.14295,0.15311,18085950.259027,2769139.844159624
2022-01-10 04:00:00,Gemini,DOGE/USD,0.15107,0.15212,0.13704,0.14571,19231955.683855,2802288.2626945125
2022-01-09 04:00:00,Gemini,DOGE/USD,0.15154,0.15377,0.14857,0.15107,4422926.951039,668171.5744934619
2022-01-08 04:00:00,Gemini,DOGE/USD,0.15652,0.15786,0.14528,0.15154,14736744.049107,2233206.193201675
2022-01-07 04:00:00,Gemini,DOGE/USD,0.15304,0.15801,0.14922,0.15652,17782308.408128,2783286.9120401945
2022-01-06 04:00:00,Gemini,DOGE/USD,0.15489,0.16202,0.1518,0.15304,9553163.510252,1462016.1436089664
2022-01-05 04:00:00,Gemini,DOGE/USD,0.16979,0.17067,0.14751,0.15489,14986113.469131,2321199.1152337007
2022-01-04 04:00:00,Gemini,DOGE/USD,0.16986,0.1725,0.16671,0.16979,14889982.194377,2528170.0767832706
2022-01-03 04:00:00,Gemini,DOGE/USD,0.17192,0.1734,0.16756,0.16986,3041303.10815,516595.7459503591
2022-01-02 04:00:00,Gemini,DOGE/USD,0.17271,0.17633,0.17069,0.17192,2567188.889431,441351.11387097754
2022-01-01 04:00:00,Gemini,DOGE/USD,0.17147,0.17374,0.16968,0.17271,3545594.455405,612359.6183929975
2021-12-31 04:00:00,Gemini,DOGE/USD,0.17145,0.17573,0.16625,0.17147,15086666.541929,2586910.7119445656
2021-12-30 04:00:00,Gemini,DOGE/USD,0.16903,0.17573,0.16881,0.17145,12334298.509649,2114715.479479321
2021-12-29 04:00:00,Gemini,DOGE/USD,0.17678,0.17709,0.16521,0.16903,14013615.08171,2368721.3572614416
2021-12-28 04:00:00,Gemini,DOGE/USD,0.18126,0.18228,0.1718,0.17678,13353939.566905,2360709.436637466
2021-12-27 04:00:00,Gemini,DOGE/USD,0.19079,0.1929,0.1784,0.18126,11708618.686236,2122304.2230671374
2021-12-26 04:00:00,Gemini,DOGE/USD,0.18608,0.19257,0.18526,0.19079,5313867.010752,1013832.686981374
2021-12-25 04:00:00,Gemini,DOGE/USD,0.18736,0.19556,0.18563,0.18608,15500189.262842,2884275.218029639
2021-12-24 04:00:00,Gemini,DOGE/USD,0.18303,0.19555,0.17956,0.18736,29306835.843733,5490928.763681815
2021-12-23 04:00:00,Gemini,DOGE/USD,0.17454,0.18531,0.17367,0.18303,26062069.645441,4770140.607205066
2021-12-22 04:00:00,Gemini,DOGE/USD,0.1723,0.17722,0.17136,0.17454,5348328.584612,933497.2711581785
2021-12-21 04:00:00,Gemini,DOGE/USD,0.16994,0.17325,0.16801,0.1723,9297171.432289,1601902.637783395
2021-12-20 04:00:00,Gemini,DOGE/USD,0.16992,0.17083,0.16122,0.16994,14622656.872144,2484974.3088521515
2021-12-19 04:00:00,Gemini,DOGE/USD,0.17278,0.17465,0.16762,0.16992,6289200.796388,1068660.9993222489
2021-12-18 04:00:00,Gemini,DOGE/USD,0.1697,0.1758,0.16889,0.17278,15833261.489989,2735670.9202402993
2021-12-17 04:00:00,Gemini,DOGE/USD,0.17441,0.18145,0.16158,0.1697,21163679.846172,3591476.4698953885
2021-12-16 04:00:00,Gemini,DOGE/USD,0.18073,0.18073,0.17239,0.17441,1619210.77991,282406.5521241031
2021-12-15 04:00:00,Gemini,DOGE/USD,0.18382,0.18615,0.17062,0.18073,38742705.627705,7001969.188095124
2021-12-14 04:00:00,Gemini,DOGE/USD,0.15732,0.22018,0.155,0.18382,241550886.091,44401883.88124762
2021-12-13 04:00:00,Gemini,DOGE/USD,0.1652,0.16639,0.15175,0.15732,15753513.066793,2478342.6756678745
2021-12-12 04:00:00,Gemini,DOGE/USD,0.16814,0.17376,0.16336,0.1652,12194511.409773,2014533.2848944997
2021-12-11 04:00:00,Gemini,DOGE/USD,0.16518,0.17001,0.16458,0.16814,7414310.126399,1246642.104652728
2021-12-10 04:00:00,Gemini,DOGE/USD,0.17151,0.17284,0.16142,0.16518,11889220.807386,1963861.4929640193
2021-12-09 04:00:00,Gemini,DOGE/USD,0.17708,0.17708,0.16909,0.17151,4320898.093652,741077.2320422544
2021-12-08 04:00:00,Gemini,DOGE/USD,0.17691,0.18228,0.1727,0.17708,11398475.308125,2018442.007562775
2021-12-07 04:00:00,Gemini,DOGE/USD,0.17948,0.18416,0.17356,0.17691,27721567.41323567,4904222.491075523
2021-12-06 04:00:00,Gemini,DOGE/USD,0.17147,0.18441,0.15973,0.17948,61870653.23728486,11104544.843027888
2021-12-05 04:00:00,Gemini,DOGE/USD,0.17902,0.181,0.16257,0.17147,24712245.14323205,4237408.67471
2021-12-04 04:00:00,Gemini,DOGE/USD,0.19018,0.19361,0.12941,0.17902,114686632.49819022,20531200.949826017
2021-12-03 04:00:00,Gemini,DOGE/USD,0.20737,0.21222,0.19,0.19018,21911882.05138361,4167201.728532135
2021-12-02 04:00:00,Gemini,DOGE/USD,0.20425,0.21316,0.20425,0.20737,4462660.66321377,925421.9417306394
2021-12-01 04:00:00,Gemini,DOGE/USD,0.21657,0.21657,0.20174,0.20425,5400503.03429581,1103052.7447549193
2021-11-30 04:00:00,Gemini,DOGE/USD,0.22149,0.2276,0.21293,0.21657,21214425.22020897,4594408.069940656
2021-11-29 04:00:00,Gemini,DOGE/USD,0.20554,0.2253,0.20299,0.22149,31314492.75462314,6935847.00022148
2021-11-28 04:00:00,Gemini,DOGE/USD,0.1995,0.20894,0.19182,0.20554,9064509.0200848,1863119.1839882298
2021-11-27 04:00:00,Gemini,DOGE/USD,0.2053,0.20962,0.19689,0.1995,9886749.12646174,1972406.4507291173
2021-11-26 04:00:00,Gemini,DOGE/USD,0.21879,0.21879,0.18893,0.2053,47968579.6609989,9847949.404403076
2021-11-25 04:00:00,Gemini,DOGE/USD,0.21969,0.22953,0.215,0.21879,11130053.07256126,2435144.311745678
2021-11-24 04:00:00,Gemini,DOGE/USD,0.2232,0.2251,0.21149,0.21969,12063935.77909739,2650326.0513099055
2021-11-23 04:00:00,Gemini,DOGE/USD,0.22271,0.23696,0.21403,0.2232,14776961.12623721,3298217.7233761456
2021-11-22 04:00:00,Gemini,DOGE/USD,0.22245,0.22763,0.217,0.22271,5883716.51395977,1310362.5048239804
2021-11-21 04:00:00,Gemini,DOGE/USD,0.2289,0.23164,0.22082,0.22245,4972561.06917626,1106146.2098382593
2021-11-20 04:00:00,Gemini,DOGE/USD,0.2336,0.23569,0.22584,0.2289,5536729.22888673,1267357.3204921724
2021-11-19 04:00:00,Gemini,DOGE/USD,0.21863,0.23756,0.21863,0.2336,6723746.56790207,1570667.1982619234
2021-11-18 04:00:00,Gemini,DOGE/USD,0.23756,0.23756,0.21586,0.21863,10213493.12796785,2232976.0025676107
2021-11-17 04:00:00,Gemini,DOGE/USD,0.23277,0.24163,0.23048,0.23756,4735523.40850653,1124970.9409248114
2021-11-16 04:00:00,Gemini,DOGE/USD,0.24702,0.24932,0.22381,0.23277,15757640.36288122,3667905.947267862
2021-11-15 04:00:00,Gemini,DOGE/USD,0.26226,0.26466,0.24371,0.24702,12442106.95155215,3073449.259172412
2021-11-14 04:00:00,Gemini,DOGE/USD,0.26115,0.2718,0.25974,0.26226,9797303.62045293,2569440.8474999852
2021-11-13 04:00:00,Gemini,DOGE/USD,0.25645,0.2633,0.2544,0.26115,6514622.68097628,1701293.7131369554
2021-11-12 04:00:00,Gemini,DOGE/USD,0.26573,0.26573,0.25527,0.25645,3922604.73018669,1005951.9830563767
2021-11-11 04:00:00,Gemini,DOGE/USD,0.26177,0.27135,0.25656,0.26573,10767690.88070448,2861298.4977296013
2021-11-10 04:00:00,Gemini,DOGE/USD,0.2705,0.27718,0.23667,0.26177,26168266.4039318,6850067.096557227
2021-11-09 04:00:00,Gemini,DOGE/USD,0.28361,0.29049,0.26876,0.2705,10396762.81179381,2812324.3405902255
2021-11-08 04:00:00,Gemini,DOGE/USD,0.26959,0.29745,0.26954,0.28361,25240453.0539333,7158444.890626023
2021-11-07 04:00:00,Gemini,DOGE/USD,0.26255,0.27419,0.25888,0.26959,8367796.42064121,2255874.2370406636
2021-11-06 04:00:00,Gemini,DOGE/USD,0.26371,0.26548,0.2506,0.26255,15585727.02011096,4092032.6291301325
2021-11-05 04:00:00,Gemini,DOGE/USD,0.26193,0.27076,0.25692,0.26371,21139071.56586171,5574584.5626333915
2021-11-04 04:00:00,Gemini,DOGE/USD,0.26968,0.26968,0.25445,0.26193,14307213.17475549,3747488.346863705
2021-11-03 04:00:00,Gemini,DOGE/USD,0.27165,0.27748,0.2628,0.26968,26217961.11603651,7070459.753772725
2021-11-02 04:00:00,Gemini,DOGE/USD,0.2705,0.28092,0.26994,0.27165,33177624.32019376,9012701.646580635
2021-11-01 04:00:00,Gemini,DOGE/USD,0.26617,0.28107,0.26385,0.2705,44749142.1413672,12104642.949239828
2021-10-31 04:00:00,Gemini,DOGE/USD,0.26754,0.2865,0.25232,0.26617,65635385.98307864,17470170.687116046
2021-10-30 04:00:00,Gemini,DOGE/USD,0.28492,0.28492,0.26108,0.26754,12616643.02496914,3375456.6749002435
2021-10-29 04:00:00,Gemini,DOGE/USD,0.2939,0.30025,0.27623,0.28492,60152622.26707253,17138685.136334304
2021-10-28 04:00:00,Gemini,DOGE/USD,0.23582,0.34002,0.23476,0.2939,294315432.00970596,86499305.46765257
2021-10-27 04:00:00,Gemini,DOGE/USD,0.25901,0.25901,0.23188,0.23582,3746771.60029348,883563.6787812085
2021-10-26 04:00:00,Gemini,DOGE/USD,0.26446,0.27403,0.25233,0.25901,27429017.0484824,7104389.705727426
2021-10-25 04:00:00,Gemini,DOGE/USD,0.2684,0.27326,0.25849,0.26446,37030256.83370526,9793021.722241692
2021-10-24 04:00:00,Gemini,DOGE/USD,0.25009,0.28313,0.24599,0.2684,82305974.26908557,22090923.49382257
2021-10-23 04:00:00,Gemini,DOGE/USD,0.24604,0.25389,0.24125,0.25009,25472408.72293231,6370394.697518141
2021-10-22 04:00:00,Gemini,DOGE/USD,0.24529,0.25291,0.235,0.24604,23356817.43500959,5746711.3617097605
2021-10-21 04:00:00,Gemini,DOGE/USD,0.25259,0.25755,0.24058,0.24529,30210027.69750962,7410217.693922135
2021-10-20 04:00:00,Gemini,DOGE/USD,0.24288,0.26178,0.24288,0.25259,33763816.17453904,8528402.327526815
2021-10-19 04:00:00,Gemini,DOGE/USD,0.25473,0.25473,0.24041,0.24288,20627197.51782572,5009933.733129511
2021-10-18 04:00:00,Gemini,DOGE/USD,0.23787,0.2724,0.23746,0.25473,70703686.51485136,18010350.065928087
2021-10-17 04:00:00,Gemini,DOGE/USD,0.237,0.24225,0.22525,0.23787,20552548.22049293,4888834.645208653
2021-10-16 04:00:00,Gemini,DOGE/USD,0.2365,0.2443,0.23392,0.237,17221491.2977734,4081493.4375722953
2021-10-15 04:00:00,Gemini,DOGE/USD,0.23364,0.24542,0.22436,0.2365,40311948.71487291,9533775.871067444
2021-10-14 04:00:00,Gemini,DOGE/USD,0.23635,0.23635,0.22743,0.23364,4537179.46914754,1060066.6111716311
2021-10-13 04:00:00,Gemini,DOGE/USD,0.22914,0.2403,0.22063,0.23635,11829244.30715117,2795841.891995179
2021-10-12 04:00:00,Gemini,DOGE/USD,0.22362,0.2298,0.21624,0.22914,14957139.70828856,3427278.992757241
2021-10-11 04:00:00,Gemini,DOGE/USD,0.23596,0.23596,0.22229,0.22362,5708928.53591737,1276630.5992018422
2021-10-10 04:00:00,Gemini,DOGE/USD,0.24495,0.24848,0.22609,0.23596,15144006.74683588,3573379.8319833945
2021-10-09 04:00:00,Gemini,DOGE/USD,0.24625,0.25262,0.24239,0.24495,9912425.64341109,2428048.6613535467
2021-10-08 04:00:00,Gemini,DOGE/USD,0.24395,0.25476,0.24109,0.24625,22218408.9252669,5471283.197846974
2021-10-07 04:00:00,Gemini,DOGE/USD,0.24009,0.25673,0.23951,0.24395,19408206.39118435,4734631.949129422
2021-10-06 04:00:00,Gemini,DOGE/USD,0.25429,0.26104,0.23577,0.24009,20629569.81961847,4952953.417992199
2021-10-05 04:00:00,Gemini,DOGE/USD,0.2424,0.26789,0.23289,0.25429,28449040.81389587,7234306.5885655815
2021-10-04 04:00:00,Gemini,DOGE/USD,0.21619,0.24899,0.21273,0.2424,32894684.69280692,7973671.569536397
2021-10-03 04:00:00,Gemini,DOGE/USD,0.21937,0.22695,0.21619,0.21619,5562878.95754251,1202638.801831115
2021-10-02 04:00:00,Gemini,DOGE/USD,0.21684,0.22488,0.21533,0.21937,12192658.57644888,2674703.511915591
2021-10-01 04:00:00,Gemini,DOGE/USD,0.20252,0.22512,0.20208,0.21684,13515271.42903629,2930651.456672229
2021-09-30 04:00:00,Gemini,DOGE/USD,0.20337,0.20592,0.19955,0.20252,6074061.29936308,1230118.894347011
2021-09-29 04:00:00,Gemini,DOGE/USD,0.19937,0.20371,0.19486,0.20337,2440697.72711873,496364.69676413614
2021-09-28 04:00:00,Gemini,DOGE/USD,0.20162,0.20261,0.1949,0.19937,4987362.02102725,994330.3661322028
2021-09-27 04:00:00,Gemini,DOGE/USD,0.2069,0.20873,0.19869,0.20162,3780211.02319642,762166.1464968622
2021-09-26 04:00:00,Gemini,DOGE/USD,0.20516,0.20929,0.19437,0.2069,14098177.62812241,2916912.9512585266
2021-09-25 04:00:00,Gemini,DOGE/USD,0.21167,0.21271,0.20265,0.20516,6303177.39255192,1293159.873855952
2021-09-24 04:00:00,Gemini,DOGE/USD,0.22254,0.2235,0.19702,0.21167,19524261.17469435,4132700.3628475536
2021-09-23 04:00:00,Gemini,DOGE/USD,0.22518,0.22885,0.21776,0.22254,9966238.34424254,2217886.6811277345
2021-09-22 04:00:00,Gemini,DOGE/USD,0.20292,0.23028,0.20292,0.22518,9419921.50999656,2121177.9256210253
2021-09-21 04:00:00,Gemini,DOGE/USD,0.20871,0.21823,0.19777,0.20292,24264167.10937482,4923684.789834338
2021-09-20 04:00:00,Gemini,DOGE/USD,0.22195,0.22433,0.19865,0.20871,37326955.23375657,7790508.826837335
2021-09-19 04:00:00,Gemini,DOGE/USD,0.23916,0.24136,0.2188,0.22195,8662155.71378386,1922565.4606743278
2021-09-18 04:00:00,Gemini,DOGE/USD,0.24254,0.24734,0.23858,0.23916,2913621.13714441,696821.6311594571
2021-09-17 04:00:00,Gemini,DOGE/USD,0.25102,0.25976,0.2376,0.24254,14994212.347863,3636696.262850692
2021-09-16 04:00:00,Gemini,DOGE/USD,0.24258,0.25149,0.23323,0.25102,6790474.67654297,1704544.9533058165
2021-09-15 04:00:00,Gemini,DOGE/USD,0.24068,0.24837,0.24068,0.24258,3605402.65564998,874598.5762075721
2021-09-14 04:00:00,Gemini,DOGE/USD,0.23639,0.24198,0.23508,0.24068,6371113.67949517,1533399.6403808976
2021-09-13 04:00:00,Gemini,DOGE/USD,0.23861,0.24513,0.22857,0.23639,11342166.2834349,2681174.6877411758
2021-09-12 04:00:00,Gemini,DOGE/USD,0.2419,0.25499,0.23845,0.23861,16235910.6660236,3874050.644019891
2021-09-11 04:00:00,Gemini,DOGE/USD,0.24048,0.24793,0.23783,0.2419,6970805.00092465,1686237.7297236728
2021-09-10 04:00:00,Gemini,DOGE/USD,0.25614,0.2569,0.2356,0.24048,17998662.85493846,4328318.4433556
2021-09-09 04:00:00,Gemini,DOGE/USD,0.25247,0.26175,0.24899,0.25614,12936031.13302095,3313435.014411986
2021-09-08 04:00:00,Gemini,DOGE/USD,0.25455,0.26,0.24929,0.25247,6155531.11262269,1554086.9400038507
2021-09-07 04:00:00,Gemini,DOGE/USD,0.3045,0.3063,0.21402,0.25455,80332763.96904978,20448705.068321623
2021-09-06 04:00:00,Gemini,DOGE/USD,0.31043,0.31982,0.30037,0.3045,16416059.63201315,4998690.157948004
2021-09-05 04:00:00,Gemini,DOGE/USD,0.29853,0.3162,0.29641,0.31043,24763237.9796518,7687251.966023308
2021-09-04 04:00:00,Gemini,DOGE/USD,0.29596,0.30861,0.2942,0.29853,17638214.10902513,5265536.057967272
2021-09-03 04:00:00,Gemini,DOGE/USD,0.29593,0.3046,0.29115,0.29596,26911114.5880217,7964613.473470902
2021-09-02 04:00:00,Gemini,DOGE/USD,0.30109,0.30945,0.28754,0.29593,29034519.08558374,8592185.232996797
2021-09-01 04:00:00,Gemini,DOGE/USD,0.27623,0.30953,0.27623,0.30109,13401443.24660523,4035040.547120369
2021-08-31 04:00:00,Gemini,DOGE/USD,0.27496,0.28598,0.27002,0.27623,12563359.23379502,3470376.7211511983
2021-08-30 04:00:00,Gemini,DOGE/USD,0.28041,0.2832,0.27,0.27496,13162184.27869921,3619074.1892711343
2021-08-29 04:00:00,Gemini,DOGE/USD,0.28046,0.29012,0.27638,0.28041,13962666.74813086,3915271.3828433743
2021-08-28 04:00:00,Gemini,DOGE/USD,0.29089,0.29379,0.27865,0.28046,10892169.66672371,3054817.9047293314
2021-08-27 04:00:00,Gemini,DOGE/USD,0.26897,0.29983,0.26598,0.29089,16759819.83717378,4875263.9924354805
2021-08-26 04:00:00,Gemini,DOGE/USD,0.28174,0.28533,0.264,0.26897,29927174.58216598,8049512.147365183
2021-08-25 04:00:00,Gemini,DOGE/USD,0.28943,0.29618,0.28073,0.28174,10066593.69106115,2836162.1065195682
2021-08-24 04:00:00,Gemini,DOGE/USD,0.31267,0.31749,0.27643,0.28943,19423296.45925959,5621684.694203503
2021-08-23 04:00:00,Gemini,DOGE/USD,0.32148,0.32808,0.31128,0.31267,14541615.06973265,4546726.783853307
2021-08-22 04:00:00,Gemini,DOGE/USD,0.31476,0.32332,0.3053,0.32148,14338680.00334603,4609598.847475681
2021-08-21 04:00:00,Gemini,DOGE/USD,0.32595,0.32946,0.31263,0.31476,15581428.70487384,4904410.49914609
2021-08-20 04:00:00,Gemini,DOGE/USD,0.31635,0.3343,0.31434,0.32595,16968757.63120967,5530966.5498927925
2021-08-19 04:00:00,Gemini,DOGE/USD,0.2971,0.32726,0.29381,0.31635,26734740.20811428,8457535.064836953
2021-08-18 04:00:00,Gemini,DOGE/USD,0.29863,0.32563,0.28947,0.2971,25125660.87156691,7464833.844942529
2021-08-17 04:00:00,Gemini,DOGE/USD,0.32852,0.33981,0.27738,0.29863,46531072.67610907,13895574.23326645
2021-08-16 04:00:00,Gemini,DOGE/USD,0.33274,0.35162,0.30626,0.32852,55705086.7033414,18300235.083781715
2021-08-15 04:00:00,Gemini,DOGE/USD,0.30046,0.34992,0.28722,0.33274,44550871.18032863,14823856.876542548
2021-08-14 04:00:00,Gemini,DOGE/USD,0.28902,0.31232,0.27624,0.30046,35775538.84213724,10749118.400508555
2021-08-13 04:00:00,Gemini,DOGE/USD,0.27006,0.29568,0.26713,0.28902,20648453.9750237,5967816.16786135
2021-08-12 04:00:00,Gemini,DOGE/USD,0.2868,0.2884,0.25168,0.27006,34055753.23154747,9197096.71771171
2021-08-11 04:00:00,Gemini,DOGE/USD,0.262,0.29482,0.259,0.2868,36506914.08034643,10470182.958243355
2021-08-10 04:00:00,Gemini,DOGE/USD,0.25196,0.26318,0.24542,0.262,25779865.33412924,6754324.717541861
2021-08-09 04:00:00,Gemini,DOGE/USD,0.2413,0.26669,0.23412,0.25196,43125966.5221899,10866018.524930969
2021-08-08 04:00:00,Gemini,DOGE/USD,0.26422,0.27382,0.23071,0.2413,29072202.03151543,7015122.350204673
2021-08-07 04:00:00,Gemini,DOGE/USD,0.21532,0.28342,0.21166,0.26422,97266340.76146924,25699712.555995405
2021-08-06 04:00:00,Gemini,DOGE/USD,0.19957,0.21532,0.19871,0.21532,16682438.12267184,3592062.576573701
2021-08-05 04:00:00,Gemini,DOGE/USD,0.20014,0.20217,0.19404,0.19957,8899279.89242377,1776029.2881310116
2021-08-04 04:00:00,Gemini,DOGE/USD,0.19549,0.20315,0.19549,0.20014,2143254.74514663,428951.0046936465
2021-08-03 04:00:00,Gemini,DOGE/USD,0.20025,0.2015,0.19319,0.19549,7397974.79415563,1446230.0925094842
2021-08-02 04:00:00,Gemini,DOGE/USD,0.20466,0.20985,0.19999,0.20025,6584007.15269361,1318447.4323268954
2021-08-01 04:00:00,Gemini,DOGE/USD,0.21671,0.21725,0.20147,0.20466,5724694.4627678,1171615.968750058
2021-07-31 04:00:00,Gemini,DOGE/USD,0.20894,0.21802,0.20506,0.21671,6051753.31066305,1311475.4599537896
2021-07-30 04:00:00,Gemini,DOGE/USD,0.20802,0.21435,0.19613,0.20894,12784381.34959768,2671168.6391849387
2021-07-29 04:00:00,Gemini,DOGE/USD,0.20304,0.2104,0.2006,0.20802,7914607.1706379,1646396.583636096
2021-07-28 04:00:00,Gemini,DOGE/USD,0.20601,0.20773,0.20208,0.20304,3773576.22788112,766186.9173089826
2021-07-27 04:00:00,Gemini,DOGE/USD,0.19852,0.20951,0.19742,0.20601,10026757.01448245,2065612.2125535295
2021-07-26 04:00:00,Gemini,DOGE/USD,0.22541,0.233,0.19511,0.19852,36031989.09810212,7153070.475755233
2021-07-25 04:00:00,Gemini,DOGE/USD,0.19336,0.22564,0.19215,0.22541,21521064.37210491,4851063.120116168
2021-07-24 04:00:00,Gemini,DOGE/USD,0.19451,0.20442,0.19137,0.19336,10765729.5484248,2081661.4654834196
2021-07-23 04:00:00,Gemini,DOGE/USD,0.19217,0.1994,0.18334,0.19451,8216159.32312221,1598125.149940501
2021-07-22 04:00:00,Gemini,DOGE/USD,0.19014,0.19516,0.18704,0.19217,7602589.420675,1460989.6089711147
2021-07-21 04:00:00,Gemini,DOGE/USD,0.17509,0.20833,0.17509,0.19014,13246999.60149806,2518784.504228841
2021-07-20 04:00:00,Gemini,DOGE/USD,0.16456,0.18,0.1601,0.17509,17869294.17706778,3128734.717462797
2021-07-19 04:00:00,Gemini,DOGE/USD,0.17884,0.18208,0.16251,0.16456,9352177.57402473,1538994.3415815097
2021-07-18 04:00:00,Gemini,DOGE/USD,0.19023,0.19255,0.17722,0.17884,5634413.57240355,1007658.5232886509
2021-07-17 04:00:00,Gemini,DOGE/USD,0.17106,0.20558,0.16978,0.19023,24011858.61701487,4567775.864714739
2021-07-16 04:00:00,Gemini,DOGE/USD,0.18661,0.18822,0.16905,0.17106,12294823.58463267,2103152.5223872643
2021-07-15 04:00:00,Gemini,DOGE/USD,0.19533,0.19533,0.18049,0.18661,10769336.92799583,2009665.964133302
2021-07-14 04:00:00,Gemini,DOGE/USD,0.18973,0.20274,0.18973,0.19533,4240312.27300768,828260.1962865901
2021-07-13 04:00:00,Gemini,DOGE/USD,0.20586,0.20609,0.18754,0.18973,8961577.16650871,1700280.0358016975
2021-07-12 04:00:00,Gemini,DOGE/USD,0.21707,0.21901,0.20341,0.20586,7829460.62225271,1611772.7636969427
2021-07-11 04:00:00,Gemini,DOGE/USD,0.21179,0.219,0.21058,0.21707,2518193.96084618,546624.3630808804
2021-07-10 04:00:00,Gemini,DOGE/USD,0.21936,0.22059,0.21,0.21179,2804727.7615694,594013.2926227832
2021-07-09 04:00:00,Gemini,DOGE/USD,0.20417,0.22942,0.20204,0.21936,22403398.34457089,4914409.46086507
2021-07-08 04:00:00,Gemini,DOGE/USD,0.21961,0.21961,0.1958,0.20417,14285761.16986795,2916723.858051939
2021-07-07 04:00:00,Gemini,DOGE/USD,0.23464,0.23824,0.21234,0.21961,11279485.65364925,2477087.844397912
2021-07-06 04:00:00,Gemini,DOGE/USD,0.23488,0.24209,0.22943,0.23464,4560968.7792665,1070185.7143670914
2021-07-05 04:00:00,Gemini,DOGE/USD,0.24243,0.24429,0.22658,0.23488,7568048.9616512,1777583.340112634
2021-07-04 04:00:00,Gemini,DOGE/USD,0.24499,0.25266,0.24155,0.24243,7866803.81211128,1907149.2481701376
2021-07-03 04:00:00,Gemini,DOGE/USD,0.24317,0.25014,0.24251,0.24499,3501365.93127582,857799.6395032632
2021-07-02 04:00:00,Gemini,DOGE/USD,0.24117,0.24891,0.23865,0.24317,7333336.87499259,1783247.5278919481
2021-07-01 04:00:00,Gemini,DOGE/USD,0.2435,0.26113,0.23838,0.24117,15581156.53858875,3757707.5224114484
2021-06-30 04:00:00,Gemini,DOGE/USD,0.25531,0.25617,0.23811,0.2435,9546140.17820437,2324485.1333927643
2021-06-29 04:00:00,Gemini,DOGE/USD,0.2552,0.27529,0.25402,0.25531,7293171.74115728,1862019.677234865
2021-06-28 04:00:00,Gemini,DOGE/USD,0.25581,0.26246,0.25078,0.2552,6451861.41874787,1646515.0340644564
2021-06-27 04:00:00,Gemini,DOGE/USD,0.25181,0.26717,0.24051,0.25581,15500837.33240745,3965269.1980031496
2021-06-26 04:00:00,Gemini,DOGE/USD,0.24463,0.25523,0.23061,0.25181,17883612.50114361,4503272.463912971
2021-06-25 04:00:00,Gemini,DOGE/USD,0.26271,0.3,0.229,0.24463,36886931.1944565,9023649.978099894
2021-06-24 04:00:00,Gemini,DOGE/USD,0.22932,0.28567,0.22932,0.26271,1134676.43219242,298090.8455012706
2021-06-23 04:00:00,Gemini,DOGE/USD,0.2094,0.24303,0.2094,0.22932,17528760.14240664,4019695.2758566905
2021-06-22 04:00:00,Gemini,DOGE/USD,0.20817,0.22184,0.16342,0.2094,95515352.61064284,20000914.83666861
2021-06-21 04:00:00,Gemini,DOGE/USD,0.26513,0.26969,0.16539,0.20817,116531893.02125065,24258444.17023375
2021-06-20 04:00:00,Gemini,DOGE/USD,0.28344,0.28968,0.25541,0.26513,10664243.51596081,2827410.8833866897
2021-06-19 04:00:00,Gemini,DOGE/USD,0.28827,0.29793,0.2802,0.28344,5121468.65065048,1451629.074340372
2021-06-18 04:00:00,Gemini,DOGE/USD,0.30534,0.30577,0.28,0.28827,10582280.06518621,3050553.874391229
2021-06-17 04:00:00,Gemini,DOGE/USD,0.31329,0.31388,0.30077,0.30534,10741355.57477511,3279765.5112018324
2021-06-16 04:00:00,Gemini,DOGE/USD,0.31684,0.31684,0.30632,0.31329,1022883.78248414,320459.26021445624
2021-06-15 04:00:00,Gemini,DOGE/USD,0.32683,0.32983,0.31372,0.31684,9862269.30228126,3124761.4057347947
2021-06-14 04:00:00,Gemini,DOGE/USD,0.32156,0.3375,0.31965,0.32683,15290370.86314545,4997351.909201828
2021-06-13 04:00:00,Gemini,DOGE/USD,0.30895,0.33039,0.3075,0.32156,10355287.04251204,3329846.101390172
2021-06-12 04:00:00,Gemini,DOGE/USD,0.30649,0.31919,0.3022,0.30895,9393295.54498597,2902058.6586234155
2021-06-11 04:00:00,Gemini,DOGE/USD,0.32486,0.33356,0.30108,0.30649,17095684.29820845,5239656.280557907
2021-06-10 04:00:00,Gemini,DOGE/USD,0.33895,0.34313,0.31866,0.32486,19000556.51246707,6172520.788640052
2021-06-09 04:00:00,Gemini,DOGE/USD,0.31846,0.354,0.31846,0.33895,16381647.71561034,5552559.493206125
2021-06-08 04:00:00,Gemini,DOGE/USD,0.32487,0.33756,0.293,0.31846,28333602.54614625,9023119.066845736
2021-06-07 04:00:00,Gemini,DOGE/USD,0.37604,0.37728,0.31592,0.32487,22105742.03176138,7181492.41385832
2021-06-06 04:00:00,Gemini,DOGE/USD,0.37296,0.37954,0.36695,0.37604,6308566.69307619,2372273.41926437
2021-06-05 04:00:00,Gemini,DOGE/USD,0.38004,0.39555,0.36,0.37296,24620329.5361719,9182398.103810672
2021-06-04 04:00:00,Gemini,DOGE/USD,0.39838,0.39838,0.35008,0.38004,17845855.38486985,6782138.880465938
2021-06-03 04:00:00,Gemini,DOGE/USD,0.42514,0.42514,0.36989,0.39838,21233835.41621728,8459135.35311264
2021-06-02 04:00:00,Gemini,DOGE/USD,0.37847,0.44562,0.366,0.42514,56944054.02696406,24209195.129023504
2021-06-01 04:00:00,Gemini,DOGE/USD,0.32772,0.384,0.31069,0.37847,46194795.65653719,17483344.312129628
2021-05-31 04:00:00,Gemini,DOGE/USD,0.29765,0.34556,0.29408,0.32772,10488810.60884831,3437393.012731768
2021-05-30 04:00:00,Gemini,DOGE/USD,0.29777,0.31058,0.29511,0.29765,4755110.33550098,1415358.5913618668
2021-05-29 04:00:00,Gemini,DOGE/USD,0.317,0.31775,0.28082,0.29777,21471144.15283163,6393462.594388674
2021-05-28 04:00:00,Gemini,DOGE/USD,0.33857,0.34766,0.30115,0.317,26827488.76588058,8504313.938784145
2021-05-27 04:00:00,Gemini,DOGE/USD,0.33408,0.34084,0.32633,0.33857,5493120.4478088,1859805.7900146253
2021-05-26 04:00:00,Gemini,DOGE/USD,0.35499,0.36672,0.3273,0.33408,14014528.33721592,4681973.626897095
2021-05-25 04:00:00,Gemini,DOGE/USD,0.3448,0.3729,0.3231,0.35499,20295684.70028763,7204765.111755106
2021-05-24 04:00:00,Gemini,DOGE/USD,0.30635,0.38072,0.29635,0.3448,47345857.72392719,16324851.743210096
2021-05-23 04:00:00,Gemini,DOGE/USD,0.34564,0.34751,0.24865,0.30635,56429647.19414468,17287222.417926222
2021-05-22 04:00:00,Gemini,DOGE/USD,0.33984,0.36255,0.31751,0.34564,18527555.12649255,6403864.153920884
2021-05-21 04:00:00,Gemini,DOGE/USD,0.399,0.399,0.315,0.33984,17558124.58343959,5966953.05843611
2021-05-20 04:00:00,Gemini,DOGE/USD,0.34236,0.4367,0.34088,0.399,89911191.23721603,35874565.303649195
2021-05-19 04:00:00,Gemini,DOGE/USD,0.43243,0.44191,0.25633,0.34236,80852362.29146434,27680614.75410573
2021-05-18 04:00:00,Gemini,DOGE/USD,0.49257,0.51499,0.4164,0.43243,40624330.48000131,17567179.229466964
2021-05-17 04:00:00,Gemini,DOGE/USD,0.47298,0.51577,0.4579,0.49257,20570742.61960717,10132530.692139903
2021-05-16 04:00:00,Gemini,DOGE/USD,0.53434,0.54132,0.45001,0.47298,43276763.85017206,20469043.76585438
2021-05-15 04:00:00,Gemini,DOGE/USD,0.52426,0.549,0.49201,0.53434,38363236.66357416,20499011.878814217
2021-05-14 04:00:00,Gemini,DOGE/USD,0.4979,0.593,0.49343,0.52426,97430528.71567322,51078928.98447884
2021-05-13 04:00:00,Gemini,DOGE/USD,0.44114,0.54279,0.375,0.4979,53845786.17233772,26809816.93520695
2021-05-12 04:00:00,Gemini,DOGE/USD,0.49196,0.52165,0.35,0.44114,64625294.59573672,28508802.457963295
2021-05-11 04:00:00,Gemini,DOGE/USD,0.47198,0.54761,0.4615,0.49196,35640889.25820663,17533891.879467335
2021-05-10 04:00:00,Gemini,DOGE/USD,0.52996,0.55769,0.41745,0.47198,73433570.51828085,34659176.613218196
2021-05-09 04:00:00,Gemini,DOGE/USD,0.52,0.6,0.41194,0.52996,174045810.22705522,92237317.58793019
2021-05-08 04:00:00,Gemini,DOGE/USD,0.71256,0.74153,0.49,0.52,138987211.15934452,72273349.80285916
2021-05-07 04:00:00,Gemini,DOGE/USD,0.57455,0.75,0.56578,0.71256,72979544.68634248,52002304.36170019
2021-05-06 04:00:00,Gemini,DOGE/USD,0.63462,0.63846,0.52,0.57455,42982373.48907412,24695522.688147534
2021-05-05 04:00:00,Gemini,DOGE/USD,0.0,0.68317,0.0,0.63462,93560829.43023482,59375573.573015615
