Datetime,Exchange,Symbol_Pair,Open,High,Low,Close,Volume_in_ETH,Volume_USD
2022-12-26 04:00:00,Gemini,ETH/USD,1220.38,1232.58,1211.54,1223.39,1101.147068,1347132.3115205201
2022-12-25 04:00:00,Gemini,ETH/USD,1220.84,1223.31,1195.52,1220.38,849.039866,1036151.27166908
2022-12-24 04:00:00,Gemini,ETH/USD,1217.99,1226.2,1215.02,1220.84,736.068713,898622.12757892
2022-12-23 04:00:00,Gemini,ETH/USD,1223.33,1229.68,1211.96,1217.99,2001.509815,2437818.93957185
2022-12-22 04:00:00,Gemini,ETH/USD,1214.55,1236.43,1183.17,1223.33,2354.19459,2879956.8677847
2022-12-21 04:00:00,Gemini,ETH/USD,1210.77,1221.97,1204.95,1214.55,2485.264195,3018477.62803725
2022-12-20 04:00:00,Gemini,ETH/USD,1192.21,1229.99,1190.8,1210.77,2587.576115,3132959.53275855
2022-12-19 04:00:00,Gemini,ETH/USD,1179.28,1199.0,1151.0,1192.21,3061.010981,3649367.90165801
2022-12-18 04:00:00,Gemini,ETH/USD,1186.5,1204.31,1173.41,1179.28,3268.699464,3854711.9039059198
2022-12-17 04:00:00,Gemini,ETH/USD,1174.94,1189.51,1172.14,1186.5,1316.834014,1562423.557611
2022-12-16 04:00:00,Gemini,ETH/USD,1280.0,1280.0,1156.33,1174.94,5631.323607,6616467.358808581
2022-12-15 04:00:00,Gemini,ETH/USD,1291.56,1291.56,1260.0,1280.0,1130.227791,1446691.57248
2022-12-14 04:00:00,Gemini,ETH/USD,1322.38,1349.9,1278.07,1291.56,5720.191396,7387970.39941776
2022-12-13 04:00:00,Gemini,ETH/USD,1270.0,1346.3,1255.81,1322.38,8649.723152,11438220.901741762
2022-12-12 04:00:00,Gemini,ETH/USD,1243.06,1279.02,1240.94,1270.0,2653.516307,3369965.70989
2022-12-11 04:00:00,Gemini,ETH/USD,1273.18,1283.41,1241.56,1243.06,1786.288329,2220463.57024674
2022-12-10 04:00:00,Gemini,ETH/USD,1264.55,1283.13,1259.9,1273.18,2249.068677,2863469.2581828604
2022-12-09 04:00:00,Gemini,ETH/USD,1282.8,1295.29,1256.43,1264.55,2465.940799,3118305.43737545
2022-12-08 04:00:00,Gemini,ETH/USD,1231.67,1291.26,1225.38,1282.8,4832.80853,6199526.782284
2022-12-07 04:00:00,Gemini,ETH/USD,1263.15,1263.15,1222.46,1231.67,962.37045,1185322.8121515
2022-12-06 04:00:00,Gemini,ETH/USD,1261.3,1277.14,1241.99,1263.15,3157.536792,3988442.5988148
2022-12-05 04:00:00,Gemini,ETH/USD,1291.41,1305.16,1247.3,1261.3,4377.063103,5520789.6918139
2022-12-04 04:00:00,Gemini,ETH/USD,1256.17,1298.47,1251.35,1291.41,3133.288018,4046359.4793253806
2022-12-03 04:00:00,Gemini,ETH/USD,1286.74,1290.99,1235.18,1256.17,2396.853713,3010855.7286592103
2022-12-02 04:00:00,Gemini,ETH/USD,1271.77,1304.7,1267.98,1286.74,4440.343162,5713567.16027188
2022-12-01 04:00:00,Gemini,ETH/USD,1289.2,1289.2,1265.81,1271.77,822.868681,1046499.7024353701
2022-11-30 04:00:00,Gemini,ETH/USD,1263.95,1310.0,1256.92,1289.2,6967.692689,8982749.414658802
2022-11-29 04:00:00,Gemini,ETH/USD,1184.49,1284.13,1183.57,1263.95,7578.761263,9579175.29836885
2022-11-28 04:00:00,Gemini,ETH/USD,1171.27,1188.25,1150.01,1184.49,5009.123576,5933256.78453624
2022-11-27 04:00:00,Gemini,ETH/USD,1216.0,1222.0,1158.68,1171.27,3027.078618,3545526.37290486
2022-11-26 04:00:00,Gemini,ETH/USD,1214.24,1232.99,1194.87,1216.0,1576.658655,1917216.92448
2022-11-25 04:00:00,Gemini,ETH/USD,1185.97,1226.19,1170.42,1214.24,3856.817299,4683101.83713776
2022-11-24 04:00:00,Gemini,ETH/USD,1201.42,1217.23,1180.27,1185.97,2503.195463,2968714.72325411
2022-11-23 04:00:00,Gemini,ETH/USD,1168.81,1208.32,1148.24,1201.42,6410.283383,7701442.662003861
2022-11-22 04:00:00,Gemini,ETH/USD,1101.3,1168.81,1074.55,1168.81,7883.479003,9214289.09349643
2022-11-21 04:00:00,Gemini,ETH/USD,1123.13,1144.73,1079.48,1101.3,9348.587589,10295599.5117657
2022-11-20 04:00:00,Gemini,ETH/USD,1216.38,1220.43,1107.69,1123.13,10950.482702,12298815.63709726
2022-11-19 04:00:00,Gemini,ETH/USD,1206.62,1230.0,1196.75,1216.38,2759.352209,3356420.8399834204
2022-11-18 04:00:00,Gemini,ETH/USD,1218.19,1222.5,1198.34,1206.62,4080.812373,4923989.8255092595
2022-11-17 04:00:00,Gemini,ETH/USD,1201.06,1232.24,1181.37,1218.19,14571.623723,17751006.303121373
2022-11-16 04:00:00,Gemini,ETH/USD,1264.26,1264.26,1191.06,1201.06,14311.075378,17188460.19350068
2022-11-15 04:00:00,Gemini,ETH/USD,1254.3,1288.0,1232.06,1264.26,9812.528274,12405586.99568724
2022-11-14 04:00:00,Gemini,ETH/USD,1190.34,1288.0,1173.02,1254.3,17990.125721,22565014.6918503
2022-11-13 04:00:00,Gemini,ETH/USD,1270.17,1271.83,1170.0,1190.34,13176.460691,15684468.21892494
2022-11-12 04:00:00,Gemini,ETH/USD,1255.1,1279.64,1231.09,1270.17,10507.845342,13346749.918048142
2022-11-11 04:00:00,Gemini,ETH/USD,1235.66,1306.22,1199.8,1255.1,24269.574003,30460742.3311653
2022-11-10 04:00:00,Gemini,ETH/USD,1168.0,1348.07,1154.87,1235.66,40727.703435,50325594.026492104
2022-11-09 04:00:00,Gemini,ETH/USD,1312.13,1312.13,1072.31,1168.0,30995.173267,36202362.375856
2022-11-08 04:00:00,Gemini,ETH/USD,1506.14,1579.81,1221.1,1312.13,56080.079794,73584355.10010122
2022-11-07 04:00:00,Gemini,ETH/USD,1587.52,1608.92,1503.75,1506.14,16102.495151,24252612.04672714
2022-11-06 04:00:00,Gemini,ETH/USD,1621.55,1638.05,1563.99,1587.52,4264.108392,6769357.35446784
2022-11-05 04:00:00,Gemini,ETH/USD,1646.46,1658.53,1613.17,1621.55,3487.980214,5655934.3160117
2022-11-04 04:00:00,Gemini,ETH/USD,1549.02,1676.29,1546.53,1646.46,14554.249326,23962989.34528596
2022-11-03 04:00:00,Gemini,ETH/USD,1547.36,1558.24,1522.72,1549.02,12571.077122,19472849.88352044
2022-11-02 04:00:00,Gemini,ETH/USD,1591.22,1620.23,1501.78,1547.36,10209.221893,15797341.588352479
2022-11-01 04:00:00,Gemini,ETH/USD,1586.51,1611.95,1563.19,1591.22,5311.49293,8451753.7800746
2022-10-31 04:00:00,Gemini,ETH/USD,1584.03,1635.03,1545.16,1586.51,7175.057543,11383300.54254493
2022-10-30 04:00:00,Gemini,ETH/USD,1623.06,1639.57,1562.76,1584.03,8868.910885,14048620.909166548
2022-10-29 04:00:00,Gemini,ETH/USD,1590.02,1662.99,1575.52,1623.06,7122.377151,11560045.45870206
2022-10-28 04:00:00,Gemini,ETH/USD,1507.97,1594.28,1480.56,1590.02,10283.88303,16351579.695360601
2022-10-27 04:00:00,Gemini,ETH/USD,1554.26,1576.47,1497.22,1507.97,10804.066687,16292208.441995392
2022-10-26 04:00:00,Gemini,ETH/USD,1487.0,1570.29,1487.0,1554.26,1006.482449,1564335.41118274
2022-10-25 04:00:00,Gemini,ETH/USD,1347.82,1525.29,1339.81,1487.0,23453.945852,34876017.481924
2022-10-24 04:00:00,Gemini,ETH/USD,1346.91,1359.24,1324.66,1347.82,5410.869008,7292877.466362559
2022-10-23 04:00:00,Gemini,ETH/USD,1312.97,1370.81,1300.62,1346.91,6618.364971,8914341.963089611
2022-10-22 04:00:00,Gemini,ETH/USD,1299.36,1320.0,1295.41,1312.97,6693.06143,8787788.8657471
2022-10-21 04:00:00,Gemini,ETH/USD,1287.98,1306.81,1253.22,1299.36,6250.593259,8121770.85701424
2022-10-20 04:00:00,Gemini,ETH/USD,1280.18,1310.16,1272.32,1287.98,4335.491303,5584026.08843794
2022-10-19 04:00:00,Gemini,ETH/USD,1305.05,1305.05,1271.0,1280.18,2571.349709,3291790.47046762
2022-10-18 04:00:00,Gemini,ETH/USD,1333.61,1340.0,1287.26,1305.05,6731.116447,8784443.51915735
2022-10-17 04:00:00,Gemini,ETH/USD,1301.52,1341.31,1299.03,1333.61,7444.120482,9927553.51600002
2022-10-16 04:00:00,Gemini,ETH/USD,1283.08,1315.0,1280.0,1301.52,3742.708981,4871210.59295112
2022-10-15 04:00:00,Gemini,ETH/USD,1300.26,1301.36,1264.37,1283.08,3525.256523,4523186.139530839
2022-10-14 04:00:00,Gemini,ETH/USD,1329.72,1342.74,1289.74,1300.26,3678.527436,4783042.08393336
2022-10-13 04:00:00,Gemini,ETH/USD,1286.4,1341.24,1193.6,1329.72,16771.61372,22301550.195758402
2022-10-12 04:00:00,Gemini,ETH/USD,1284.39,1303.0,1281.93,1286.4,1414.482806,1819590.6816384
2022-10-11 04:00:00,Gemini,ETH/USD,1279.0,1297.66,1269.08,1284.39,10504.827267,13492295.093462132
2022-10-10 04:00:00,Gemini,ETH/USD,1323.13,1325.21,1267.29,1279.0,5565.089311,7117749.228769
2022-10-09 04:00:00,Gemini,ETH/USD,1310.24,1337.74,1309.23,1323.13,2846.726598,3766589.3636117405
2022-10-08 04:00:00,Gemini,ETH/USD,1331.8,1333.2,1304.56,1310.24,2211.897341,2898116.37207184
2022-10-07 04:00:00,Gemini,ETH/USD,1356.08,1360.0,1318.18,1331.8,5509.795044,7337945.039599201
2022-10-06 04:00:00,Gemini,ETH/USD,1373.24,1373.24,1345.18,1356.08,3784.634277,5132266.85035416
2022-10-05 04:00:00,Gemini,ETH/USD,1354.39,1383.66,1316.35,1373.24,7359.463898,10106310.20328952
2022-10-04 04:00:00,Gemini,ETH/USD,1329.98,1369.85,1325.0,1354.39,12853.835202,17409105.85923678
2022-10-03 04:00:00,Gemini,ETH/USD,1292.07,1330.79,1284.02,1329.98,10688.907661,14216033.410976779
2022-10-02 04:00:00,Gemini,ETH/USD,1309.32,1317.0,1263.58,1292.07,7132.526946,9215724.09111822
2022-10-01 04:00:00,Gemini,ETH/USD,1328.96,1332.78,1303.35,1309.32,5546.225201,7261783.58017332
2022-09-30 04:00:00,Gemini,ETH/USD,1326.51,1373.22,1315.1,1328.96,12201.095642,16214768.06439232
2022-09-29 04:00:00,Gemini,ETH/USD,1341.18,1352.0,1288.89,1326.51,9012.284755,11954885.850355051
2022-09-28 04:00:00,Gemini,ETH/USD,1286.54,1355.21,1286.54,1341.18,7746.277023,10389151.81770714
2022-09-27 04:00:00,Gemini,ETH/USD,1385.8,1400.0,1267.44,1286.54,19051.457928,24510462.68268912
2022-09-26 04:00:00,Gemini,ETH/USD,1303.99,1389.7,1278.64,1385.8,17397.060996,24108847.128256798
2022-09-25 04:00:00,Gemini,ETH/USD,1328.95,1336.02,1270.3,1303.99,8396.96743,10949561.5590457
2022-09-24 04:00:00,Gemini,ETH/USD,1321.7,1348.96,1306.98,1328.95,4620.003631,6139753.82541745
2022-09-23 04:00:00,Gemini,ETH/USD,1339.97,1359.07,1261.96,1321.7,19496.339426,25768311.8193442
2022-09-22 04:00:00,Gemini,ETH/USD,1262.42,1348.1,1252.16,1339.97,18182.814792,24364426.33683624
2022-09-21 04:00:00,Gemini,ETH/USD,1337.98,1410.0,1213.86,1262.42,19631.494645,24783191.4697409
2022-09-20 04:00:00,Gemini,ETH/USD,1355.56,1383.83,1312.91,1337.98,14504.992326,19407389.632341478
2022-09-19 04:00:00,Gemini,ETH/USD,1294.8,1392.44,1281.17,1355.56,18112.254781,24552248.090932358
2022-09-18 04:00:00,Gemini,ETH/USD,1451.05,1460.0,1288.51,1294.8,16584.382485,21473458.441577997
2022-09-17 04:00:00,Gemini,ETH/USD,1439.59,1476.02,1409.75,1451.05,6534.034616,9481210.9295468
2022-09-16 04:00:00,Gemini,ETH/USD,1473.87,1482.26,1406.0,1439.59,12888.627045,18554338.607711546
2022-09-15 04:00:00,Gemini,ETH/USD,1606.83,1653.09,1446.94,1473.87,27326.420047,40275590.71467189
2022-09-14 04:00:00,Gemini,ETH/USD,1603.24,1653.09,1558.5,1606.83,10364.912604,16654652.519485317
2022-09-13 04:00:00,Gemini,ETH/USD,1715.79,1762.0,1552.78,1603.24,34398.988758,55149834.73637592
2022-09-12 04:00:00,Gemini,ETH/USD,1728.65,1766.03,1676.19,1715.79,15671.564253,26889113.22965487
2022-09-11 04:00:00,Gemini,ETH/USD,1764.9,1789.18,1714.45,1728.65,10324.378137,17847236.26652505
2022-09-10 04:00:00,Gemini,ETH/USD,1734.65,1789.0,1709.02,1764.9,6552.820662,11565073.186363801
2022-09-09 04:00:00,Gemini,ETH/USD,1671.96,1746.77,1670.66,1734.65,25841.475406,44825915.313017905
2022-09-08 04:00:00,Gemini,ETH/USD,1630.38,1675.98,1595.54,1671.96,20799.066994,34775208.05128824
2022-09-07 04:00:00,Gemini,ETH/USD,1509.78,1657.19,1509.78,1630.38,11158.466084,18192539.934031922
2022-09-06 04:00:00,Gemini,ETH/USD,1640.61,1686.66,1492.0,1509.78,32410.418336,48932601.39532608
2022-09-05 04:00:00,Gemini,ETH/USD,1575.56,1675.0,1557.7,1640.61,11716.633723,19222426.45229103
2022-09-04 04:00:00,Gemini,ETH/USD,1552.39,1592.51,1541.41,1575.56,6022.632986,9489019.62742216
2022-09-03 04:00:00,Gemini,ETH/USD,1561.43,1573.1,1535.0,1552.39,6203.790538,9630702.39328582
2022-09-02 04:00:00,Gemini,ETH/USD,1597.07,1648.13,1547.0,1561.43,15929.089092,24872157.58092156
2022-09-01 04:00:00,Gemini,ETH/USD,1550.09,1605.23,1513.18,1597.07,17772.838129,28384466.59068203
2022-08-31 04:00:00,Gemini,ETH/USD,1606.37,1606.37,1529.02,1550.09,11661.61751,18076556.6860759
2022-08-30 04:00:00,Gemini,ETH/USD,1543.57,1614.25,1474.0,1606.37,38506.389347,61855508.65534038
2022-08-29 04:00:00,Gemini,ETH/USD,1455.89,1560.0,1439.97,1543.57,18798.366943,29016595.26220651
2022-08-28 04:00:00,Gemini,ETH/USD,1492.24,1504.43,1422.14,1455.89,10169.920367,14806285.363111632
2022-08-27 04:00:00,Gemini,ETH/USD,1501.8,1510.58,1449.0,1492.24,12180.961435,18176917.8917644
2022-08-26 04:00:00,Gemini,ETH/USD,1688.53,1705.55,1484.86,1501.8,32493.677189,48799004.4024402
2022-08-25 04:00:00,Gemini,ETH/USD,1669.95,1722.0,1669.87,1688.53,13409.564345,22642451.68346285
2022-08-24 04:00:00,Gemini,ETH/USD,1614.75,1691.61,1614.75,1669.95,3897.59424,6508787.501088
2022-08-23 04:00:00,Gemini,ETH/USD,1609.21,1673.83,1563.82,1614.75,17556.809338,28349857.878535498
2022-08-22 04:00:00,Gemini,ETH/USD,1595.94,1638.56,1530.0,1609.21,28821.256143,46379453.597877026
2022-08-21 04:00:00,Gemini,ETH/USD,1585.04,1646.92,1563.56,1595.94,10770.465901,17189017.35004194
2022-08-20 04:00:00,Gemini,ETH/USD,1628.75,1656.03,1525.0,1585.04,15858.678396,25136639.60479584
2022-08-19 04:00:00,Gemini,ETH/USD,1819.32,1824.86,1602.0,1628.75,35965.371603,58578598.99838625
2022-08-18 04:00:00,Gemini,ETH/USD,1848.16,1881.72,1806.17,1819.32,9537.619718,17351982.30535176
2022-08-17 04:00:00,Gemini,ETH/USD,1896.09,1956.6,1800.0,1848.16,21205.598028,39191338.05142848
2022-08-16 04:00:00,Gemini,ETH/USD,1888.74,1913.85,1853.8,1896.09,10443.039818,19800943.368511617
2022-08-15 04:00:00,Gemini,ETH/USD,1989.26,1991.7,1863.2,1888.74,19326.326051,36502405.06556574
2022-08-14 04:00:00,Gemini,ETH/USD,1987.73,2030.62,1907.69,1989.26,11423.728814,22724766.78053764
2022-08-13 04:00:00,Gemini,ETH/USD,1998.14,2003.31,1968.25,1987.73,4160.927787,8270800.990053509
2022-08-12 04:00:00,Gemini,ETH/USD,1906.13,1998.88,1855.81,1998.14,12216.424045,24410125.541276302
2022-08-11 04:00:00,Gemini,ETH/USD,1881.56,1913.48,1856.3,1906.13,5864.770189,11179014.40035857
2022-08-10 04:00:00,Gemini,ETH/USD,1670.57,1918.85,1668.15,1881.56,26423.930978,49718211.57096568
2022-08-09 04:00:00,Gemini,ETH/USD,1779.06,1790.5,1658.0,1670.57,20076.120285,33538564.26451245
2022-08-08 04:00:00,Gemini,ETH/USD,1709.83,1819.51,1709.0,1779.06,14424.103826,25661346.15268356
2022-08-07 04:00:00,Gemini,ETH/USD,1685.1,1729.94,1673.76,1709.83,6717.411883,11485632.359909888
2022-08-06 04:00:00,Gemini,ETH/USD,1734.93,1738.54,1669.68,1685.1,7787.822061,13123258.954991098
2022-08-05 04:00:00,Gemini,ETH/USD,1660.76,1750.0,1647.45,1734.93,17887.52846,31033609.751107804
2022-08-04 04:00:00,Gemini,ETH/USD,1649.4,1668.0,1581.75,1660.76,11373.83519,18889210.5301444
2022-08-03 04:00:00,Gemini,ETH/USD,1618.77,1671.36,1608.6,1649.4,6231.235578,10277799.9623532
2022-08-02 04:00:00,Gemini,ETH/USD,1578.23,1677.59,1560.4,1618.77,13802.217157,22342615.06723689
2022-08-01 04:00:00,Gemini,ETH/USD,1691.91,1698.2,1569.32,1578.23,15621.390999,24654147.91635177
2022-07-31 04:00:00,Gemini,ETH/USD,1694.36,1753.92,1667.32,1691.91,13035.045704,22054124.17705464
2022-07-30 04:00:00,Gemini,ETH/USD,1707.72,1743.4,1675.0,1694.36,9951.26313,16861022.1969468
2022-07-29 04:00:00,Gemini,ETH/USD,1727.87,1765.55,1658.0,1707.72,25702.047837,43891901.132201634
2022-07-28 04:00:00,Gemini,ETH/USD,1649.13,1785.01,1649.13,1727.87,33108.909351,57207891.20031237
2022-07-27 04:00:00,Gemini,ETH/USD,1424.75,1682.05,1423.6,1649.13,37595.578475,61999996.33047676
2022-07-26 04:00:00,Gemini,ETH/USD,1433.63,1458.82,1356.71,1424.75,20531.925012,29252860.160847
2022-07-25 04:00:00,Gemini,ETH/USD,1511.33,1552.84,1401.76,1433.63,27317.283981,39162877.83368103
2022-07-24 04:00:00,Gemini,ETH/USD,1552.34,1666.23,1500.37,1511.33,15601.104974,23578417.98035542
2022-07-23 04:00:00,Gemini,ETH/USD,1571.67,1596.88,1487.53,1552.34,13467.245413,20905743.74441642
2022-07-22 04:00:00,Gemini,ETH/USD,1561.42,1646.23,1517.06,1571.67,23145.561945,36377185.342098154
2022-07-21 04:00:00,Gemini,ETH/USD,1486.92,1606.17,1464.21,1561.42,24723.271639,38603410.80256738
2022-07-20 04:00:00,Gemini,ETH/USD,1562.48,1620.87,1483.8,1486.92,30168.424015,44858033.0363838
2022-07-19 04:00:00,Gemini,ETH/USD,1515.69,1589.1,1493.23,1562.48,38462.43979,60096792.92307919
2022-07-18 04:00:00,Gemini,ETH/USD,1407.19,1631.08,1394.4,1515.69,55460.31145,84060639.4616505
2022-07-17 04:00:00,Gemini,ETH/USD,1353.49,1420.17,1318.71,1407.19,22524.749298,31696601.96465262
2022-07-16 04:00:00,Gemini,ETH/USD,1222.25,1424.01,1191.72,1353.49,35760.483051,48401456.204698
2022-07-15 04:00:00,Gemini,ETH/USD,1199.98,1287.1,1188.87,1222.25,31146.460218,38068761.0014505
2022-07-14 04:00:00,Gemini,ETH/USD,1111.68,1222.0,1071.08,1199.98,20530.77736,24636522.2164528
2022-07-13 04:00:00,Gemini,ETH/USD,1051.77,1125.0,1051.77,1111.68,4899.886628,5447105.966615041
2022-07-12 04:00:00,Gemini,ETH/USD,1084.37,1100.12,1032.29,1051.77,47062.453107,49498876.30434939
2022-07-11 04:00:00,Gemini,ETH/USD,1154.93,1161.0,1080.95,1084.37,19344.809022,20976930.55918614
2022-07-10 04:00:00,Gemini,ETH/USD,1187.79,1195.37,1143.35,1154.93,7859.814658,9077535.74296394
2022-07-09 04:00:00,Gemini,ETH/USD,1215.98,1233.26,1182.34,1187.79,6157.827898,7314206.398965419
2022-07-08 04:00:00,Gemini,ETH/USD,1258.59,1266.84,1192.0,1215.98,18413.604754,22390575.10876892
2022-07-07 04:00:00,Gemini,ETH/USD,1175.11,1275.56,1162.34,1258.59,21817.53979,27459337.404296096
2022-07-06 04:00:00,Gemini,ETH/USD,1129.54,1203.73,1129.54,1175.11,11630.801626,13667471.298728859
2022-07-05 04:00:00,Gemini,ETH/USD,1151.4,1172.36,1076.46,1129.54,29671.899312,33515597.14887648
2022-07-04 04:00:00,Gemini,ETH/USD,1050.76,1161.73,1044.3,1151.4,22074.091447,25416108.8920758
2022-07-03 04:00:00,Gemini,ETH/USD,1061.82,1085.94,1039.89,1050.76,8677.695473,9118175.29520948
2022-07-02 04:00:00,Gemini,ETH/USD,1035.23,1077.27,1027.46,1061.82,10971.27669,11649521.0149758
2022-07-01 04:00:00,Gemini,ETH/USD,1054.31,1090.08,1032.5,1035.23,27362.488705,28326469.18207715
2022-06-30 04:00:00,Gemini,ETH/USD,1092.99,1114.18,997.0,1054.31,44049.020451,46441322.75169381
2022-06-29 04:00:00,Gemini,ETH/USD,1144.3,1144.3,1075.5,1092.99,6826.894806,7461727.754009941
2022-06-28 04:00:00,Gemini,ETH/USD,1181.47,1235.07,1132.08,1144.3,20516.38948,23476904.481964
2022-06-27 04:00:00,Gemini,ETH/USD,1219.34,1237.3,1161.42,1181.47,30178.334683,35654797.07792401
2022-06-26 04:00:00,Gemini,ETH/USD,1232.6,1278.81,1194.15,1219.34,19321.766513,23559802.77996142
2022-06-25 04:00:00,Gemini,ETH/USD,1222.73,1254.98,1179.18,1232.6,15701.408166,19353555.705411598
2022-06-24 04:00:00,Gemini,ETH/USD,1149.47,1244.43,1130.24,1222.73,26951.688393,32954637.948772892
2022-06-23 04:00:00,Gemini,ETH/USD,1075.8,1167.28,1071.51,1149.47,27836.165412,31996837.05613164
2022-06-22 04:00:00,Gemini,ETH/USD,1087.72,1109.53,1042.9,1075.8,13304.766706,14313268.0223148
2022-06-21 04:00:00,Gemini,ETH/USD,1129.95,1129.95,1085.34,1087.72,747.362905,812921.5790266
2022-06-20 04:00:00,Gemini,ETH/USD,1078.6,1168.22,1059.02,1129.95,25359.09379,28654508.0280105
2022-06-19 04:00:00,Gemini,ETH/USD,950.52,1156.48,934.64,1078.6,30156.729532,32527048.4732152
2022-06-18 04:00:00,Gemini,ETH/USD,1078.03,1081.57,880.0,950.52,76484.367297,72699920.80314444
2022-06-17 04:00:00,Gemini,ETH/USD,1069.98,1116.1,1063.83,1078.03,22456.581384,24208868.42939352
2022-06-16 04:00:00,Gemini,ETH/USD,1208.02,1217.5,1050.0,1069.98,33941.097215,36316295.1981057
2022-06-15 04:00:00,Gemini,ETH/USD,1170.87,1256.56,1043.66,1208.02,38023.217478,45932807.17777356
2022-06-14 04:00:00,Gemini,ETH/USD,1172.59,1265.6,1134.72,1170.87,69986.403688,81944980.48616856
2022-06-13 04:00:00,Gemini,ETH/USD,1347.54,1385.85,1075.0,1172.59,115599.781995,135551148.36951703
2022-06-12 04:00:00,Gemini,ETH/USD,1466.61,1543.99,1303.1,1347.54,46729.807166,62970284.348471634
2022-06-11 04:00:00,Gemini,ETH/USD,1667.18,1677.71,1445.0,1466.61,33760.162884,49512992.487303235
2022-06-10 04:00:00,Gemini,ETH/USD,1791.89,1798.61,1653.85,1667.18,15741.283827,26243553.57069786
2022-06-09 04:00:00,Gemini,ETH/USD,1798.24,1831.52,1744.41,1791.89,5481.923164,9823003.298339961
2022-06-08 04:00:00,Gemini,ETH/USD,1777.13,1811.53,1770.82,1798.24,3155.848876,5674973.68277824
2022-06-07 04:00:00,Gemini,ETH/USD,1756.85,1872.53,1735.55,1777.13,12807.727319,22760996.45041447
2022-06-06 04:00:00,Gemini,ETH/USD,1877.16,1917.44,1724.99,1756.85,13933.02836,24478240.874266
2022-06-05 04:00:00,Gemini,ETH/USD,1792.25,1881.62,1772.49,1877.16,5697.13372,10694431.5338352
2022-06-04 04:00:00,Gemini,ETH/USD,1752.0,1814.0,1750.96,1792.25,3192.708481,5722131.7750722505
2022-06-03 04:00:00,Gemini,ETH/USD,1827.58,1827.58,1741.38,1752.0,4505.10733,7892948.04216
2022-06-02 04:00:00,Gemini,ETH/USD,1812.03,1850.67,1781.37,1827.58,10570.033822,19317582.41241076
2022-06-01 04:00:00,Gemini,ETH/USD,1928.48,1971.0,1761.42,1812.03,21181.374566,38381286.15482898
2022-05-31 04:00:00,Gemini,ETH/USD,1992.96,1999.07,1924.65,1928.48,15652.62355,30185771.463704
2022-05-30 04:00:00,Gemini,ETH/USD,1878.54,2014.69,1867.82,1992.96,21367.11405,42583803.617088
2022-05-29 04:00:00,Gemini,ETH/USD,1775.75,1887.11,1768.72,1878.54,8447.005874,15868038.41454396
2022-05-28 04:00:00,Gemini,ETH/USD,1763.32,1806.74,1747.86,1775.75,7614.391052,13521254.910589
2022-05-27 04:00:00,Gemini,ETH/USD,1766.41,1820.46,1699.99,1763.32,31250.261591,55104211.26864211
2022-05-26 04:00:00,Gemini,ETH/USD,1947.93,1947.93,1726.3,1766.41,6830.171705,12064883.60142905
2022-05-25 04:00:00,Gemini,ETH/USD,2012.18,2012.18,1931.38,1947.93,461.828079,899608.76992647
2022-05-24 04:00:00,Gemini,ETH/USD,1985.25,2019.53,1909.08,2012.18,16844.829935,33894829.898608305
2022-05-23 04:00:00,Gemini,ETH/USD,2028.38,2086.88,1955.0,1985.25,13144.924947,26095962.25103175
2022-05-22 04:00:00,Gemini,ETH/USD,1972.44,2054.86,1964.07,2028.38,7572.996345,15360914.3262711
2022-05-21 04:00:00,Gemini,ETH/USD,1967.33,1988.02,1955.0,1972.44,4880.668694,9626826.15879336
2022-05-20 04:00:00,Gemini,ETH/USD,2022.03,2099.9,1920.49,1967.33,10030.687238,19733671.92393454
2022-05-19 04:00:00,Gemini,ETH/USD,1951.36,2051.55,1912.06,2022.03,9371.795912,18950052.48794136
2022-05-18 04:00:00,Gemini,ETH/USD,2038.31,2050.93,1900.8,1951.36,13340.517591,26032152.406373758
2022-05-17 04:00:00,Gemini,ETH/USD,2071.14,2119.1,2006.18,2038.31,9077.706354,18503179.63842174
2022-05-16 04:00:00,Gemini,ETH/USD,2073.44,2080.02,1976.73,2071.14,12217.72252,25304613.820072796
2022-05-15 04:00:00,Gemini,ETH/USD,2011.85,2162.56,2000.01,2073.44,9165.240252,19003575.74810688
2022-05-14 04:00:00,Gemini,ETH/USD,2050.06,2075.45,1947.19,2011.85,8241.852473,16581370.89780505
2022-05-13 04:00:00,Gemini,ETH/USD,2089.98,2145.0,1997.4,2050.06,19717.824255,40422722.7922053
2022-05-12 04:00:00,Gemini,ETH/USD,1962.21,2104.99,1700.0,2089.98,72007.39011,150494005.1820978
2022-05-11 04:00:00,Gemini,ETH/USD,2360.6,2382.99,1962.1,1962.21,50017.250553,98144349.20760213
2022-05-10 04:00:00,Gemini,ETH/USD,2343.1,2456.38,2260.29,2360.6,21411.057084,50542941.352490395
2022-05-09 04:00:00,Gemini,ETH/USD,2457.0,2478.18,2200.0,2343.1,39416.331006,92356405.1801586
2022-05-08 04:00:00,Gemini,ETH/USD,2546.29,2577.83,2422.67,2457.0,12271.973014,30152237.695398
2022-05-07 04:00:00,Gemini,ETH/USD,2668.53,2703.12,2517.83,2546.29,8085.297768,20587512.853680722
2022-05-06 04:00:00,Gemini,ETH/USD,2745.27,2755.23,2629.78,2668.53,14821.616257,39551927.630292214
2022-05-05 04:00:00,Gemini,ETH/USD,2941.77,2949.99,2688.88,2745.27,20651.316013,56693438.311008506
2022-05-04 04:00:00,Gemini,ETH/USD,2798.26,2966.94,2788.82,2941.77,10482.252516,30836375.98399332
2022-05-03 04:00:00,Gemini,ETH/USD,2849.07,2853.4,2706.74,2798.26,14046.274377,39305127.73818402
2022-05-02 04:00:00,Gemini,ETH/USD,2840.22,2882.0,2778.5,2849.07,12803.703216,36478646.72160912
2022-05-01 04:00:00,Gemini,ETH/USD,2778.78,2849.8,2753.0,2840.22,12055.040158,34238966.15755476
2022-04-30 04:00:00,Gemini,ETH/USD,2819.92,2841.65,2715.0,2778.78,6520.090644,18117897.47973432
2022-04-29 04:00:00,Gemini,ETH/USD,2924.27,2935.0,2775.24,2819.92,12274.720895,34613730.9462284
2022-04-28 04:00:00,Gemini,ETH/USD,2884.31,2979.0,2850.18,2924.27,14082.787753,41181873.74246531
2022-04-27 04:00:00,Gemini,ETH/USD,2836.83,2916.31,2821.22,2884.31,4301.518994,12406914.24958414
2022-04-26 04:00:00,Gemini,ETH/USD,3001.21,3020.0,2768.24,2836.83,9394.276104,26649964.280110322
2022-04-25 04:00:00,Gemini,ETH/USD,2877.05,3036.4,2796.99,3001.21,15692.955806,47097855.89452526
2022-04-24 04:00:00,Gemini,ETH/USD,2957.04,2967.34,2841.65,2877.05,5476.736568,15756844.942964401
2022-04-23 04:00:00,Gemini,ETH/USD,2949.61,2979.4,2920.0,2957.04,8814.180203,26063883.427479118
2022-04-22 04:00:00,Gemini,ETH/USD,2995.32,3032.74,2934.58,2949.61,7008.595113,20672622.231255934
2022-04-21 04:00:00,Gemini,ETH/USD,3097.79,3178.7,2856.0,2995.32,9705.211494,29070214.09220808
2022-04-20 04:00:00,Gemini,ETH/USD,3093.42,3106.4,3085.4,3097.79,725.387482,2247098.08786478
2022-04-19 04:00:00,Gemini,ETH/USD,3038.84,3131.41,3029.33,3093.42,8159.654323,25241237.87585466
2022-04-18 04:00:00,Gemini,ETH/USD,2995.96,3095.0,2884.63,3038.84,13402.234153,40727245.23350252
2022-04-17 04:00:00,Gemini,ETH/USD,3031.8,3082.19,2972.56,2995.96,4513.690871,13522837.301881159
2022-04-16 04:00:00,Gemini,ETH/USD,3038.6,3085.44,3012.19,3031.8,3427.655176,10391964.962596802
2022-04-15 04:00:00,Gemini,ETH/USD,3041.67,3059.46,2995.43,3038.6,5342.055199,16232368.927681401
2022-04-14 04:00:00,Gemini,ETH/USD,3119.16,3124.83,2976.71,3041.67,7070.945334,21507482.29406778
2022-04-13 04:00:00,Gemini,ETH/USD,3049.86,3144.93,3049.86,3119.16,3570.745156,11137725.46078896
2022-04-12 04:00:00,Gemini,ETH/USD,2983.0,3085.93,2967.24,3049.86,10468.783913,31928325.30490218
2022-04-11 04:00:00,Gemini,ETH/USD,3173.71,3189.17,2948.33,2983.0,18830.138526,56170303.22305799
2022-04-10 04:00:00,Gemini,ETH/USD,3257.61,3308.07,3153.95,3173.71,3591.96024,11399840.133290399
2022-04-09 04:00:00,Gemini,ETH/USD,3211.57,3269.05,3195.56,3257.61,2560.732002,8341866.177035221
2022-04-08 04:00:00,Gemini,ETH/USD,3268.64,3313.33,3175.0,3211.57,7703.566401,24740542.74645957
2022-04-07 04:00:00,Gemini,ETH/USD,3189.03,3276.01,3160.0,3268.64,10417.701824,34051716.88999936
2022-04-06 04:00:00,Gemini,ETH/USD,3341.06,3341.06,3142.43,3189.03,8638.679459,27549007.955134775
2022-04-05 04:00:00,Gemini,ETH/USD,3524.4,3554.92,3268.16,3341.06,11968.108328,39986168.01034768
2022-04-04 04:00:00,Gemini,ETH/USD,3490.18,3547.79,3409.35,3524.4,7719.240021,27205689.5300124
2022-04-03 04:00:00,Gemini,ETH/USD,3455.91,3581.61,3453.85,3490.18,11264.019757,39313456.475486256
2022-04-02 04:00:00,Gemini,ETH/USD,3475.0,3530.86,3414.99,3455.91,4059.933864,14030766.039936239
2022-04-01 04:00:00,Gemini,ETH/USD,3250.24,3524.29,3243.6,3475.0,11519.121877,40028948.522575
2022-03-31 04:00:00,Gemini,ETH/USD,3397.59,3446.64,3212.93,3250.24,8054.224848,26178163.769963518
2022-03-30 04:00:00,Gemini,ETH/USD,3384.66,3447.23,3372.55,3397.59,4006.855694,13613652.83737746
2022-03-29 04:00:00,Gemini,ETH/USD,3373.54,3483.72,3333.61,3384.66,15243.182114,51592988.77397124
2022-03-28 04:00:00,Gemini,ETH/USD,3314.26,3435.57,3302.2,3373.54,18008.87692,60753666.644696794
2022-03-27 04:00:00,Gemini,ETH/USD,3146.92,3325.69,3128.59,3314.26,7030.009798,23299280.273119483
2022-03-26 04:00:00,Gemini,ETH/USD,3111.44,3169.74,3102.05,3146.92,2908.655319,9153305.59646748
2022-03-25 04:00:00,Gemini,ETH/USD,3137.6,3195.0,3077.13,3111.44,11784.245634,36665973.235452965
2022-03-24 04:00:00,Gemini,ETH/USD,3019.44,3143.02,3005.0,3137.6,22356.028105,70144273.782248
2022-03-23 04:00:00,Gemini,ETH/USD,2948.2,3083.79,2948.2,3019.44,5223.562013,15772232.08453272
2022-03-22 04:00:00,Gemini,ETH/USD,3007.04,3054.28,2926.75,2948.2,11557.750333,34074559.5317506
2022-03-21 04:00:00,Gemini,ETH/USD,2846.34,3028.83,2846.34,3007.04,4654.075474,13994991.11333696
2022-03-20 04:00:00,Gemini,ETH/USD,2934.86,2937.68,2820.0,2846.34,6340.360175,18046820.7805095
2022-03-19 04:00:00,Gemini,ETH/USD,2949.9,2986.87,2896.58,2934.86,6323.398697,18558289.89987742
2022-03-18 04:00:00,Gemini,ETH/USD,2780.99,2985.96,2773.38,2949.9,20905.185591,61668206.9748909
2022-03-17 04:00:00,Gemini,ETH/USD,2766.7,2837.69,2748.36,2780.99,9305.659095,25878944.886604052
2022-03-16 04:00:00,Gemini,ETH/USD,2623.03,2790.0,2623.03,2766.7,6476.770108,17919279.857803598
2022-03-15 04:00:00,Gemini,ETH/USD,2545.33,2732.11,2507.62,2623.03,12987.104094,34065563.65168482
2022-03-14 04:00:00,Gemini,ETH/USD,2537.08,2608.83,2511.13,2545.33,9470.211207,24104812.69151331
2022-03-13 04:00:00,Gemini,ETH/USD,2591.5,2597.02,2494.49,2537.08,5705.082324,14474250.26257392
2022-03-12 04:00:00,Gemini,ETH/USD,2584.76,2614.95,2559.46,2591.5,4089.407994,10597700.816451
2022-03-11 04:00:00,Gemini,ETH/USD,2553.23,2677.24,2527.54,2584.76,8759.455956,22641091.376830563
2022-03-10 04:00:00,Gemini,ETH/USD,2660.0,2664.31,2523.9,2553.23,9191.282297,23467457.699169308
2022-03-09 04:00:00,Gemini,ETH/USD,2698.86,2736.26,2653.58,2660.0,5289.402999,14069811.97734
2022-03-08 04:00:00,Gemini,ETH/USD,2549.45,2718.04,2549.45,2698.86,3123.906047,8430985.07400642
2022-03-07 04:00:00,Gemini,ETH/USD,2526.68,2648.9,2446.54,2549.45,15495.590924,39505234.281191796
2022-03-06 04:00:00,Gemini,ETH/USD,2636.15,2660.3,2505.55,2526.68,9466.894559,23919813.14433412
2022-03-05 04:00:00,Gemini,ETH/USD,2627.38,2684.42,2611.23,2636.15,2500.438389,6591530.65916235
2022-03-04 04:00:00,Gemini,ETH/USD,2725.05,2758.21,2573.0,2627.38,16412.956125,43123072.6637025
2022-03-03 04:00:00,Gemini,ETH/USD,2898.16,2937.01,2690.37,2725.05,10592.143656,28864121.0697828
2022-03-02 04:00:00,Gemini,ETH/USD,3019.35,3019.35,2889.76,2898.16,5483.61276,15892387.1565216
2022-03-01 04:00:00,Gemini,ETH/USD,2913.85,3040.26,2855.75,3019.35,20939.418354,63223432.8071499
2022-02-28 04:00:00,Gemini,ETH/USD,2607.83,2973.41,2570.67,2913.85,17658.509346,51454247.4578421
2022-02-27 04:00:00,Gemini,ETH/USD,2719.89,2836.52,2559.13,2607.83,11748.928717,30639208.77605411
2022-02-26 04:00:00,Gemini,ETH/USD,2797.16,2855.98,2679.36,2719.89,5724.582997,15570236.047710331
2022-02-25 04:00:00,Gemini,ETH/USD,2639.56,2877.47,2570.0,2797.16,13672.4451,38244016.535916
2022-02-24 04:00:00,Gemini,ETH/USD,2398.44,2650.58,2398.44,2639.56,1213.946664,3204285.05642784
2022-02-23 04:00:00,Gemini,ETH/USD,2626.97,2755.29,2390.0,2398.44,24233.802504,58123321.27769376
2022-02-22 04:00:00,Gemini,ETH/USD,2518.16,2666.56,2500.76,2626.97,13666.419814,35901274.85878358
2022-02-21 04:00:00,Gemini,ETH/USD,2712.05,2758.87,2508.39,2518.16,14135.578275,35595647.788973995
2022-02-20 04:00:00,Gemini,ETH/USD,2713.85,2739.87,2576.27,2712.05,8994.485659,24393494.831490953
2022-02-19 04:00:00,Gemini,ETH/USD,2805.75,2825.9,2697.68,2713.85,6091.007626,16530081.045820098
2022-02-18 04:00:00,Gemini,ETH/USD,2909.76,2945.32,2751.41,2805.75,10604.167656,29752643.400822
2022-02-17 04:00:00,Gemini,ETH/USD,3086.51,3137.24,2854.42,2909.76,14003.747057,40747543.03657632
2022-02-16 04:00:00,Gemini,ETH/USD,3144.0,3190.11,3047.16,3086.51,4474.832795,13811616.170095451
2022-02-15 04:00:00,Gemini,ETH/USD,3028.17,3199.01,3009.74,3144.0,9184.386861,28875712.290984
2022-02-14 04:00:00,Gemini,ETH/USD,2867.47,3043.57,2845.8,3028.17,7306.986504,22126797.32181768
2022-02-13 04:00:00,Gemini,ETH/USD,2918.62,2954.35,2830.04,2867.47,4511.907383,12937759.063531008
2022-02-12 04:00:00,Gemini,ETH/USD,2936.43,2986.53,2860.0,2918.62,5318.854862,15523716.17733044
2022-02-11 04:00:00,Gemini,ETH/USD,3082.51,3142.11,2876.56,2936.43,16563.86841,48638640.1151763
2022-02-10 04:00:00,Gemini,ETH/USD,3182.48,3283.83,3004.12,3082.51,18345.590993,56550467.69183244
2022-02-09 04:00:00,Gemini,ETH/USD,3079.5,3247.93,3079.5,3182.48,1135.705266,3614359.29493968
2022-02-08 04:00:00,Gemini,ETH/USD,3149.58,3233.32,3028.38,3079.5,19213.349039,59167508.365600504
2022-02-07 04:00:00,Gemini,ETH/USD,3072.9,3195.0,3052.59,3149.58,12873.933417,40547483.21151486
2022-02-06 04:00:00,Gemini,ETH/USD,3011.36,3077.03,2947.69,3072.9,9226.545834,28352252.6932986
2022-02-05 04:00:00,Gemini,ETH/USD,3000.46,3062.85,2964.23,3011.36,7247.098604,21823622.85214144
2022-02-04 04:00:00,Gemini,ETH/USD,2685.66,3018.68,2678.05,3000.46,30992.36511,92991351.81795059
2022-02-03 04:00:00,Gemini,ETH/USD,2659.3,2700.0,2576.87,2685.66,11232.318486,30166188.46511076
2022-02-02 04:00:00,Gemini,ETH/USD,2783.81,2909.13,2615.32,2659.3,17479.314561,46482741.2120673
2022-02-01 04:00:00,Gemini,ETH/USD,2754.14,2815.69,2719.52,2783.81,17279.053623,48101602.26624363
2022-01-31 04:00:00,Gemini,ETH/USD,2513.24,2762.22,2477.94,2754.14,15437.324566,42516553.080203235
2022-01-30 04:00:00,Gemini,ETH/USD,2572.69,2640.79,2492.7,2513.24,13163.115512,33082068.42937888
2022-01-29 04:00:00,Gemini,ETH/USD,2542.99,2636.77,2525.79,2572.69,13384.661797,34434585.55852393
2022-01-28 04:00:00,Gemini,ETH/USD,2449.0,2587.77,2359.07,2542.99,20192.235053,51348651.81742847
2022-01-27 04:00:00,Gemini,ETH/USD,2366.57,2521.75,2316.47,2449.0,22080.650799,54075513.806751
2022-01-26 04:00:00,Gemini,ETH/USD,2478.33,2724.02,2356.27,2366.57,23554.129956,55742497.329970926
2022-01-25 04:00:00,Gemini,ETH/USD,2416.82,2507.5,2352.0,2478.33,22862.953309,56661943.07429397
2022-01-24 04:00:00,Gemini,ETH/USD,2462.01,2482.55,2152.9,2416.82,51998.057839,125669946.146452
2022-01-23 04:00:00,Gemini,ETH/USD,2417.89,2550.0,2370.67,2462.01,21745.573919,53537820.44431719
2022-01-22 04:00:00,Gemini,ETH/USD,2567.02,2576.92,2301.02,2417.89,30311.5588,73290014.906932
2022-01-21 04:00:00,Gemini,ETH/USD,2837.62,2899.56,2465.6,2567.02,42732.086924,109694121.7756465
2022-01-20 04:00:00,Gemini,ETH/USD,3127.32,3272.35,2809.73,2837.62,23506.834536,66703463.816044316
2022-01-19 04:00:00,Gemini,ETH/USD,3099.15,3158.28,3084.18,3127.32,4860.46013,15200214.173751602
2022-01-18 04:00:00,Gemini,ETH/USD,3183.74,3208.5,3084.43,3099.15,10952.18386,33942460.609719
2022-01-17 04:00:00,Gemini,ETH/USD,3258.93,3300.13,3143.36,3183.74,9619.139092,30624837.892764077
2022-01-16 04:00:00,Gemini,ETH/USD,3318.0,3394.38,3258.37,3258.93,11374.972916,37070240.48513988
2022-01-15 04:00:00,Gemini,ETH/USD,3310.39,3373.06,3265.02,3318.0,15073.893145,50015177.45511
2022-01-14 04:00:00,Gemini,ETH/USD,3270.05,3350.0,3189.99,3310.39,6524.496092,21598626.61799588
2022-01-13 04:00:00,Gemini,ETH/USD,3339.38,3418.67,3225.01,3270.05,10273.333845,33594315.33984225
2022-01-12 04:00:00,Gemini,ETH/USD,3236.75,3412.21,3236.75,3339.38,6918.746875,23104324.9394375
2022-01-11 04:00:00,Gemini,ETH/USD,3121.61,3266.7,3076.33,3236.75,15945.03471,51610091.0975925
2022-01-10 04:00:00,Gemini,ETH/USD,3156.85,3181.08,2928.15,3121.61,27474.455224,85764534.17179064
2022-01-09 04:00:00,Gemini,ETH/USD,3121.67,3211.99,3075.0,3156.85,9414.835438,29721223.2524503
2022-01-08 04:00:00,Gemini,ETH/USD,3204.4,3247.91,3000.0,3121.67,14224.653358,44404673.64806786
2022-01-07 04:00:00,Gemini,ETH/USD,3237.0,3285.53,3062.98,3204.4,23738.94741,76069083.080604
2022-01-06 04:00:00,Gemini,ETH/USD,3446.36,3479.53,3225.88,3237.0,19475.34952,63041706.396239996
2022-01-05 04:00:00,Gemini,ETH/USD,3809.6,3819.94,3410.01,3446.36,16632.281149,57320828.46066764
2022-01-04 04:00:00,Gemini,ETH/USD,3745.53,3893.4,3728.61,3809.6,12172.407486,46372003.558665596
2022-01-03 04:00:00,Gemini,ETH/USD,3786.35,3850.54,3682.2,3745.53,9628.060345,36062188.86400785
2022-01-02 04:00:00,Gemini,ETH/USD,3759.34,3857.0,3718.8,3786.35,4428.074679,16766240.560831651
2022-01-01 04:00:00,Gemini,ETH/USD,3722.62,3777.71,3675.0,3759.34,7091.010262,26657518.51834708
2021-12-31 04:00:00,Gemini,ETH/USD,3743.89,3813.86,3621.88,3722.62,15688.125205,58400928.6506371
2021-12-30 04:00:00,Gemini,ETH/USD,3651.67,3769.86,3648.91,3743.89,10444.803318,39104194.69422702
2021-12-29 04:00:00,Gemini,ETH/USD,3817.1,3825.17,3585.37,3651.67,13267.354429,48448000.14774644
2021-12-28 04:00:00,Gemini,ETH/USD,3961.27,3961.27,3760.02,3817.1,14041.565435,53598059.4219385
2021-12-27 04:00:00,Gemini,ETH/USD,4082.87,4127.75,3929.99,3961.27,7628.942969,30220302.914810628
2021-12-26 04:00:00,Gemini,ETH/USD,4016.54,4105.44,4007.48,4082.87,4721.745034,19278271.14696758
2021-12-25 04:00:00,Gemini,ETH/USD,4040.26,4141.27,4010.44,4016.54,2821.108799,11331096.335535461
2021-12-24 04:00:00,Gemini,ETH/USD,4093.64,4137.75,4021.0,4040.26,5158.780868,20842815.98974568
2021-12-23 04:00:00,Gemini,ETH/USD,3962.74,4154.36,3895.26,4093.64,12631.980324,51710779.93353936
2021-12-22 04:00:00,Gemini,ETH/USD,4049.88,4049.88,3911.91,3962.74,4411.484582,17481566.41247468
2021-12-21 04:00:00,Gemini,ETH/USD,4008.6,4078.38,3964.86,4049.88,16119.793616,65283229.76956608
2021-12-20 04:00:00,Gemini,ETH/USD,3908.59,4022.67,3756.01,4008.6,14477.071778,58032789.929290794
2021-12-19 04:00:00,Gemini,ETH/USD,3991.14,4028.97,3887.52,3908.59,6976.086957,27266663.719260633
2021-12-18 04:00:00,Gemini,ETH/USD,3880.62,4031.69,3842.93,3991.14,9595.302221,38296194.50632194
2021-12-17 04:00:00,Gemini,ETH/USD,3967.11,3989.11,3700.0,3880.62,11272.521954,43744374.145131476
2021-12-16 04:00:00,Gemini,ETH/USD,4021.89,4040.12,3934.17,3967.11,3857.236425,15302081.19398175
2021-12-15 04:00:00,Gemini,ETH/USD,3848.56,4093.04,3643.95,4021.89,28013.107156,112665635.53964482
2021-12-14 04:00:00,Gemini,ETH/USD,3776.71,3896.0,3687.32,3848.56,14855.686596,57173001.20590176
2021-12-13 04:00:00,Gemini,ETH/USD,3997.89,4048.31,3666.12,3776.71,24586.185122,92854891.21210861
2021-12-12 04:00:00,Gemini,ETH/USD,4044.98,4177.99,3952.59,3997.89,7244.408474,28962348.19411986
2021-12-11 04:00:00,Gemini,ETH/USD,4013.01,4100.0,3935.19,4044.98,8434.023506,34115456.40129988
2021-12-10 04:00:00,Gemini,ETH/USD,4142.53,4199.47,3834.59,4013.01,21071.5294406,84560258.36042221
2021-12-09 04:00:00,Gemini,ETH/USD,4362.77,4362.77,4077.15,4142.53,5090.58213517,21087889.21240578
2021-12-08 04:00:00,Gemini,ETH/USD,4299.35,4490.84,4229.99,4362.77,11082.62828299,48350958.19418028
2021-12-07 04:00:00,Gemini,ETH/USD,4345.53,4429.8,4260.0,4299.35,16009.61212254,68830925.87904236
2021-12-06 04:00:00,Gemini,ETH/USD,4173.56,4392.08,3919.36,4345.53,25285.08879228,109877111.8995165
2021-12-05 04:00:00,Gemini,ETH/USD,4170.69,4256.38,4037.03,4173.56,32077.94274451,133879218.72077717
2021-12-04 04:00:00,Gemini,ETH/USD,4060.15,4186.92,3500.0,4170.69,56282.16526486,234735463.84849894
2021-12-03 04:00:00,Gemini,ETH/USD,4498.17,4659.4,4038.35,4060.15,36007.58547673,146196198.1733453
2021-12-02 04:00:00,Gemini,ETH/USD,4495.57,4572.09,4436.79,4498.17,8651.56860064,38916226.33234083
2021-12-01 04:00:00,Gemini,ETH/USD,4764.0,4783.96,4455.1,4495.57,13931.58933245,62630435.05528224
2021-11-30 04:00:00,Gemini,ETH/USD,4439.72,4770.0,4348.25,4764.0,32006.01845359,152476671.91290277
2021-11-29 04:00:00,Gemini,ETH/USD,4309.05,4506.49,4282.97,4439.72,15790.12819507,70103747.95021619
2021-11-28 04:00:00,Gemini,ETH/USD,4026.45,4376.45,3967.69,4309.05,10451.75445513,45037132.534877926
2021-11-27 04:00:00,Gemini,ETH/USD,4118.85,4186.25,3983.47,4026.45,7318.2886882,29466723.488602888
2021-11-26 04:00:00,Gemini,ETH/USD,4431.5,4449.82,3917.85,4118.85,24526.69822597,101021790.98803654
2021-11-25 04:00:00,Gemini,ETH/USD,4318.79,4556.0,4267.62,4431.5,11814.69202484,52356807.70807846
2021-11-24 04:00:00,Gemini,ETH/USD,4248.78,4341.63,4165.0,4318.79,13251.24069888,57229325.81791595
2021-11-23 04:00:00,Gemini,ETH/USD,4179.91,4390.01,4063.07,4248.78,19152.83899431,81376199.26224445
2021-11-22 04:00:00,Gemini,ETH/USD,4168.73,4319.66,4025.11,4179.91,13214.33180799,55234717.66753548
2021-11-21 04:00:00,Gemini,ETH/USD,4342.02,4426.53,4146.74,4168.73,7037.28686755,29336548.88336171
2021-11-20 04:00:00,Gemini,ETH/USD,4286.86,4438.41,4206.79,4342.02,7996.81391472,34722325.95399254
2021-11-19 04:00:00,Gemini,ETH/USD,4011.46,4338.2,4007.9,4286.86,13307.54610867,57047587.11141307
2021-11-18 04:00:00,Gemini,ETH/USD,4284.96,4284.96,3960.04,4011.46,24687.52908214,99033035.41184133
2021-11-17 04:00:00,Gemini,ETH/USD,4123.92,4348.15,4081.97,4284.96,13014.52382824,55766714.02305527
2021-11-16 04:00:00,Gemini,ETH/USD,4313.51,4367.65,4068.01,4123.92,19232.0481519,79311428.01458344
2021-11-15 04:00:00,Gemini,ETH/USD,4705.77,4770.0,4237.77,4313.51,24972.33925799,107718435.11273244
2021-11-14 04:00:00,Gemini,ETH/USD,4628.61,4724.96,4516.77,4705.77,6642.75946171,31259298.192131072
2021-11-13 04:00:00,Gemini,ETH/USD,4643.05,4700.64,4586.64,4628.61,3310.37147733,15322418.52368441
2021-11-12 04:00:00,Gemini,ETH/USD,4774.3,4774.3,4617.96,4643.05,3730.53197152,17321046.470365938
2021-11-11 04:00:00,Gemini,ETH/USD,4636.05,4810.01,4623.92,4774.3,15930.56087839,76057276.80169739
2021-11-10 04:00:00,Gemini,ETH/USD,4692.89,4870.51,4470.0,4636.05,21539.53956915,99858382.41955787
2021-11-09 04:00:00,Gemini,ETH/USD,4816.0,4841.78,4679.49,4692.89,12240.81827432,57444813.67137358
2021-11-08 04:00:00,Gemini,ETH/USD,4724.67,4826.0,4706.05,4816.0,15375.43645112,74048101.94859391
2021-11-07 04:00:00,Gemini,ETH/USD,4554.24,4739.76,4523.66,4724.67,10429.26033151,49274813.41047536
2021-11-06 04:00:00,Gemini,ETH/USD,4496.29,4575.9,4330.0,4554.24,14125.61144416,64331424.66345124
2021-11-05 04:00:00,Gemini,ETH/USD,4547.08,4573.23,4445.99,4496.29,13151.56915789,59133268.88892923
2021-11-04 04:00:00,Gemini,ETH/USD,4561.04,4561.04,4421.4,4547.08,14110.61024435,64162073.629879
2021-11-03 04:00:00,Gemini,ETH/USD,4592.82,4670.49,4456.27,4561.04,20886.65083892,95264849.94234768
2021-11-02 04:00:00,Gemini,ETH/USD,4323.29,4643.44,4319.61,4592.82,23535.33317295,108093548.9033882
2021-11-01 04:00:00,Gemini,ETH/USD,4192.86,4383.1,4150.63,4323.29,18064.59456738,78098481.04720828
2021-10-31 04:00:00,Gemini,ETH/USD,4374.08,4385.54,4169.0,4192.86,15832.36083134,66382872.43529223
2021-10-30 04:00:00,Gemini,ETH/USD,4340.29,4398.39,4282.06,4374.08,1840.36555062,8049906.147655929
2021-10-29 04:00:00,Gemini,ETH/USD,4383.88,4458.9,4280.34,4340.29,16474.60600497,71504567.69731124
2021-10-28 04:00:00,Gemini,ETH/USD,3997.38,4408.3,3984.52,4383.88,25953.93919126,113778954.9417809
2021-10-27 04:00:00,Gemini,ETH/USD,4210.38,4210.38,3895.0,3997.38,1869.43171604,7472828.953063976
2021-10-26 04:00:00,Gemini,ETH/USD,4224.23,4295.31,4091.93,4210.38,16131.29714651,67918890.87972277
2021-10-25 04:00:00,Gemini,ETH/USD,4141.67,4257.97,4106.69,4224.23,13966.01589488,58995663.32362893
2021-10-24 04:00:00,Gemini,ETH/USD,4134.55,4149.24,3962.46,4141.67,17741.42521336,73479128.5634167
2021-10-23 04:00:00,Gemini,ETH/USD,4023.62,4186.23,3937.89,4134.55,8325.14019618,34420708.39811602
2021-10-22 04:00:00,Gemini,ETH/USD,4155.0,4168.94,3888.88,4023.62,23319.92048359,93830498.45618239
2021-10-21 04:00:00,Gemini,ETH/USD,4186.78,4373.5,4001.0,4155.0,25404.63076857,105556240.84340836
2021-10-20 04:00:00,Gemini,ETH/USD,3840.0,4242.47,3840.0,4186.78,20985.54476433,87861859.10840155
2021-10-19 04:00:00,Gemini,ETH/USD,3823.49,3900.0,3741.99,3840.0,14362.79568817,55153135.442572795
2021-10-18 04:00:00,Gemini,ETH/USD,3851.23,3885.59,3677.0,3823.49,18805.80964114,71903825.10480237
2021-10-17 04:00:00,Gemini,ETH/USD,3879.57,3918.24,3646.0,3851.23,10558.51096704,40663254.19159346
2021-10-16 04:00:00,Gemini,ETH/USD,3838.83,3969.0,3804.05,3879.57,13103.17950375,50834702.10736339
2021-10-15 04:00:00,Gemini,ETH/USD,3821.98,3904.78,3746.1,3838.83,14211.47513214,54555437.081512995
2021-10-14 04:00:00,Gemini,ETH/USD,3645.22,3850.0,3645.22,3821.98,3607.3728397,13787306.845876606
2021-10-13 04:00:00,Gemini,ETH/USD,3500.86,3657.11,3413.24,3645.22,14309.49701086,52161264.69392709
2021-10-12 04:00:00,Gemini,ETH/USD,3485.0,3551.1,3400.0,3500.86,16450.04188905,57589293.64769959
2021-10-11 04:00:00,Gemini,ETH/USD,3520.48,3608.64,3450.0,3485.0,7034.52249069,24515310.880054653
2021-10-10 04:00:00,Gemini,ETH/USD,3532.35,3603.8,3369.48,3520.48,9957.66348373,35055755.141201794
2021-10-09 04:00:00,Gemini,ETH/USD,3582.09,3635.43,3481.08,3532.35,6429.44324149,22711043.8340772
2021-10-08 04:00:00,Gemini,ETH/USD,3573.71,3671.39,3533.0,3582.09,12052.68987148,43173819.8617298
2021-10-07 04:00:00,Gemini,ETH/USD,3521.5,3655.0,3508.71,3573.71,10005.88984709,35758148.60544401
2021-10-06 04:00:00,Gemini,ETH/USD,3490.64,3631.32,3469.99,3521.5,9834.86276137,34633469.21416445
2021-10-05 04:00:00,Gemini,ETH/USD,3388.11,3546.2,3365.28,3490.64,15024.87829716,52446441.17919858
2021-10-04 04:00:00,Gemini,ETH/USD,3339.31,3439.08,3269.99,3388.11,14538.26423405,49257238.43402715
2021-10-03 04:00:00,Gemini,ETH/USD,3404.04,3489.36,3328.0,3339.31,9013.15641845,30097723.35969427
2021-10-02 04:00:00,Gemini,ETH/USD,3268.38,3468.85,3259.8,3404.04,13201.27874854,44937680.9111801
2021-10-01 04:00:00,Gemini,ETH/USD,3003.24,3345.73,2990.23,3268.38,24337.58676957,79544481.8459272
2021-09-30 04:00:00,Gemini,ETH/USD,3028.29,3051.88,2942.49,3003.24,22479.1650816,67510327.73966438
2021-09-29 04:00:00,Gemini,ETH/USD,2895.84,3035.66,2783.0,3028.29,13611.0650564,41218252.19964556
2021-09-28 04:00:00,Gemini,ETH/USD,2948.59,2970.0,2787.57,2895.84,19376.39734184,56110946.47839394
2021-09-27 04:00:00,Gemini,ETH/USD,3131.0,3151.67,2887.09,2948.59,21415.24546277,63144778.619068995
2021-09-26 04:00:00,Gemini,ETH/USD,2866.76,3167.23,2742.0,3131.0,19111.4837663,59838055.672285296
2021-09-25 04:00:00,Gemini,ETH/USD,2916.14,2967.73,2804.23,2866.76,16243.38218646,46565878.31685607
2021-09-24 04:00:00,Gemini,ETH/USD,3077.15,3117.43,2734.71,2916.14,41541.16236604,121139845.22210388
2021-09-23 04:00:00,Gemini,ETH/USD,3120.38,3175.0,3044.23,3077.15,22194.73201133,68296519.60866411
2021-09-22 04:00:00,Gemini,ETH/USD,2869.31,3121.68,2869.31,3120.38,20021.20812363,62473777.40481258
2021-09-21 04:00:00,Gemini,ETH/USD,2998.29,3104.42,2650.85,2869.31,46289.91667767,132820120.82240531
2021-09-20 04:00:00,Gemini,ETH/USD,3187.56,3218.18,2807.97,2998.29,49242.01048413,147641827.61446214
2021-09-19 04:00:00,Gemini,ETH/USD,3413.18,3458.96,3157.41,3187.56,15668.0457938,49942836.05048513
2021-09-18 04:00:00,Gemini,ETH/USD,3452.36,3541.89,3374.61,3413.18,7627.86795723,26035286.354258288
2021-09-17 04:00:00,Gemini,ETH/USD,3563.75,3586.55,3351.23,3452.36,13997.47929234,48324337.60970292
2021-09-16 04:00:00,Gemini,ETH/USD,3545.21,3675.06,3483.69,3563.75,16909.20503312,60260179.4367814
2021-09-15 04:00:00,Gemini,ETH/USD,3398.63,3621.96,3398.63,3545.21,6424.00716043,22774454.42522804
2021-09-14 04:00:00,Gemini,ETH/USD,3291.39,3451.58,3274.96,3398.63,13436.9737165,45667301.9821084
2021-09-13 04:00:00,Gemini,ETH/USD,3257.9,3385.53,3112.0,3291.39,29578.64500555,97354856.38481721
2021-09-12 04:00:00,Gemini,ETH/USD,3327.79,3473.1,3253.46,3257.9,10694.93611122,34843032.35674364
2021-09-11 04:00:00,Gemini,ETH/USD,3241.07,3349.81,3219.0,3327.79,13417.65889722,44651151.10157975
2021-09-10 04:00:00,Gemini,ETH/USD,3465.73,3481.48,3147.17,3241.07,35512.54440987,115098642.31049737
2021-09-09 04:00:00,Gemini,ETH/USD,3469.52,3568.65,3395.41,3465.73,21874.2435356,75810222.04863499
2021-09-08 04:00:00,Gemini,ETH/USD,3432.88,3561.03,3427.98,3469.52,6820.15291945,23662656.95709016
2021-09-07 04:00:00,Gemini,ETH/USD,3914.03,3936.66,3005.0,3432.88,57612.76372731,197777704.34420794
2021-09-06 04:00:00,Gemini,ETH/USD,3905.5,3975.0,3869.33,3914.03,12438.21363458,48683541.312155165
2021-09-05 04:00:00,Gemini,ETH/USD,3848.06,3984.7,3835.77,3905.5,11867.32920805,46347854.222039275
2021-09-04 04:00:00,Gemini,ETH/USD,3920.51,3954.83,3835.01,3848.06,12782.53403885,49187957.93353713
2021-09-03 04:00:00,Gemini,ETH/USD,3807.36,4030.0,3780.73,3920.51,21856.81699475,85689869.59608732
2021-09-02 04:00:00,Gemini,ETH/USD,3766.97,3836.9,3711.71,3807.36,18962.91122854,72198629.69509406
2021-09-01 04:00:00,Gemini,ETH/USD,3447.0,3849.14,3447.0,3766.97,10461.71402413,39408962.87747698
2021-08-31 04:00:00,Gemini,ETH/USD,3239.06,3475.0,3215.61,3447.0,35962.76821037,123963662.02114539
2021-08-30 04:00:00,Gemini,ETH/USD,3163.88,3350.0,3147.74,3239.06,29785.00989832,96475434.16125238
2021-08-29 04:00:00,Gemini,ETH/USD,3182.9,3259.78,3136.23,3163.88,10158.31309994,32139683.650638167
2021-08-28 04:00:00,Gemini,ETH/USD,3247.08,3287.11,3161.89,3182.9,15051.88095933,47908631.905451454
2021-08-27 04:00:00,Gemini,ETH/USD,3093.95,3288.65,3077.76,3247.08,20339.02581112,66042443.93077152
2021-08-26 04:00:00,Gemini,ETH/USD,3147.05,3169.07,3052.8,3093.95,20831.6635417,64452125.41484271
2021-08-25 04:00:00,Gemini,ETH/USD,3176.42,3250.55,3140.54,3147.05,9251.22128341,29114055.93995544
2021-08-24 04:00:00,Gemini,ETH/USD,3326.28,3359.72,3146.34,3176.42,25268.45754801,80263233.92464992
2021-08-23 04:00:00,Gemini,ETH/USD,3343.53,3380.01,3280.09,3326.28,20502.55171904,68197227.73200837
2021-08-22 04:00:00,Gemini,ETH/USD,3228.24,3361.34,3129.11,3343.53,18344.19305569,61334359.80749119
2021-08-21 04:00:00,Gemini,ETH/USD,3278.28,3311.14,3200.0,3228.24,17990.84836441,58078776.32392294
2021-08-20 04:00:00,Gemini,ETH/USD,3217.82,3301.22,3187.16,3278.28,23260.88028035,76255678.6054658
2021-08-19 04:00:00,Gemini,ETH/USD,2967.28,3246.09,2958.92,3217.82,33436.55955211,107592830.0579706
2021-08-18 04:00:00,Gemini,ETH/USD,3050.05,3125.99,2967.28,2967.28,20963.75131138,62205319.99123166
2021-08-17 04:00:00,Gemini,ETH/USD,3194.09,3296.17,2952.16,3050.05,38859.28071456,118522749.14344373
2021-08-16 04:00:00,Gemini,ETH/USD,3263.91,3314.04,3116.0,3194.09,32930.58866835,105183263.95969005
2021-08-15 04:00:00,Gemini,ETH/USD,3248.9,3341.97,3114.0,3263.91,19461.84689716,63521716.706109494
2021-08-14 04:00:00,Gemini,ETH/USD,3297.97,3332.99,3207.12,3248.9,10020.26764708,32554847.558598213
2021-08-13 04:00:00,Gemini,ETH/USD,3118.23,3330.46,3095.35,3297.97,20936.09523831,69046614.01308922
2021-08-12 04:00:00,Gemini,ETH/USD,3212.22,3221.21,2980.76,3118.23,29011.74231017,90465285.2238414
2021-08-11 04:00:00,Gemini,ETH/USD,3159.84,3266.08,3150.0,3212.22,14108.25759439,45318827.209851444
2021-08-10 04:00:00,Gemini,ETH/USD,3117.19,3235.34,3051.56,3159.84,23554.25842721,74427687.94863525
2021-08-09 04:00:00,Gemini,ETH/USD,2951.5,3200.0,2894.46,3117.19,27742.57387396,86478873.85416937
2021-08-08 04:00:00,Gemini,ETH/USD,3123.13,3188.33,2899.66,2951.5,28016.58279114,82690944.10804972
2021-08-07 04:00:00,Gemini,ETH/USD,2936.8,3192.91,2930.9,3123.13,26105.12805042,81529708.56810822
2021-08-06 04:00:00,Gemini,ETH/USD,2762.79,2949.99,2722.28,2936.8,25088.85538382,73680950.49120258
2021-08-05 04:00:00,Gemini,ETH/USD,2712.12,2846.49,2528.63,2762.79,68320.77831837,188755963.13020945
2021-08-04 04:00:00,Gemini,ETH/USD,2484.04,2771.66,2484.04,2712.12,9033.61914925,24500259.16706391
2021-08-03 04:00:00,Gemini,ETH/USD,2532.0,2544.44,2443.71,2484.04,29484.93259797,73241751.9706614
2021-08-02 04:00:00,Gemini,ETH/USD,2561.21,2668.7,2517.42,2532.0,30273.77715756,76653203.76294193
2021-08-01 04:00:00,Gemini,ETH/USD,2617.36,2698.69,2507.34,2561.21,28644.49753067,73364573.52052732
2021-07-31 04:00:00,Gemini,ETH/USD,2464.92,2621.5,2422.51,2617.36,10239.25551307,26799817.809688896
2021-07-30 04:00:00,Gemini,ETH/USD,2423.57,2484.23,2318.33,2464.92,22186.95667721,54689073.25278848
2021-07-29 04:00:00,Gemini,ETH/USD,2278.28,2450.35,2272.11,2423.57,14805.25785167,35881578.77157186
2021-07-28 04:00:00,Gemini,ETH/USD,2289.39,2329.19,2264.87,2278.28,4698.65982486,10704862.705782043
2021-07-27 04:00:00,Gemini,ETH/USD,2172.86,2336.26,2165.79,2289.39,30077.05688964,68858113.27257292
2021-07-26 04:00:00,Gemini,ETH/USD,2317.31,2435.0,2151.9,2172.86,38552.42790247,83769028.49216098
2021-07-25 04:00:00,Gemini,ETH/USD,2153.95,2343.2,2108.99,2317.31,17736.55959799,41101106.9220182
2021-07-24 04:00:00,Gemini,ETH/USD,2139.14,2200.0,2118.21,2153.95,12629.17842107,27202618.860063724
2021-07-23 04:00:00,Gemini,ETH/USD,2059.65,2140.6,1993.0,2139.14,11720.12054322,25070978.65882363
2021-07-22 04:00:00,Gemini,ETH/USD,1977.72,2077.24,1949.43,2059.65,19406.73773789,39971087.38184514
2021-07-21 04:00:00,Gemini,ETH/USD,1802.0,2024.33,1802.0,1977.72,12057.86695471,23847084.63366906
2021-07-20 04:00:00,Gemini,ETH/USD,1728.91,1820.04,1718.95,1802.0,26681.59580132,48080235.63397864
2021-07-19 04:00:00,Gemini,ETH/USD,1885.54,1918.77,1720.0,1728.91,31310.78342733,54133526.575345114
2021-07-18 04:00:00,Gemini,ETH/USD,1982.38,1989.09,1866.73,1885.54,14399.15730367,27150187.06236193
2021-07-17 04:00:00,Gemini,ETH/USD,1867.19,1993.73,1845.78,1982.38,14567.23605549,28877797.41168227
2021-07-16 04:00:00,Gemini,ETH/USD,1949.43,1965.06,1850.07,1867.19,16767.19252484,31307534.210456003
2021-07-15 04:00:00,Gemini,ETH/USD,1979.57,1984.89,1881.23,1949.43,20235.07549978,39446863.23153613
2021-07-14 04:00:00,Gemini,ETH/USD,1885.94,2040.57,1885.94,1979.57,5922.76823194,11724534.308901466
2021-07-13 04:00:00,Gemini,ETH/USD,2029.98,2046.78,1865.0,1885.94,22958.74253021,43298810.887424245
2021-07-12 04:00:00,Gemini,ETH/USD,2163.32,2167.69,2004.68,2029.98,22779.44216986,46241812.015972406
2021-07-11 04:00:00,Gemini,ETH/USD,2090.3,2173.05,2081.2,2163.32,8026.19977614,17363238.499719184
2021-07-10 04:00:00,Gemini,ETH/USD,2133.38,2158.59,2075.0,2090.3,13179.84854965,27549837.423333395
2021-07-09 04:00:00,Gemini,ETH/USD,2120.61,2193.16,2065.54,2133.38,19848.0260894,42343381.89860417
2021-07-08 04:00:00,Gemini,ETH/USD,2257.03,2257.03,2046.99,2120.61,20971.11560588,44471557.46498519
2021-07-07 04:00:00,Gemini,ETH/USD,2340.15,2408.31,2236.3,2257.03,14507.90665101,32744780.548529103
2021-07-06 04:00:00,Gemini,ETH/USD,2238.65,2349.92,2238.65,2340.15,19805.12207187,46346956.416486576
2021-07-05 04:00:00,Gemini,ETH/USD,2266.82,2310.0,2158.05,2238.65,13432.26154647,30070132.311005063
2021-07-04 04:00:00,Gemini,ETH/USD,2211.54,2389.34,2210.99,2266.82,12693.4913945,28773860.162880495
2021-07-03 04:00:00,Gemini,ETH/USD,2132.53,2239.45,2126.61,2211.54,9223.90925725,20399044.278778665
2021-07-02 04:00:00,Gemini,ETH/USD,2041.44,2169.22,2016.33,2132.53,12360.91366579,26360019.21970715
2021-07-01 04:00:00,Gemini,ETH/USD,2185.02,2234.97,2035.0,2041.44,27680.28742766,56507645.966322236
2021-06-30 04:00:00,Gemini,ETH/USD,2126.36,2288.0,2091.26,2185.02,17528.74466484,38300657.6675687
2021-06-29 04:00:00,Gemini,ETH/USD,2103.94,2245.92,2099.75,2126.36,19347.02219998,41138734.12514948
2021-06-28 04:00:00,Gemini,ETH/USD,1967.55,2144.46,1965.5,2103.94,32186.66991954,67718822.31051698
2021-06-27 04:00:00,Gemini,ETH/USD,1882.36,1998.0,1807.51,1967.55,14253.71499862,28044896.94553478
2021-06-26 04:00:00,Gemini,ETH/USD,1819.78,1889.0,1718.96,1882.36,28040.94653314,52783156.116121404
2021-06-25 04:00:00,Gemini,ETH/USD,1979.23,2049.99,1792.0,1819.78,32112.27525415,58437276.26199709
2021-06-24 04:00:00,Gemini,ETH/USD,1907.7,1997.0,1907.7,1979.23,2.247398,4448.11754354
2021-06-23 04:00:00,Gemini,ETH/USD,2013.18,2013.18,1884.63,1907.7,14891.61652377,28408736.842396032
2021-06-22 04:00:00,Gemini,ETH/USD,1975.32,2034.51,1700.0,2013.18,84298.00701323,169707061.75889438
2021-06-21 04:00:00,Gemini,ETH/USD,2156.31,2160.83,1859.75,1975.32,89350.9511738,176496720.8726306
2021-06-20 04:00:00,Gemini,ETH/USD,2184.45,2277.48,2042.76,2156.31,21426.83383267,46202896.06172465
2021-06-19 04:00:00,Gemini,ETH/USD,2189.68,2278.11,2143.24,2184.45,13799.26463695,30143803.636185426
2021-06-18 04:00:00,Gemini,ETH/USD,2341.47,2368.84,2139.62,2189.68,42444.61235599,92940118.78366418
2021-06-17 04:00:00,Gemini,ETH/USD,2434.08,2460.86,2305.62,2341.47,28537.73919325,66820260.18881907
2021-06-16 04:00:00,Gemini,ETH/USD,2523.51,2523.51,2350.01,2434.08,5881.60462339,14316296.18170113
2021-06-15 04:00:00,Gemini,ETH/USD,2588.18,2640.0,2501.29,2523.51,17705.21131449,44679277.80422866
2021-06-14 04:00:00,Gemini,ETH/USD,2480.11,2625.8,2462.0,2588.18,23656.83937709,61228158.53899679
2021-06-13 04:00:00,Gemini,ETH/USD,2336.26,2549.98,2310.0,2480.11,15818.30900356,39231146.34281919
2021-06-12 04:00:00,Gemini,ETH/USD,2302.61,2454.47,2277.05,2336.26,15488.24193663,36184560.10687121
2021-06-11 04:00:00,Gemini,ETH/USD,2466.79,2489.77,2259.0,2302.61,26328.20817934,60623595.43583008
2021-06-10 04:00:00,Gemini,ETH/USD,2563.86,2605.41,2404.85,2466.79,23870.51768044,58883554.30893259
2021-06-09 04:00:00,Gemini,ETH/USD,2457.75,2631.67,2457.75,2563.86,11418.6366594,29275785.785569284
2021-06-08 04:00:00,Gemini,ETH/USD,2492.28,2559.44,2305.01,2457.75,47356.88224944,116391377.34856117
2021-06-07 04:00:00,Gemini,ETH/USD,2767.65,2849.99,2430.0,2492.28,37341.8618338,93066375.41114308
2021-06-06 04:00:00,Gemini,ETH/USD,2676.94,2799.99,2652.61,2767.65,11078.33987112,30660967.34430527
2021-06-05 04:00:00,Gemini,ETH/USD,2764.4,2817.58,2552.84,2676.94,22069.85531931,59079678.49847372
2021-06-04 04:00:00,Gemini,ETH/USD,2756.43,2782.52,2553.57,2764.4,28144.28483164,77802060.98858562
2021-06-03 04:00:00,Gemini,ETH/USD,2723.51,2876.12,2683.93,2756.43,19107.65804568,52668921.86685372
2021-06-02 04:00:00,Gemini,ETH/USD,2616.21,2802.06,2608.3,2723.51,26259.77484286,71518759.38227764
2021-06-01 04:00:00,Gemini,ETH/USD,2630.09,2715.81,2443.88,2616.21,51072.57536574,133616582.39760265
2021-05-31 04:00:00,Gemini,ETH/USD,2305.17,2742.16,2283.17,2630.09,30472.49557583,80145405.88903472
2021-05-30 04:00:00,Gemini,ETH/USD,2297.67,2478.6,2277.0,2305.17,25247.23795575,58199175.51845623
2021-05-29 04:00:00,Gemini,ETH/USD,2528.75,2575.64,2183.0,2297.67,33835.14740523,77742003.13857481
2021-05-28 04:00:00,Gemini,ETH/USD,2719.05,2719.05,2327.87,2528.75,63584.90871586,160790337.915231
2021-05-27 04:00:00,Gemini,ETH/USD,2680.0,2827.97,2670.95,2719.05,12232.93062148,33261950.006335195
2021-05-26 04:00:00,Gemini,ETH/USD,2845.0,2914.97,2640.0,2680.0,42569.99591031,114087589.03963079
2021-05-25 04:00:00,Gemini,ETH/USD,2587.05,2849.0,2383.39,2845.0,52643.23012028,149769989.6921966
2021-05-24 04:00:00,Gemini,ETH/USD,2142.79,2757.0,2086.53,2587.05,83634.5191215,216366682.69327658
2021-05-23 04:00:00,Gemini,ETH/USD,2321.9,2321.9,1728.65,2142.79,139922.0389648,299823545.8733838
2021-05-22 04:00:00,Gemini,ETH/USD,2329.3,2486.03,2155.69,2321.9,49091.74402902,113986120.46098155
2021-05-21 04:00:00,Gemini,ETH/USD,2797.77,2797.77,2100.0,2329.3,52313.36525222,121853521.68199605
2021-05-20 04:00:00,Gemini,ETH/USD,2480.76,3003.23,2459.96,2797.77,83823.96671154,234520179.34654525
2021-05-19 04:00:00,Gemini,ETH/USD,3095.05,3130.62,1960.0,2480.76,203244.08601923,504199798.83306503
2021-05-18 04:00:00,Gemini,ETH/USD,3389.88,3568.69,3055.37,3095.05,36952.43769513,114369642.2883121
2021-05-17 04:00:00,Gemini,ETH/USD,3241.01,3576.91,3114.5,3389.88,59801.59369063,202720226.41999283
2021-05-16 04:00:00,Gemini,ETH/USD,3827.63,3878.09,3205.0,3241.01,65328.12100921,211729093.47205973
2021-05-15 04:00:00,Gemini,ETH/USD,4029.76,4064.22,3619.0,3827.63,22020.45478742,84286153.35797241
2021-05-14 04:00:00,Gemini,ETH/USD,3793.48,4183.68,3756.58,4029.76,37234.20617623,150044914.68072462
2021-05-13 04:00:00,Gemini,ETH/USD,3948.64,3948.64,3500.0,3793.48,37725.99089875,143112791.95459017
2021-05-12 04:00:00,Gemini,ETH/USD,4336.21,4384.16,3511.0,3948.64,64242.100543,253668927.8881115
2021-05-11 04:00:00,Gemini,ETH/USD,3857.5,4359.13,3835.0,4336.21,25474.64695639,110463418.87876788
2021-05-10 04:00:00,Gemini,ETH/USD,4060.21,4345.44,3500.0,3857.5,56823.85784451,219198031.6351973
2021-05-09 04:00:00,Gemini,ETH/USD,3874.49,4077.7,3725.0,4060.21,23638.51667579,95977341.79220931
2021-05-08 04:00:00,Gemini,ETH/USD,3539.73,3968.37,3512.13,3874.49,25676.87442634,99484793.19611007
2021-05-07 04:00:00,Gemini,ETH/USD,3427.49,3595.0,3355.01,3539.73,15974.56745918,56545655.67228322
2021-05-06 04:00:00,Gemini,ETH/USD,3478.06,3610.0,3402.01,3427.49,22705.08775154,77821461.21752582
2021-05-05 04:00:00,Gemini,ETH/USD,3299.56,3550.0,3225.01,3478.06,24705.44299712,85927013.07056318
2021-05-04 04:00:00,Gemini,ETH/USD,3237.67,3531.83,3161.56,3299.56,41221.56474387,136013026.1662837
2021-05-03 04:00:00,Gemini,ETH/USD,3054.86,3458.0,3038.51,3237.67,60403.11897004,195565366.1957294
2021-05-02 04:00:00,Gemini,ETH/USD,2906.97,3060.27,2857.0,3054.86,17806.29647737,54395742.85685852
2021-05-01 04:00:00,Gemini,ETH/USD,2844.35,2957.34,2810.15,2906.97,19823.9682893,57627681.09794641
2021-04-30 04:00:00,Gemini,ETH/USD,2746.72,2849.0,2731.73,2844.35,11077.69952749,31508854.65101618
2021-04-29 04:00:00,Gemini,ETH/USD,2698.5,2800.0,2673.06,2746.72,19507.93808107,53582843.68603658
2021-04-28 04:00:00,Gemini,ETH/USD,2632.23,2760.4,2563.01,2698.5,28142.00489925,75941200.22062613
2021-04-27 04:00:00,Gemini,ETH/USD,2497.07,2719.99,2494.18,2632.23,34998.93711919,92125252.25324549
2021-04-26 04:00:00,Gemini,ETH/USD,2456.56,2549.99,2424.0,2497.07,20279.91567254,50640369.028429456
2021-04-25 04:00:00,Gemini,ETH/USD,2190.65,2474.23,2167.0,2456.56,26326.72949513,64673190.608556546
2021-04-24 04:00:00,Gemini,ETH/USD,2298.28,2329.67,2159.0,2190.65,16234.16562004,35563374.91554063
2021-04-23 04:00:00,Gemini,ETH/USD,2284.47,2380.33,2108.0,2298.28,31110.07911392,71499672.62594007
2021-04-22 04:00:00,Gemini,ETH/USD,2388.05,2645.19,2110.0,2284.47,42202.92385444,96411313.45775254
2021-04-21 04:00:00,Gemini,ETH/USD,2288.99,2470.0,2235.47,2388.05,38153.25533532,91111881.40351093
2021-04-20 04:00:00,Gemini,ETH/USD,2109.77,2363.88,2059.0,2288.99,24668.41814911,56465762.45913129
2021-04-19 04:00:00,Gemini,ETH/USD,2271.21,2279.53,2051.2,2109.77,35754.12671049,75432983.90999049
2021-04-18 04:00:00,Gemini,ETH/USD,2180.0,2283.52,2040.4,2271.21,35986.71227337,81733380.78240068
2021-04-17 04:00:00,Gemini,ETH/USD,2489.82,2498.22,1954.47,2180.0,43710.03528949,95287876.9310882
2021-04-16 04:00:00,Gemini,ETH/USD,2500.32,2500.32,2398.0,2489.82,11836.32650175,29470322.450587187
2021-04-15 04:00:00,Gemini,ETH/USD,2475.01,2549.0,2405.32,2500.32,21050.4250384,52632798.732012294
2021-04-14 04:00:00,Gemini,ETH/USD,2347.98,2477.72,2293.77,2475.01,41845.79736817,103568766.94419445
2021-04-13 04:00:00,Gemini,ETH/USD,2162.34,2352.69,2150.5,2347.98,42117.20925306,98890364.98199981
2021-04-12 04:00:00,Gemini,ETH/USD,2148.9,2200.0,2101.72,2162.34,15628.38859398,33793889.792306714
2021-04-11 04:00:00,Gemini,ETH/USD,2144.42,2163.92,2113.29,2148.9,7631.30574506,16398912.915559435
2021-04-10 04:00:00,Gemini,ETH/USD,2142.08,2194.0,2082.49,2144.42,17406.29618945,37326409.67458037
2021-04-09 04:00:00,Gemini,ETH/USD,2072.93,2151.6,2041.23,2142.08,18577.94369253,39795441.62489466
2021-04-08 04:00:00,Gemini,ETH/USD,1997.47,2098.35,1997.47,2072.93,10096.48764593,20929312.135877673
2021-04-07 04:00:00,Gemini,ETH/USD,2105.16,2110.88,1930.02,1997.47,32779.06359151,65475196.15213348
2021-04-06 04:00:00,Gemini,ETH/USD,2116.1,2136.41,2045.78,2105.16,23881.40545488,50274179.50739518
2021-04-05 04:00:00,Gemini,ETH/USD,2029.09,2150.36,2003.7,2116.1,18118.00653976,38339513.63878614
2021-04-04 04:00:00,Gemini,ETH/USD,2016.73,2093.04,2004.14,2029.09,7767.2992482,15760549.231530137
2021-04-03 04:00:00,Gemini,ETH/USD,2093.49,2128.36,1979.68,2016.73,20529.26233207,41401979.22295553
2021-04-02 04:00:00,Gemini,ETH/USD,1993.87,2146.0,1981.77,2093.49,28897.91058059,60497486.82135935
2021-04-01 04:00:00,Gemini,ETH/USD,1924.25,2008.9,1886.2,1993.87,27346.46267999,54525291.54375166
2021-03-31 04:00:00,Gemini,ETH/USD,1820.42,1948.0,1772.21,1924.25,27258.1599167,52451514.21970997
2021-03-30 04:00:00,Gemini,ETH/USD,1796.29,1863.96,1787.44,1820.42,15236.25540542,27736384.065134678
2021-03-29 04:00:00,Gemini,ETH/USD,1695.8,1840.0,1685.06,1796.29,31402.59943411,56408175.33749745
2021-03-28 04:00:00,Gemini,ETH/USD,1711.61,1725.7,1662.32,1695.8,7473.87780877,12674201.988112167
2021-03-27 04:00:00,Gemini,ETH/USD,1694.48,1733.63,1666.0,1711.61,6824.77400325,11681351.431702731
2021-03-26 04:00:00,Gemini,ETH/USD,1620.62,1720.0,1611.71,1694.48,14462.1204154,24505773.801486995
2021-03-25 04:00:00,Gemini,ETH/USD,1572.81,1629.99,1552.51,1620.62,17566.10711651,28467984.515158433
2021-03-24 04:00:00,Gemini,ETH/USD,1679.83,1741.0,1543.84,1572.81,28968.52481856,45561985.51987935
2021-03-23 04:00:00,Gemini,ETH/USD,1702.34,1722.0,1648.86,1679.83,19605.94676819,32934657.559608605
2021-03-22 04:00:00,Gemini,ETH/USD,1784.51,1807.31,1655.59,1702.34,22349.34765742,38046188.49113236
2021-03-21 04:00:00,Gemini,ETH/USD,1788.6,1812.34,1748.0,1784.51,7431.72139417,13261981.145110307
2021-03-20 04:00:00,Gemini,ETH/USD,1834.16,1869.51,1776.42,1788.6,13758.84015981,24609061.509836167
2021-03-19 04:00:00,Gemini,ETH/USD,1781.08,1840.98,1781.08,1834.16,3576.30005384,6559506.506751175
2021-03-18 04:00:00,Gemini,ETH/USD,1834.24,1844.79,1734.0,1781.08,20993.80862533,37391652.66640275
2021-03-17 04:00:00,Gemini,ETH/USD,1768.88,1849.99,1743.73,1834.24,16778.50562639,30775806.160149593
2021-03-16 04:00:00,Gemini,ETH/USD,1749.65,1819.02,1736.03,1768.88,14832.47943156,26236876.216897853
2021-03-15 04:00:00,Gemini,ETH/USD,1883.32,1890.76,1711.33,1749.65,36352.6016749,63604329.52048878
2021-03-14 04:00:00,Gemini,ETH/USD,1910.54,1910.98,1837.43,1883.32,36424.1960309,68598416.86891459
2021-03-13 04:00:00,Gemini,ETH/USD,1759.54,1944.17,1748.75,1910.54,45500.10321291,86929767.19239306
2021-03-12 04:00:00,Gemini,ETH/USD,1818.64,1822.15,1720.22,1759.54,25754.23926811,45315614.161810264
2021-03-11 04:00:00,Gemini,ETH/USD,1803.2,1847.59,1780.0,1818.64,7961.19212812,14478542.451884158
2021-03-10 04:00:00,Gemini,ETH/USD,1778.06,1872.93,1762.03,1803.2,24657.14614869,44461765.93531781
2021-03-09 04:00:00,Gemini,ETH/USD,1850.69,1879.01,1756.58,1778.06,19942.79588429,35459487.650020674
2021-03-08 04:00:00,Gemini,ETH/USD,1725.08,1863.26,1667.18,1850.69,24615.72953178,45556084.48716994
2021-03-07 04:00:00,Gemini,ETH/USD,1650.74,1753.63,1632.1,1725.08,14951.53351351,25792591.43348583
2021-03-06 04:00:00,Gemini,ETH/USD,1531.74,1687.68,1513.49,1650.74,22883.2139381,37774236.5761792
2021-03-05 04:00:00,Gemini,ETH/USD,1482.82,1548.85,1441.56,1531.74,23728.37598606,36345702.63288754
2021-03-04 04:00:00,Gemini,ETH/USD,1555.9,1600.0,1445.28,1482.82,17219.32291273,25533156.401454296
2021-03-03 04:00:00,Gemini,ETH/USD,1521.26,1659.19,1521.26,1555.9,29583.83349728,46029486.53841796
2021-03-02 04:00:00,Gemini,ETH/USD,1558.78,1594.0,1456.7,1521.26,24419.21943586,37147981.75899638
2021-03-01 04:00:00,Gemini,ETH/USD,1435.21,1605.63,1421.28,1558.78,39501.23356155,61573732.85107291
2021-02-28 04:00:00,Gemini,ETH/USD,1371.19,1460.0,1293.53,1435.21,49731.29153052,71374846.91751762
2021-02-27 04:00:00,Gemini,ETH/USD,1491.32,1527.92,1368.08,1371.19,36544.09216077,50108893.72992622
2021-02-26 04:00:00,Gemini,ETH/USD,1491.66,1563.74,1400.01,1491.32,72774.02325177,108529356.35582964
2021-02-25 04:00:00,Gemini,ETH/USD,1606.72,1611.26,1448.0,1491.66,30095.15909854,44891745.02092818
2021-02-24 04:00:00,Gemini,ETH/USD,1640.95,1713.99,1555.44,1606.72,53635.97889594,86178000.01168472
2021-02-23 04:00:00,Gemini,ETH/USD,1678.88,1696.18,1350.08,1640.95,114234.17752787,187452573.61435828
2021-02-22 04:00:00,Gemini,ETH/USD,1871.71,1891.68,1512.29,1678.88,60195.04659926,101060259.83456564
2021-02-21 04:00:00,Gemini,ETH/USD,1935.3,1977.41,1860.78,1871.71,42551.47773959,79644026.399968
2021-02-20 04:00:00,Gemini,ETH/USD,2016.34,2040.0,1805.0,1935.3,33762.25050135,65340083.39526265
2021-02-19 04:00:00,Gemini,ETH/USD,1910.18,2019.68,1899.0,2016.34,40784.94939548,82236324.86408214
2021-02-18 04:00:00,Gemini,ETH/USD,1893.59,1950.0,1890.72,1910.18,17501.15770451,33430361.42400091
2021-02-17 04:00:00,Gemini,ETH/USD,1754.57,1919.0,1734.0,1893.59,38894.01635669,73649320.43286462
2021-02-16 04:00:00,Gemini,ETH/USD,1820.46,1826.73,1725.0,1754.57,28696.62951114,50350245.24136091
2021-02-15 04:00:00,Gemini,ETH/USD,1730.44,1837.28,1690.8,1820.46,26955.3976113,49071223.135467194
2021-02-14 04:00:00,Gemini,ETH/USD,1811.68,1853.0,1658.0,1730.44,34010.91253496,58853843.48699618
2021-02-13 04:00:00,Gemini,ETH/USD,1869.36,1869.92,1764.19,1811.68,18352.51884758,33248891.345783733
2021-02-12 04:00:00,Gemini,ETH/USD,1766.87,1876.47,1740.96,1869.36,30735.8324658,57456335.77826788
2021-02-11 04:00:00,Gemini,ETH/USD,1745.01,1812.62,1745.01,1766.87,11548.33168291,20404400.80058319
2021-02-10 04:00:00,Gemini,ETH/USD,1813.21,1840.0,1680.0,1745.01,35725.58754434,62341507.52074874
2021-02-09 04:00:00,Gemini,ETH/USD,1737.94,1828.53,1717.52,1813.21,28809.13815297,52237017.390346736
2021-02-08 04:00:00,Gemini,ETH/USD,1582.45,1780.0,1580.09,1737.94,43338.79029921,75320217.21260902
2021-02-07 04:00:00,Gemini,ETH/USD,1629.06,1658.12,1492.97,1582.45,28712.54187638,45436161.89227753
2021-02-06 04:00:00,Gemini,ETH/USD,1682.89,1721.89,1611.64,1629.06,22867.27696357,37252166.21027334
2021-02-05 04:00:00,Gemini,ETH/USD,1641.97,1765.0,1625.1,1682.89,41709.9361084,70193234.37746528
2021-02-04 04:00:00,Gemini,ETH/USD,1648.62,1676.58,1590.0,1641.97,17201.0213218,28243560.979755946
2021-02-03 04:00:00,Gemini,ETH/USD,1541.68,1699.0,1514.5,1648.62,46607.14249779,76837467.26470655
2021-02-02 04:00:00,Gemini,ETH/USD,1370.0,1549.98,1369.59,1541.68,47845.40472484,73762303.55619134
2021-02-01 04:00:00,Gemini,ETH/USD,1318.18,1410.94,1300.07,1370.0,19193.34257186,26294879.3234482
2021-01-31 04:00:00,Gemini,ETH/USD,1359.22,1373.48,1271.69,1318.18,19258.39240517,25386027.700646993
2021-01-30 04:00:00,Gemini,ETH/USD,1342.34,1392.0,1328.21,1359.22,12210.91921191,16597325.611212311
2021-01-29 04:00:00,Gemini,ETH/USD,1323.98,1442.13,1287.01,1342.34,48409.20364043,64981610.4146948
2021-01-28 04:00:00,Gemini,ETH/USD,1291.66,1379.33,1291.66,1323.98,16519.82861311,21871922.687185377
2021-01-27 04:00:00,Gemini,ETH/USD,1311.11,1320.88,1200.65,1291.66,52335.9007193,67600189.52309105
2021-01-26 04:00:00,Gemini,ETH/USD,1314.85,1376.34,1245.71,1311.11,32606.82942811,42751140.1314893
2021-01-25 04:00:00,Gemini,ETH/USD,1428.59,1447.79,1293.54,1314.85,48189.41090809,63361846.932502136
2021-01-24 04:00:00,Gemini,ETH/USD,1295.1,1478.0,1288.28,1428.59,56023.02336786,80033930.95309111
2021-01-23 04:00:00,Gemini,ETH/USD,1234.14,1295.86,1198.29,1295.1,27228.6209274,35263786.963075735
2021-01-22 04:00:00,Gemini,ETH/USD,1160.47,1275.57,1120.12,1234.14,44402.87779736,54799367.60483388
2021-01-21 04:00:00,Gemini,ETH/USD,1327.31,1327.31,1034.14,1160.47,22085.17410169,25629181.989788197
2021-01-20 04:00:00,Gemini,ETH/USD,1342.27,1389.79,1234.01,1327.31,61709.96368744,81908251.90197599
2021-01-19 04:00:00,Gemini,ETH/USD,1322.18,1440.54,1303.8,1342.27,77853.89710711,104500950.46996053
2021-01-18 04:00:00,Gemini,ETH/USD,1193.62,1347.79,1188.41,1322.18,43472.57774446,57478572.84217013
2021-01-17 04:00:00,Gemini,ETH/USD,1241.89,1268.96,1165.07,1193.62,34076.84722498,40674806.38468063
2021-01-16 04:00:00,Gemini,ETH/USD,1179.36,1293.99,1152.93,1241.89,39000.64919573,48434516.229685135
2021-01-15 04:00:00,Gemini,ETH/USD,1219.0,1246.56,1070.7,1179.36,64687.68577712,76290069.09810424
2021-01-14 04:00:00,Gemini,ETH/USD,1097.76,1255.94,1097.76,1219.0,5777.51018443,7042784.91482017
2021-01-13 04:00:00,Gemini,ETH/USD,1045.77,1149.54,1010.62,1097.76,36760.52878756,40354238.081831865
2021-01-12 04:00:00,Gemini,ETH/USD,1088.38,1150.0,985.18,1045.77,65573.09686303,68574377.50645089
2021-01-11 04:00:00,Gemini,ETH/USD,1101.2,1148.37,903.94,1088.38,176231.3080848,191806631.09333465
2021-01-10 04:00:00,Gemini,ETH/USD,1315.43,1352.0,1000.0,1101.2,92883.48304556,102283291.52977067
2021-01-09 04:00:00,Gemini,ETH/USD,1227.74,1345.0,1175.95,1315.43,56310.0153771,74071883.52749865
2021-01-08 04:00:00,Gemini,ETH/USD,1152.91,1275.94,1127.0,1227.74,90532.4333607,111150289.73426582
2021-01-07 04:00:00,Gemini,ETH/USD,1218.41,1218.41,1065.73,1152.91,21438.40133408,24716547.282074176
2021-01-06 04:00:00,Gemini,ETH/USD,1080.09,1228.86,1075.63,1218.41,89943.34403554,109587869.80634229
2021-01-05 04:00:00,Gemini,ETH/USD,1001.72,1128.05,975.0,1080.09,73249.58829307,79116147.81946197
2021-01-04 04:00:00,Gemini,ETH/USD,1023.12,1171.05,880.0,1001.72,153231.68820809,153495246.7118079
2021-01-03 04:00:00,Gemini,ETH/USD,773.66,1028.0,770.0,1023.12,111543.01654466,114121891.08717254
2021-01-02 04:00:00,Gemini,ETH/USD,732.14,788.93,725.0,773.66,45045.50184404,34849902.95665999
