Datetime,Exchange,Symbol_Pair,Open,High,Low,Close,Volume_in_BTC,Volume_USDT,Tradecount
2022-12-27,Binance,BTCUSDT,16919.39,16972.83,16592.37,16706.36,173749.58616,2918379509.5314097,5047628.0
2022-12-26,Binance,BTCUSDT,16832.11,16944.52,16791.0,16919.39,124564.00656,2099037538.631794,3915571.0
2022-12-25,Binance,BTCUSDT,16835.73,16857.96,16721.0,16832.11,125441.07202,2108857873.1916704,3570157.0
2022-12-24,Binance,BTCUSDT,16778.52,16869.99,16776.62,16836.12,100224.29096,1686757294.9926343,3076985.0
2022-12-23,Binance,BTCUSDT,16821.9,16955.14,16731.13,16778.5,161612.00947,2720021933.978926,4561020.0
2022-12-22,Binance,BTCUSDT,16824.68,16868.52,16559.85,16821.43,176044.27235,2949612072.049303,4678640.0
2022-12-21,Binance,BTCUSDT,16896.15,16925.0,16723.0,16824.67,156810.96362,2638528723.736041,4375570.0
2022-12-20,Binance,BTCUSDT,16438.88,17061.27,16397.2,16895.56,248808.92324,4176995653.5457115,5945803.0
2022-12-19,Binance,BTCUSDT,16739.0,16815.99,16256.3,16438.88,179094.28305,2981094033.0138125,4681887.0
2022-12-18,Binance,BTCUSDT,16777.54,16863.26,16663.07,16738.21,112619.31646,1884666030.0992382,3369193.0
2022-12-17,Binance,BTCUSDT,16631.5,16796.82,16579.85,16776.52,144825.66684,2417851422.2131248,3905843.0
2022-12-16,Binance,BTCUSDT,17356.96,17531.73,16527.32,16632.12,253379.04116,4308933187.65654,5703001.0
2022-12-15,Binance,BTCUSDT,17804.01,17854.82,17275.51,17356.34,223701.96882,3923378677.833748,4789226.0
2022-12-14,Binance,BTCUSDT,17775.82,18387.95,17660.94,17803.15,266681.22209,4779915721.484458,5743730.0
2022-12-13,Binance,BTCUSDT,17208.93,18000.0,17080.14,17774.7,284462.9139,4983896040.378995,6242080.0
2022-12-12,Binance,BTCUSDT,17085.05,17241.89,16871.85,17209.83,226227.49694,3844787581.481925,4463916.0
2022-12-11,Binance,BTCUSDT,17127.49,17270.99,17071.0,17085.05,155286.47871,2663686104.0825615,3260722.0
2022-12-10,Binance,BTCUSDT,17128.56,17227.72,17092.0,17127.49,140573.97937,2411933258.8486,3032257.0
2022-12-09,Binance,BTCUSDT,17224.1,17360.0,17058.21,17128.56,238422.06465,4097973425.6973534,4282003.0
2022-12-08,Binance,BTCUSDT,16836.64,17299.0,16733.49,17224.1,236417.97804,4009427525.030412,4520282.0
2022-12-07,Binance,BTCUSDT,17088.96,17142.21,16678.83,16836.64,220657.41334,3723206794.305466,4284989.0
2022-12-06,Binance,BTCUSDT,16966.35,17107.01,16906.37,17088.96,218730.76883,3717926010.340586,4416864.0
2022-12-05,Binance,BTCUSDT,17106.65,17424.25,16867.0,16966.35,233703.29225,4015334796.603721,5138207.0
2022-12-04,Binance,BTCUSDT,16885.2,17202.84,16878.25,17105.7,178619.13387,3040020095.0511775,3948990.0
2022-12-03,Binance,BTCUSDT,17092.13,17188.98,16858.74,16885.2,154542.57306,2622504252.8664527,3308694.0
2022-12-02,Binance,BTCUSDT,16978.0,17105.73,16787.85,17092.74,202372.2062,3432385161.660257,4305515.0
2022-12-01,Binance,BTCUSDT,17165.53,17324.0,16855.01,16977.37,232818.18218,3972607179.868572,5097720.0
2022-11-30,Binance,BTCUSDT,16442.91,17249.0,16428.3,17163.64,303019.80719,5123595199.505286,6519330.0
2022-11-29,Binance,BTCUSDT,16212.18,16548.71,16100.0,16442.53,248106.25009,4072651066.999406,5206638.0
2022-11-28,Binance,BTCUSDT,16428.77,16487.04,15995.27,16212.91,252695.40367,4096398587.357313,5570407.0
2022-11-27,Binance,BTCUSDT,16457.61,16600.0,16401.0,16428.78,162025.47607,2679048565.5213013,3362221.0
2022-11-26,Binance,BTCUSDT,16521.35,16701.99,16385.0,16458.57,181804.81666,3011990387.647429,3817130.0
2022-11-25,Binance,BTCUSDT,16599.55,16666.0,16342.81,16522.14,182089.49533,3003553172.229472,4396465.0
2022-11-24,Binance,BTCUSDT,16603.11,16812.63,16458.05,16598.95,206565.92346,3431724405.654768,5031851.0
2022-11-23,Binance,BTCUSDT,16227.96,16706.0,16160.2,16603.11,264927.70408,4368042618.500261,6260616.0
2022-11-22,Binance,BTCUSDT,15781.29,16315.0,15616.63,16226.94,239548.06623,3823612603.8030014,6276097.0
2022-11-21,Binance,BTCUSDT,16279.5,16319.0,15476.0,15781.29,324096.997753,5188798317.004153,7440871.0
2022-11-20,Binance,BTCUSDT,16700.68,16753.33,16180.0,16280.23,154842.13478,2561165772.4957075,4557344.0
2022-11-19,Binance,BTCUSDT,16699.43,16822.41,16553.53,16700.68,104963.15558,1747627888.1295476,3142123.0
2022-11-18,Binance,BTCUSDT,16692.56,17011.0,16546.04,16700.45,214224.18184,3588467560.373121,5114799.0
2022-11-17,Binance,BTCUSDT,16661.61,16751.0,16410.74,16692.56,228038.97873,3785204632.0142207,5352083.0
2022-11-16,Binance,BTCUSDT,16900.57,17015.92,16378.61,16662.76,261493.40809,4362538338.565324,6297404.0
2022-11-15,Binance,BTCUSDT,16617.72,17134.69,16527.72,16900.57,282461.84391,4758545355.786832,7200265.0
2022-11-14,Binance,BTCUSDT,16331.78,17190.0,15815.21,16619.46,380210.7775,6273920325.336827,9215128.0
2022-11-13,Binance,BTCUSDT,16813.16,16954.28,16229.0,16329.85,184960.78846,3074280132.053524,5382834.0
2022-11-12,Binance,BTCUSDT,17069.98,17119.1,16631.39,16812.08,167819.96035,2827930561.0063796,5046837.0
2022-11-11,Binance,BTCUSDT,17602.45,17695.0,16361.6,17070.31,393552.86492,6725273822.837806,9900073.0
2022-11-10,Binance,BTCUSDT,15922.68,18199.0,15754.26,17601.15,608448.36432,10323294543.880356,12719887.0
2022-11-09,Binance,BTCUSDT,18545.38,18587.76,15588.0,15922.81,731926.929729,12737719697.394007,13605474.0
2022-11-08,Binance,BTCUSDT,20590.67,20700.88,17166.83,18547.23,760705.362783,14758384309.854223,14530601.0
2022-11-07,Binance,BTCUSDT,20905.58,21069.77,20384.89,20591.13,386977.60337,8035052131.593452,8344242.0
2022-11-06,Binance,BTCUSDT,21299.37,21365.27,20886.13,20905.58,230036.97217,4877535058.4127035,5268210.0
2022-11-05,Binance,BTCUSDT,21148.52,21480.65,21080.65,21299.37,245621.98525,5240395528.908201,5570832.0
2022-11-04,Binance,BTCUSDT,20207.12,21302.05,20180.96,21148.52,453694.39165,9409862204.986904,9249613.0
2022-11-03,Binance,BTCUSDT,20151.84,20393.32,20031.24,20207.82,319185.1544,6461673165.239643,6948227.0
2022-11-02,Binance,BTCUSDT,20482.81,20800.0,20048.04,20151.84,373716.27299,7633404092.430692,7431698.0
2022-11-01,Binance,BTCUSDT,20490.74,20700.0,20330.74,20483.62,279932.43771,5740102554.920829,5971938.0
2022-10-31,Binance,BTCUSDT,20627.48,20845.92,20237.95,20490.74,303567.61628,6226304300.443864,6571526.0
2022-10-30,Binance,BTCUSDT,20809.68,20931.21,20515.0,20627.48,192795.60886,3994389493.325891,4920007.0
2022-10-29,Binance,BTCUSDT,20591.84,21085.0,20554.01,20809.67,254881.77755,5303038321.457483,6255599.0
2022-10-28,Binance,BTCUSDT,20295.11,20750.0,20000.09,20591.84,287039.94569,5849603405.682575,6638096.0
2022-10-27,Binance,BTCUSDT,20771.61,20872.21,20200.0,20295.11,328643.57791,6771209922.011917,7748080.0
2022-10-26,Binance,BTCUSDT,20079.02,21020.0,20050.41,20771.59,380492.69576,7833551674.485678,8512349.0
2022-10-25,Binance,BTCUSDT,19330.6,20415.87,19237.0,20080.07,326370.67061,6454151276.520069,7214687.0
2022-10-24,Binance,BTCUSDT,19570.4,19601.15,19157.0,19329.72,256168.14467,4957159176.816838,5676899.0
2022-10-23,Binance,BTCUSDT,19204.29,19695.0,19070.11,19570.4,167057.20184,3233393909.200977,3939703.0
2022-10-22,Binance,BTCUSDT,19164.37,19257.0,19112.72,19204.35,110403.90837,2117395641.1269212,2887106.0
2022-10-21,Binance,BTCUSDT,19041.92,19250.0,18650.0,19164.37,269310.75769,5126619487.86902,5679281.0
2022-10-20,Binance,BTCUSDT,19123.35,19347.82,18900.0,19041.92,223530.13068,4276025723.994783,5391090.0
2022-10-19,Binance,BTCUSDT,19327.44,19360.16,19065.97,19123.97,186137.29538,3575041318.4497843,4545820.0
2022-10-18,Binance,BTCUSDT,19548.48,19706.66,19091.0,19327.44,260313.07848,5065944973.464348,5588482.0
2022-10-17,Binance,BTCUSDT,19262.98,19676.96,19152.03,19549.86,222813.87634,4331666395.604673,5162979.0
2022-10-16,Binance,BTCUSDT,19068.4,19425.84,19063.74,19262.98,131894.61885,2531545363.3077006,3438605.0
2022-10-15,Binance,BTCUSDT,19176.93,19227.68,18975.18,19069.39,113847.64232,2178316065.622199,3052219.0
2022-10-14,Binance,BTCUSDT,19375.58,19951.87,19070.37,19176.93,351634.32601,6877621835.225796,6688310.0
2022-10-13,Binance,BTCUSDT,19155.1,19513.79,18190.0,19375.13,399756.68337,7554309475.307986,7470896.0
2022-10-12,Binance,BTCUSDT,19060.0,19238.31,18965.88,19155.53,213826.26731,4086903621.9265537,4556597.0
2022-10-11,Binance,BTCUSDT,19131.87,19268.09,18860.0,19060.0,243473.84286,4642843395.600282,4792106.0
2022-10-10,Binance,BTCUSDT,19439.96,19525.0,19020.25,19131.87,212509.09849,4101745483.1295238,4432688.0
2022-10-09,Binance,BTCUSDT,19416.52,19558.0,19316.04,19439.02,113900.82681,2215007204.237991,2833704.0
2022-10-08,Binance,BTCUSDT,19530.09,19627.38,19237.14,19417.96,102480.09842,1995917001.7395988,2637385.0
2022-10-07,Binance,BTCUSDT,19960.67,20068.82,19320.0,19530.09,220874.83913,4353681483.987034,4324772.0
2022-10-06,Binance,BTCUSDT,20158.26,20456.6,19853.0,19960.67,320122.1702,6452892402.32427,5085004.0
2022-10-05,Binance,BTCUSDT,20337.82,20365.6,19730.0,20158.26,312239.75224,6275437160.958073,4540004.0
2022-10-04,Binance,BTCUSDT,19629.08,20475.0,19490.6,20337.82,327012.00127,6533428229.851051,4871932.0
2022-10-03,Binance,BTCUSDT,19057.74,19719.1,18959.68,19629.08,293585.75212,5672105805.772144,4471910.0
2022-10-02,Binance,BTCUSDT,19312.24,19395.91,18920.35,19056.8,206812.47032,3970724799.9558167,3320217.0
2022-10-01,Binance,BTCUSDT,19422.61,19484.0,19159.42,19310.95,165625.13959,3200350294.52687,2470590.0
2022-09-30,Binance,BTCUSDT,19590.54,20185.0,19155.36,19422.61,444322.9534,8694127253.576593,6254203.0
2022-09-29,Binance,BTCUSDT,19412.82,19645.52,18843.01,19591.51,406424.93256,7868786414.856212,5631615.0
2022-09-28,Binance,BTCUSDT,19078.1,19790.0,18471.28,19412.82,521385.45547,9964460007.304356,7357437.0
2022-09-27,Binance,BTCUSDT,19226.68,20385.86,18816.32,19079.13,593260.74161,11705770260.67216,8152473.0
2022-09-26,Binance,BTCUSDT,18809.13,19318.96,18680.72,19227.82,439239.21943,8356951609.998723,5837041.0
2022-09-25,Binance,BTCUSDT,18921.99,19180.21,18629.2,18807.38,191191.4492,3625136713.924704,3714450.0
2022-09-24,Binance,BTCUSDT,19288.57,19316.14,18805.34,18920.5,239496.56746,4568927983.6507845,3907636.0
2022-09-23,Binance,BTCUSDT,19401.63,19500.0,18531.42,19289.91,385886.91829,7330336009.190999,5906265.0
2022-09-22,Binance,BTCUSDT,18461.36,19550.17,18356.39,19401.63,379321.72111,7203741481.483637,6251862.0
2022-09-21,Binance,BTCUSDT,18874.31,19956.0,18125.98,18461.36,385034.10021,7338667639.751955,6907777.0
2022-09-20,Binance,BTCUSDT,19537.02,19634.62,18711.87,18875.0,324098.3286,6206043205.412278,5900070.0
2022-09-19,Binance,BTCUSDT,19417.45,19686.2,18232.56,19537.02,380512.40306,7215196795.656052,6820580.0
2022-09-18,Binance,BTCUSDT,20112.61,20117.26,19335.62,19416.18,254217.46904,5033968947.530573,4634096.0
2022-09-17,Binance,BTCUSDT,19803.3,20189.0,19748.08,20113.62,179350.24338,3578667842.6952825,3862666.0
2022-09-16,Binance,BTCUSDT,19701.88,19890.0,19320.01,19803.3,283791.07064,5584012914.113888,5120935.0
2022-09-15,Binance,BTCUSDT,20227.17,20330.24,19497.0,19701.88,333069.76076,6655264974.21376,6690974.0
2022-09-14,Binance,BTCUSDT,20173.62,20541.48,19617.62,20226.71,340826.40151,6886235196.646197,6313052.0
2022-09-13,Binance,BTCUSDT,22395.44,22799.0,19860.0,20173.57,431915.03333,9302239274.39612,8126869.0
2022-09-12,Binance,BTCUSDT,21826.87,22488.0,21538.51,22395.74,395395.61828,8743762682.841719,6979539.0
2022-09-11,Binance,BTCUSDT,21647.21,21860.0,21350.0,21826.87,280702.55149,6064643642.716231,4801844.0
2022-09-10,Binance,BTCUSDT,21361.62,21810.8,21111.13,21648.34,307997.33504,6589753118.84113,5615783.0
2022-09-09,Binance,BTCUSDT,19320.54,21597.22,19291.75,21360.11,428919.74652,8929831332.708796,7777214.0
2022-09-08,Binance,BTCUSDT,19292.85,19458.25,19012.0,19319.77,262813.28273,5057217166.675081,6013826.0
2022-09-07,Binance,BTCUSDT,18790.61,19464.06,18510.77,19292.84,287394.7788,5436827909.201311,5597127.0
2022-09-06,Binance,BTCUSDT,19795.34,20180.0,18649.51,18790.61,356315.05718,6976809188.41019,7124384.0
2022-09-05,Binance,BTCUSDT,20000.3,20057.27,19633.83,19796.84,222543.01057,4404971191.907026,4657233.0
2022-09-04,Binance,BTCUSDT,19832.45,20029.23,19583.1,20000.3,145588.77893,2883227667.1961927,3838915.0
2022-09-03,Binance,BTCUSDT,19950.98,20055.93,19652.72,19831.9,146639.03204,2908816275.010286,3739909.0
2022-09-02,Binance,BTCUSDT,20132.64,20441.26,19755.29,19951.86,245986.6033,4946889819.514836,5740705.0
2022-09-01,Binance,BTCUSDT,20048.44,20208.37,19565.66,20131.46,245289.97263,4893158531.781241,5937975.0
2022-08-31,Binance,BTCUSDT,19813.03,20490.0,19797.94,20050.02,276946.60765,5595829094.391042,6389133.0
2022-08-30,Binance,BTCUSDT,20287.2,20576.25,19540.0,19811.66,256634.35529,5157974826.609323,6593178.0
2022-08-29,Binance,BTCUSDT,19555.61,20433.62,19550.79,20285.73,210509.49545,4211334408.9865932,5840323.0
2022-08-28,Binance,BTCUSDT,20037.6,20171.18,19520.0,19555.61,139307.95976,2781133881.0518456,4678693.0
2022-08-27,Binance,BTCUSDT,20239.14,20402.93,19800.0,20037.6,162582.46032,3269764074.3564396,5263328.0
2022-08-26,Binance,BTCUSDT,21559.04,21886.77,20107.9,20241.05,273811.61955,5785149465.09769,7587244.0
2022-08-25,Binance,BTCUSDT,21368.05,21819.88,21310.15,21559.04,169915.78301,3672148286.6013737,5618785.0
2022-08-24,Binance,BTCUSDT,21529.11,21900.0,21145.0,21368.08,174383.22046,3744196823.5648546,5561412.0
2022-08-23,Binance,BTCUSDT,21400.75,21684.87,20890.14,21529.12,200967.77164,4299812533.944709,6333442.0
2022-08-22,Binance,BTCUSDT,21516.7,21548.71,20890.18,21399.83,222222.04526,4721412016.903412,6443370.0
2022-08-21,Binance,BTCUSDT,21140.07,21800.0,21069.11,21515.61,159200.6841,3405034922.807078,5034461.0
2022-08-20,Binance,BTCUSDT,20834.39,21382.85,20761.9,21140.07,183041.68363,3871242921.2246795,5723362.0
2022-08-19,Binance,BTCUSDT,23191.45,23208.67,20783.57,20834.39,283995.87747,6181759252.730265,8860928.0
2022-08-18,Binance,BTCUSDT,23342.66,23600.0,23111.04,23191.2,144185.97011,3375338942.2617884,6029662.0
2022-08-17,Binance,BTCUSDT,23856.15,24446.71,23180.4,23342.66,210668.68766,4993659434.236888,6901586.0
2022-08-16,Binance,BTCUSDT,24093.04,24247.49,23671.22,23854.74,179324.94821,4294907691.650949,5978567.0
2022-08-15,Binance,BTCUSDT,24305.25,25211.32,23773.22,24094.82,242539.54758,5894066098.523285,7488466.0
2022-08-14,Binance,BTCUSDT,24443.06,25047.56,24144.0,24305.24,151206.14473,3708565144.898009,5473905.0
2022-08-13,Binance,BTCUSDT,24401.7,24888.0,24291.22,24441.38,152852.25435,3751417148.2521076,5617859.0
2022-08-12,Binance,BTCUSDT,23933.09,24456.5,23583.0,24403.68,174207.5704,4175834601.8605466,6134163.0
2022-08-11,Binance,BTCUSDT,23954.05,24918.54,23852.13,23934.39,249759.79557,6097813762.895935,8269994.0
2022-08-10,Binance,BTCUSDT,23151.32,24226.0,22664.69,23954.05,208916.54953,4918825599.489632,6818207.0
2022-08-09,Binance,BTCUSDT,23810.98,23933.25,22865.0,23149.95,143182.50858,3347110918.907211,5105613.0
2022-08-08,Binance,BTCUSDT,23174.39,24245.0,23154.25,23810.0,170958.44152,4078052110.5431285,5892045.0
2022-08-07,Binance,BTCUSDT,22954.21,23402.0,22844.62,23174.39,88890.00877,2051763044.5523686,3646643.0
2022-08-06,Binance,BTCUSDT,23313.56,23354.36,22909.52,22954.21,83911.80307,1944693656.706568,3360228.0
2022-08-05,Binance,BTCUSDT,22622.41,23472.86,22586.95,23312.42,175251.69749,4046435951.354509,5340569.0
2022-08-04,Binance,BTCUSDT,22816.91,23223.32,22400.0,22622.98,154854.67016,3537434334.434649,4966138.0
2022-08-03,Binance,BTCUSDT,22985.93,23647.68,22681.22,22818.37,145948.80995,3385430753.8050184,4887642.0
2022-08-02,Binance,BTCUSDT,23266.9,23459.89,22654.37,22987.79,158073.28225,3631020649.2263803,5066511.0
2022-08-01,Binance,BTCUSDT,23296.36,23509.68,22850.0,23268.01,144210.16219,3346371889.6521215,4775213.0
2022-07-31,Binance,BTCUSDT,23644.64,24194.82,23227.31,23293.32,127743.32483,3028386330.644831,4463721.0
2022-07-30,Binance,BTCUSDT,23777.28,24668.0,23502.25,23643.51,151060.13211,3634601094.9654202,4801528.0
2022-07-29,Binance,BTCUSDT,23845.25,24442.66,23414.03,23773.75,198298.50623,4733780641.305037,6221401.0
2022-07-28,Binance,BTCUSDT,22954.31,24199.72,22582.13,23842.93,236029.0741,5511388547.615389,6500034.0
2022-07-27,Binance,BTCUSDT,21254.67,23112.63,21042.53,22952.45,210971.19796,4614909656.6957855,5475738.0
2022-07-26,Binance,BTCUSDT,21310.9,21347.82,20706.5,21254.67,177817.24326,3738774849.3577113,4545385.0
2022-07-25,Binance,BTCUSDT,22577.13,22666.0,21250.0,21310.9,180344.76643,3954002948.5472584,4807238.0
2022-07-24,Binance,BTCUSDT,22448.58,23014.64,22257.15,22579.68,115189.67277,2610817967.163939,3671238.0
2022-07-23,Binance,BTCUSDT,22684.83,23000.77,21934.57,22451.07,122137.77375,2745262660.6777816,3762227.0
2022-07-22,Binance,BTCUSDT,23152.19,23756.49,22500.0,22684.83,171598.43966,3981394766.2280574,4745582.0
2022-07-21,Binance,BTCUSDT,23223.3,23442.77,22341.46,23152.19,184817.68191,4232411759.395025,4808194.0
2022-07-20,Binance,BTCUSDT,23398.48,24276.74,22906.19,23223.3,238762.17094,5631801151.220376,6364038.0
2022-07-19,Binance,BTCUSDT,22432.58,23800.0,21579.54,23396.62,263770.76574,5954419902.221928,6488375.0
2022-07-18,Binance,BTCUSDT,20799.58,22777.63,20762.45,22432.58,239942.73132,5263396811.539256,6564387.0
2022-07-17,Binance,BTCUSDT,21195.6,21684.54,20750.01,20798.16,118229.4525,2511251392.576525,4261057.0
2022-07-16,Binance,BTCUSDT,20830.04,21588.94,20478.61,21195.6,121011.67393,2539616922.7986083,3723401.0
2022-07-15,Binance,BTCUSDT,20588.84,21200.0,20382.29,20830.04,143343.3049,2984339734.3532705,4411375.0
2022-07-14,Binance,BTCUSDT,20234.87,20900.0,19616.07,20588.84,174809.21696,3526210098.2850437,4576355.0
2022-07-13,Binance,BTCUSDT,19331.28,20366.61,18910.94,20234.87,209250.24888,4096306063.801935,4789109.0
2022-07-12,Binance,BTCUSDT,19963.61,20059.42,19240.0,19328.75,139506.45862,2754215439.3324776,3626399.0
2022-07-11,Binance,BTCUSDT,20861.11,20868.48,19875.23,19963.61,137535.40724,2813718031.1093426,3232941.0
2022-07-10,Binance,BTCUSDT,21592.15,21607.65,20655.0,20862.47,192188.21556,4062794310.272033,3434401.0
2022-07-09,Binance,BTCUSDT,21594.75,21980.0,21322.12,21591.83,178417.84468,3857190523.494272,3524386.0
2022-07-08,Binance,BTCUSDT,21624.99,22527.37,21189.26,21594.75,403081.57349,8781330156.61243,4358216.0
2022-07-07,Binance,BTCUSDT,20564.51,21838.1,20251.68,21624.98,85014.58261,1783224085.72368,1653722.0
2022-07-06,Binance,BTCUSDT,20175.84,20675.22,19761.25,20564.51,82439.5808,1665481948.0096316,1472221.0
2022-07-05,Binance,BTCUSDT,20236.71,20750.0,19304.4,20175.83,96041.13756,1919950110.1674304,1612273.0
2022-07-04,Binance,BTCUSDT,19315.83,20354.01,19055.31,20236.71,74814.04601,1470987695.5215821,1282843.0
2022-07-03,Binance,BTCUSDT,19252.82,19647.63,18781.0,19315.83,51087.46631,980255891.3952552,880786.0
2022-07-02,Binance,BTCUSDT,19279.8,19467.39,18977.01,19252.81,46180.3021,888415536.8730664,833508.0
2022-07-01,Binance,BTCUSDT,19942.21,20918.35,18975.0,19279.8,111844.59494,2197016369.969529,1668363.0
2022-06-30,Binance,BTCUSDT,20123.0,20179.08,18626.0,19942.21,93846.64806,1808994369.0314438,1438163.0
2022-06-29,Binance,BTCUSDT,20281.28,20432.31,19854.92,20123.01,77309.04379,1556549790.0089242,1210636.0
2022-06-28,Binance,BTCUSDT,20742.57,21212.1,20202.01,20281.29,63801.0832,1321862977.9315486,1064497.0
2022-06-27,Binance,BTCUSDT,21038.08,21539.85,20510.0,20742.56,64475.0013,1354369225.8404648,1002214.0
2022-06-26,Binance,BTCUSDT,21491.18,21888.0,20964.73,21038.07,53278.10464,1139258367.162915,885306.0
2022-06-25,Binance,BTCUSDT,21237.68,21614.5,20906.62,21491.19,51431.67794,1093873137.974752,874540.0
2022-06-24,Binance,BTCUSDT,21110.12,21558.41,20736.72,21237.69,77430.36622,1635129191.170251,1309709.0
2022-06-23,Binance,BTCUSDT,19988.0,21233.0,19890.07,21110.13,83127.08716,1710694866.4572449,1207858.0
2022-06-22,Binance,BTCUSDT,20723.51,20900.0,19770.51,19987.99,92133.97938,1872204589.2375815,1394981.0
2022-06-21,Binance,BTCUSDT,20573.9,21723.0,20348.4,20723.52,104371.0749,2198596137.3432837,1515321.0
2022-06-20,Binance,BTCUSDT,20574.0,21090.0,19637.03,20573.89,109028.94154,2220396381.7426524,1639448.0
2022-06-19,Binance,BTCUSDT,18970.79,20815.95,17960.41,20574.0,128320.87595,2487561781.535987,1950660.0
2022-06-18,Binance,BTCUSDT,20468.81,20792.06,17622.0,18970.79,196441.655524,3726639821.6961513,2467372.0
2022-06-17,Binance,BTCUSDT,20400.6,21365.43,20246.66,20468.81,86694.33663,1796575392.5507207,1352992.0
2022-06-16,Binance,BTCUSDT,22583.72,22995.73,20232.0,20401.31,99673.59429,2130037160.0626109,1690477.0
2022-06-15,Binance,BTCUSDT,22136.42,22800.0,20111.62,22583.72,200774.493467,4249276481.256697,2847831.0
2022-06-14,Binance,BTCUSDT,22485.27,23362.88,20846.0,22136.41,187201.64671,4136108699.025428,2583151.0
2022-06-13,Binance,BTCUSDT,26574.53,26895.84,21925.77,22487.41,254611.034966,6192246037.404873,3261484.0
2022-06-12,Binance,BTCUSDT,28424.71,28544.96,26560.0,26574.53,92474.598809,2551767136.3295846,1451271.0
2022-06-11,Binance,BTCUSDT,29091.87,29440.41,28099.99,28424.7,65901.39895,1892007188.0756,1084163.0
2022-06-10,Binance,BTCUSDT,30109.93,30382.8,28850.0,29091.88,76204.2498,2255866294.494887,1258608.0
2022-06-09,Binance,BTCUSDT,30204.77,30700.0,29944.1,30109.93,46291.1865,1399839073.774508,841562.0
2022-06-08,Binance,BTCUSDT,31125.32,31327.22,29843.88,30204.77,68542.61276,2087270428.3470395,1236327.0
2022-06-07,Binance,BTCUSDT,31373.1,31589.6,29218.96,31125.33,110674.51658,3347397952.730591,1743957.0
2022-06-06,Binance,BTCUSDT,29919.2,31765.64,29890.23,31373.1,68836.92456,2149499896.9349375,1124745.0
2022-06-05,Binance,BTCUSDT,29864.03,30189.0,29531.42,29919.21,23139.9281,691201528.1600257,604680.0
2022-06-04,Binance,BTCUSDT,29700.21,29988.88,29485.0,29864.04,25617.90113,760874329.4663155,618037.0
2022-06-03,Binance,BTCUSDT,30452.63,30699.0,29282.36,29700.21,54067.44727,1615616950.7143807,993769.0
2022-06-02,Binance,BTCUSDT,29805.84,30689.0,29594.55,30452.62,56961.42928,1711652906.191896,1086183.0
2022-06-01,Binance,BTCUSDT,31801.05,31982.97,29301.0,29805.83,103395.63382,3171191028.249736,1404611.0
2022-05-31,Binance,BTCUSDT,31734.23,32399.0,31200.01,31801.04,62433.11632,1981259117.0115461,1161340.0
2022-05-30,Binance,BTCUSDT,29468.1,32222.0,29299.62,31734.22,96785.9476,2980527582.467496,1380410.0
2022-05-29,Binance,BTCUSDT,29031.33,29587.78,28839.21,29468.1,27567.34764,804777532.6497605,635311.0
2022-05-28,Binance,BTCUSDT,28629.81,29266.0,28450.0,29031.33,34479.35127,994674257.5679232,684423.0
2022-05-27,Binance,BTCUSDT,29201.35,29397.66,28282.9,28629.8,90998.5201,2626515958.5034895,1321406.0
2022-05-26,Binance,BTCUSDT,29542.14,29886.64,28019.56,29201.35,94581.65463,2759055410.397752,1431112.0
2022-05-25,Binance,BTCUSDT,29654.58,30223.74,29294.21,29542.15,59537.38659,1771708175.0718915,985440.0
2022-05-24,Binance,BTCUSDT,29109.14,29845.86,28669.0,29654.58,59442.96036,1740257602.3067698,946421.0
2022-05-23,Binance,BTCUSDT,30293.93,30670.51,28866.35,29109.15,63901.49932,1914305818.0745187,1328317.0
2022-05-22,Binance,BTCUSDT,29445.07,30487.99,29255.11,30293.94,36158.98748,1082530816.0162497,862880.0
2022-05-21,Binance,BTCUSDT,29201.01,29656.18,28947.28,29445.06,20987.13124,616194663.9792111,643486.0
2022-05-20,Binance,BTCUSDT,30319.22,30777.33,28730.0,29201.01,60517.25325,1800589029.270878,1694004.0
2022-05-19,Binance,BTCUSDT,28715.33,30545.18,28691.38,30319.23,67877.36415,2014360135.785272,1860780.0
2022-05-18,Binance,BTCUSDT,30444.93,30709.99,28654.47,28715.32,59749.15799,1762843836.1269379,1379212.0
2022-05-17,Binance,BTCUSDT,29874.01,30788.37,29450.38,30444.93,56724.13307,1715109131.0802064,1175382.0
2022-05-16,Binance,BTCUSDT,31328.89,31328.9,29087.04,29874.01,73082.19658,2185567735.6820626,1561954.0
2022-05-15,Binance,BTCUSDT,30086.74,31460.0,29480.0,31328.89,46275.66912,1401499926.2304175,1016769.0
2022-05-14,Binance,BTCUSDT,29287.05,30343.27,28630.0,30086.74,51095.87863,1501483453.5008903,1204626.0
2022-05-13,Binance,BTCUSDT,29029.74,31083.37,28751.67,29287.05,97872.36957,2956855804.856112,2051900.0
2022-05-12,Binance,BTCUSDT,29103.94,30243.0,26700.0,29029.75,204507.263138,5795451310.945577,3951233.0
2022-05-11,Binance,BTCUSDT,31017.11,32162.59,27785.0,29103.94,207063.739278,6300295994.553138,3559270.0
2022-05-10,Binance,BTCUSDT,30074.23,32658.99,29730.4,31017.1,165532.00311,5179856929.47993,2470325.0
2022-05-09,Binance,BTCUSDT,34038.39,34243.15,30033.33,30076.31,191876.926428,6166367111.275724,2564538.0
2022-05-08,Binance,BTCUSDT,35472.4,35514.22,33713.95,34038.4,72445.64344,2498365159.9945807,1301451.0
2022-05-07,Binance,BTCUSDT,36013.77,36146.3,34785.0,35472.39,34281.70682,1222539413.6400983,746488.0
2022-05-06,Binance,BTCUSDT,36552.97,36675.63,35258.0,36013.77,68437.80187,2466507512.182029,1214518.0
2022-05-05,Binance,BTCUSDT,39690.0,39845.51,35571.9,36552.97,88722.43355,3329684235.963952,1979692.0
2022-05-04,Binance,BTCUSDT,37728.95,40023.77,37670.0,39690.0,62574.61736,2438553987.4535437,1238847.0
2022-05-03,Binance,BTCUSDT,38525.16,38651.51,37517.8,37728.95,40316.45358,1539320434.2647235,1005131.0
2022-05-02,Binance,BTCUSDT,38468.35,39167.34,38052.0,38525.16,53200.92628,2058450718.2963235,1053893.0
2022-05-01,Binance,BTCUSDT,37630.8,38675.0,37386.38,38468.35,38812.24104,1478259271.913873,1021157.0
2022-04-30,Binance,BTCUSDT,38596.11,38795.38,37578.2,37630.8,35321.18989,1354900532.1335113,1017369.0
2022-04-29,Binance,BTCUSDT,39742.06,39925.25,38175.0,38596.11,51453.65715,2006135662.8559995,1101140.0
2022-04-28,Binance,BTCUSDT,39235.72,40372.63,38881.43,39742.07,56086.6715,2223808385.806376,1135242.0
2022-04-27,Binance,BTCUSDT,38112.64,39474.72,37881.31,39235.72,57083.12272,2218523642.4263873,1232083.0
2022-04-26,Binance,BTCUSDT,40426.08,40797.31,37702.26,38112.65,66650.258,2615206861.8349133,1381618.0
2022-04-25,Binance,BTCUSDT,39450.12,40616.0,38200.0,40426.08,63037.12784,2470071005.2401423,1280351.0
2022-04-24,Binance,BTCUSDT,39441.61,39940.0,38929.62,39450.13,26703.61186,1056336243.0198607,868183.0
2022-04-23,Binance,BTCUSDT,39709.19,39980.0,39285.0,39441.6,20291.42375,804677022.9078971,724132.0
2022-04-22,Binance,BTCUSDT,40480.01,40795.06,39177.0,39709.18,46664.0196,1870172362.4022498,1043471.0
2022-04-21,Binance,BTCUSDT,41358.19,42976.0,39751.0,40480.01,59316.27657,2476061417.8872576,1515456.0
2022-04-20,Binance,BTCUSDT,41493.19,42199.0,40820.0,41358.19,40877.35041,1697039284.0853004,1063843.0
2022-04-19,Binance,BTCUSDT,40801.13,41760.0,40571.0,41493.18,35788.85843,1472363265.3621879,934526.0
2022-04-18,Binance,BTCUSDT,39678.11,41116.73,38536.51,40801.13,54243.49575,2153574975.9131336,1157741.0
2022-04-17,Binance,BTCUSDT,40378.7,40595.67,39546.17,39678.12,19988.49259,803414248.9836986,590241.0
2022-04-16,Binance,BTCUSDT,40551.9,40709.35,39991.55,40378.71,15805.44718,638275503.9141085,423446.0
2022-04-15,Binance,BTCUSDT,39942.37,40870.36,39766.4,40551.9,24026.35739,966888436.8162509,616536.0
2022-04-14,Binance,BTCUSDT,41147.78,41500.0,39551.94,39942.38,36807.01401,1494726286.0180101,803756.0
2022-04-13,Binance,BTCUSDT,40074.95,41561.31,39588.54,41147.79,41342.27254,1677171454.091079,948061.0
2022-04-12,Binance,BTCUSDT,39530.45,40699.0,39254.63,40074.94,57751.01778,2309514071.5938725,1153667.0
2022-04-11,Binance,BTCUSDT,42158.85,42414.71,39200.0,39530.45,63560.44721,2602039073.0150447,1385924.0
2022-04-10,Binance,BTCUSDT,42753.96,43410.3,41868.0,42158.85,22771.09403,971459737.5009404,678983.0
2022-04-09,Binance,BTCUSDT,42252.02,42800.0,42125.48,42753.97,17891.66047,759274586.6137776,640230.0
2022-04-08,Binance,BTCUSDT,43444.2,43970.62,42107.14,42252.01,42375.04203,1830699971.611312,1108136.0
2022-04-07,Binance,BTCUSDT,43170.47,43900.99,42727.35,43444.19,37396.54156,1623879486.6600313,999816.0
2022-04-06,Binance,BTCUSDT,45497.54,45507.14,43121.0,43170.47,60849.32936,2700644700.890392,1471912.0
2022-04-05,Binance,BTCUSDT,46580.5,47200.0,45353.81,45497.55,42192.74852,1951668192.9295099,1046080.0
2022-04-04,Binance,BTCUSDT,46407.36,46890.71,45118.0,46580.51,44641.87514,2053434523.8685389,1171998.0
2022-04-03,Binance,BTCUSDT,45810.99,47444.11,45530.92,46407.35,33394.67794,1550999693.0508049,966563.0
2022-04-02,Binance,BTCUSDT,46283.49,47213.0,45620.0,45811.0,37073.53582,1721690754.4393935,1056716.0
2022-04-01,Binance,BTCUSDT,45510.35,46720.09,44200.0,46283.49,56271.06474,2556532890.870311,1372216.0
2022-03-31,Binance,BTCUSDT,47067.99,47600.0,45200.0,45510.34,48645.12667,2262485160.568584,1290541.0
2022-03-30,Binance,BTCUSDT,47434.79,47700.22,46445.42,47067.99,40947.2085,1932152559.8831124,1081607.0
2022-03-29,Binance,BTCUSDT,47122.21,48096.47,46950.85,47434.8,36772.28457,1748600385.4502351,1095678.0
2022-03-28,Binance,BTCUSDT,46827.76,48189.84,46663.56,47122.21,58949.2614,2789898402.616576,1498975.0
2022-03-27,Binance,BTCUSDT,44511.27,46999.0,44421.46,46827.76,41874.91071,1907019662.3441498,1135096.0
2022-03-26,Binance,BTCUSDT,44313.16,44792.99,44071.97,44511.27,23041.61741,1022802857.6094099,693647.0
2022-03-25,Binance,BTCUSDT,43991.46,45094.14,43579.0,44313.16,54614.43648,2421153187.6604123,1141588.0
2022-03-24,Binance,BTCUSDT,42882.76,44220.89,42560.46,43991.46,56195.12374,2436258223.622338,1202541.0
2022-03-23,Binance,BTCUSDT,42364.13,43025.96,41751.47,42882.76,40828.87039,1725787170.5823965,916671.0
2022-03-22,Binance,BTCUSDT,41002.26,43361.0,40875.51,42364.13,59454.94294,2525975507.8012,1367343.0
2022-03-21,Binance,BTCUSDT,41262.11,41544.22,40467.94,41002.25,39426.24877,1618789548.0684211,947206.0
2022-03-20,Binance,BTCUSDT,42201.13,42296.26,40911.0,41262.11,30653.33468,1273880705.2502496,799695.0
2022-03-19,Binance,BTCUSDT,41757.51,42400.0,41499.29,42201.13,29067.18108,1216709156.4428055,801197.0
2022-03-18,Binance,BTCUSDT,40917.89,42325.02,40135.04,41757.51,45408.00969,1862337033.4847207,1065054.0
2022-03-17,Binance,BTCUSDT,41114.01,41478.82,40500.0,40917.9,37189.38087,1521083189.7108624,935784.0
2022-03-16,Binance,BTCUSDT,39280.33,41718.0,38828.48,41114.0,88120.76167,3552563766.3655386,2051837.0
2022-03-15,Binance,BTCUSDT,39671.37,39887.61,38098.33,39280.33,46015.54926,1796571984.458497,1060517.0
2022-03-14,Binance,BTCUSDT,37777.35,39947.12,37555.0,39671.37,46945.45375,1821922588.4472065,1114899.0
2022-03-13,Binance,BTCUSDT,38807.35,39310.0,37578.51,37777.34,32791.82359,1268441605.1866877,841844.0
2022-03-12,Binance,BTCUSDT,38729.57,39486.71,38660.52,38807.36,24034.36432,939663387.3149891,671733.0
2022-03-11,Binance,BTCUSDT,39422.01,40236.26,38223.6,38729.57,59018.7642,2305825015.6010857,1252571.0
2022-03-10,Binance,BTCUSDT,41941.7,42039.63,38539.73,39422.0,71962.93154,2854310740.8076735,1512655.0
2022-03-09,Binance,BTCUSDT,38730.63,42594.06,38656.45,41941.71,67392.58799,2797240840.960747,1570230.0
2022-03-08,Binance,BTCUSDT,37988.01,39362.08,37867.65,38730.63,55583.06638,2149652714.804345,1271128.0
2022-03-07,Binance,BTCUSDT,38420.8,39547.57,37155.0,37988.0,63994.11559,2449362161.7015386,1456041.0
2022-03-06,Binance,BTCUSDT,39397.97,39693.87,38088.57,38420.81,39677.26158,1542258009.6292188,986352.0
2022-03-05,Binance,BTCUSDT,39148.65,39613.24,38407.59,39397.96,30363.13341,1187689935.0879936,879727.0
2022-03-04,Binance,BTCUSDT,42454.0,42527.3,38550.0,39148.66,61964.68498,2527001270.7194686,1465066.0
2022-03-03,Binance,BTCUSDT,43892.99,44101.12,41832.28,42454.0,50940.61021,2192152097.925188,1289320.0
2022-03-02,Binance,BTCUSDT,44421.2,45400.0,43334.09,43892.98,57782.65081,2550792948.288624,1653131.0
2022-03-01,Binance,BTCUSDT,43160.0,44949.0,42809.98,44421.2,61743.09873,2701611023.69432,1866871.0
2022-02-28,Binance,BTCUSDT,37699.08,44225.84,37450.17,43160.0,73945.63858,2975160226.168985,1931087.0
2022-02-27,Binance,BTCUSDT,39116.73,39855.7,37000.0,37699.07,46229.44719,1780512702.886402,1265753.0
2022-02-26,Binance,BTCUSDT,39219.16,40348.45,38573.18,39116.72,29361.2568,1152621719.69438,924257.0
2022-02-25,Binance,BTCUSDT,38328.68,39683.53,38014.37,39219.17,56574.57125,2197889580.2826686,1408558.0
2022-02-24,Binance,BTCUSDT,37250.02,39843.0,34322.28,38327.21,120476.29458,4335107392.009488,2622780.0
2022-02-23,Binance,BTCUSDT,38230.33,39249.93,37036.79,37250.01,43560.732,1665486687.2399373,1030872.0
2022-02-22,Binance,BTCUSDT,37008.16,38429.0,36350.0,38230.33,53785.94589,2010628230.7549179,1212527.0
2022-02-21,Binance,BTCUSDT,38386.89,39494.35,36800.0,37008.16,62347.68496,2382027320.8617606,1352290.0
2022-02-20,Binance,BTCUSDT,40079.17,40125.44,38000.0,38386.89,33439.29011,1293216601.4518797,811235.0
2022-02-19,Binance,BTCUSDT,39974.45,40444.32,39639.03,40079.17,18042.0551,721960636.0646691,586653.0
2022-02-18,Binance,BTCUSDT,40515.71,40959.88,39450.0,39974.44,43845.92241,1765622365.952756,1025882.0
2022-02-17,Binance,BTCUSDT,43873.56,44164.71,40073.21,40515.7,47245.99494,1993400162.948067,1067658.0
2022-02-16,Binance,BTCUSDT,44544.85,44549.97,43307.0,43873.56,28471.8727,1250973502.301845,823745.0
2022-02-15,Binance,BTCUSDT,42535.94,44751.4,42427.03,44544.86,38095.19576,1672855933.625659,990694.0
2022-02-14,Binance,BTCUSDT,42053.65,42842.4,41550.56,42535.94,34010.1306,1436927831.4445863,867622.0
2022-02-13,Binance,BTCUSDT,42217.87,42760.0,41870.0,42053.66,17732.08113,750533311.6529565,624898.0
2022-02-12,Binance,BTCUSDT,42373.73,43079.49,41688.88,42217.87,26556.85681,1123136004.7237244,830322.0
2022-02-11,Binance,BTCUSDT,43495.44,43920.0,41938.51,42373.73,44975.1687,1937866768.5059533,1169354.0
2022-02-10,Binance,BTCUSDT,44372.71,45821.0,43174.01,43495.44,62357.29091,2772188373.2227836,1541483.0
2022-02-09,Binance,BTCUSDT,44043.0,44799.0,43117.92,44372.72,34428.16729,1512500139.1430995,1066395.0
2022-02-08,Binance,BTCUSDT,43839.99,45492.0,42666.0,44042.99,64880.29387,2847485971.4977336,1653350.0
2022-02-07,Binance,BTCUSDT,42380.87,44500.5,41645.85,43839.99,51060.62006,2204523609.9033957,1473274.0
2022-02-06,Binance,BTCUSDT,41382.6,42656.0,41116.56,42380.87,22405.16704,934168802.8801152,788291.0
2022-02-05,Binance,BTCUSDT,41571.7,41913.69,40843.01,41382.59,32532.34372,1349805515.9300365,1006352.0
2022-02-04,Binance,BTCUSDT,37311.98,41772.33,37026.73,41574.25,64703.95874,2526572562.0582848,1380724.0
2022-02-03,Binance,BTCUSDT,36896.37,37387.0,36250.0,37311.61,32081.10999,1179502838.6566265,848961.0
2022-02-02,Binance,BTCUSDT,38694.59,38855.92,36586.95,36896.36,35794.6813,1353093948.9776013,907905.0
2022-02-01,Binance,BTCUSDT,38466.9,39265.2,38000.0,38694.59,34574.44663,1334266166.7099986,917617.0
2022-01-31,Binance,BTCUSDT,37881.75,38744.0,36632.61,38466.9,36855.2458,1386754529.0295446,936014.0
2022-01-30,Binance,BTCUSDT,38166.83,38359.26,37351.63,37881.76,21430.66527,812750216.6010319,698593.0
2022-01-29,Binance,BTCUSDT,37716.57,38720.74,37268.44,38166.84,26129.49682,989652386.9966494,816601.0
2022-01-28,Binance,BTCUSDT,37160.11,38000.0,36155.01,37716.56,42154.26956,1560203931.220128,1061101.0
2022-01-27,Binance,BTCUSDT,36807.24,37234.47,35507.01,37160.1,53020.87934,1925920128.3436606,1308408.0
2022-01-26,Binance,BTCUSDT,36958.32,38919.98,36234.63,36809.34,69830.16036,2627491976.6908574,1584468.0
2022-01-25,Binance,BTCUSDT,36660.35,37545.14,35701.0,36958.32,49232.40183,1799224214.4997392,1248246.0
2022-01-24,Binance,BTCUSDT,36244.55,37550.0,32917.17,36660.35,91904.753211,3192041586.10319,1999352.0
2022-01-23,Binance,BTCUSDT,35071.42,36499.0,34601.01,36244.55,44279.52354,1572414639.0428774,1142407.0
2022-01-22,Binance,BTCUSDT,36445.31,36835.22,34008.0,35071.42,90471.338961,3207531048.0306516,2099978.0
2022-01-21,Binance,BTCUSDT,40680.92,41100.0,35440.45,36445.31,88860.891999,3405501703.2219367,2092561.0
2022-01-20,Binance,BTCUSDT,41660.0,43505.0,40553.31,40680.91,42330.33953,1784801200.4044871,1098761.0
2022-01-19,Binance,BTCUSDT,42352.12,42559.13,41138.56,41660.01,31685.72159,1327478459.1602297,924528.0
2022-01-18,Binance,BTCUSDT,42201.63,42691.0,41250.0,42352.12,29324.08257,1228459687.3994458,905061.0
2022-01-17,Binance,BTCUSDT,43071.66,43176.18,41540.42,42201.62,27562.08613,1169381684.4668436,918029.0
2022-01-16,Binance,BTCUSDT,43084.29,43475.0,42581.79,43071.66,20602.35271,887203134.0531468,732171.0
2022-01-15,Binance,BTCUSDT,43059.96,43800.0,42555.0,43084.29,21936.05616,946488263.548448,752688.0
2022-01-14,Binance,BTCUSDT,42558.35,43448.78,41725.95,43059.96,32640.88292,1392000443.3501673,946938.0
2022-01-13,Binance,BTCUSDT,43902.65,44500.0,42311.22,42560.11,34910.87762,1515944525.4954946,1036234.0
2022-01-12,Binance,BTCUSDT,42729.29,44322.0,42450.0,43902.66,33943.2928,1470906437.7120714,1023902.0
2022-01-11,Binance,BTCUSDT,41822.49,43100.0,41268.93,42729.29,37296.43729,1574803608.9600787,1015526.0
2022-01-10,Binance,BTCUSDT,41864.62,42248.5,39650.0,41822.49,50729.17019,2088111339.5055964,1250983.0
2022-01-09,Binance,BTCUSDT,41679.74,42786.7,41200.02,41864.62,22724.39426,952830064.5125848,752733.0
2022-01-08,Binance,BTCUSDT,41566.48,42300.0,40501.0,41679.74,32952.73111,1367233494.8277667,1021908.0
2022-01-07,Binance,BTCUSDT,43082.3,43145.83,40610.0,41566.48,54836.50818,2293851015.4652367,1406635.0
2022-01-06,Binance,BTCUSDT,43451.14,43816.0,42430.58,43082.31,38880.37305,1674466154.4383326,1150707.0
2022-01-05,Binance,BTCUSDT,45832.01,47070.0,42500.0,43451.13,51784.11857,2334288544.645448,1478532.0
2022-01-04,Binance,BTCUSDT,46446.1,47557.54,45500.0,45832.01,35491.4136,1649170424.1276135,1021815.0
2022-01-03,Binance,BTCUSDT,47286.18,47570.0,45696.0,46446.1,27662.0771,1292203508.3256547,885624.0
2022-01-02,Binance,BTCUSDT,47722.66,47990.0,46654.0,47286.18,18340.4604,866610995.5633582,709624.0
2022-01-01,Binance,BTCUSDT,46216.93,47954.63,46208.37,47722.65,19604.46325,924155159.5834864,714899.0
2021-12-31,Binance,BTCUSDT,47120.88,48548.26,45678.0,46216.93,34937.99796,1650715977.918517,1059783.0
2021-12-30,Binance,BTCUSDT,46464.66,47900.0,45900.0,47120.87,30352.29569,1428755720.453203,910157.0
2021-12-29,Binance,BTCUSDT,47543.74,48139.08,46096.99,46464.66,39498.87,1873785571.2732966,1114074.0
2021-12-28,Binance,BTCUSDT,50701.44,50704.05,47313.01,47543.74,45853.33924,2242102220.9310036,1345774.0
2021-12-27,Binance,BTCUSDT,50775.48,52088.0,50449.0,50701.44,28779.58212,1471423612.091862,1009238.0
2021-12-26,Binance,BTCUSDT,50399.67,51280.0,49412.0,50775.49,22569.88914,1132200241.5624182,797133.0
2021-12-25,Binance,BTCUSDT,50819.99,51156.23,50142.32,50399.66,19135.51613,971491029.130824,766979.0
2021-12-24,Binance,BTCUSDT,50838.82,51810.0,50384.43,50820.0,31661.94946,1616919305.7036664,1074410.0
2021-12-23,Binance,BTCUSDT,48588.17,51375.0,47920.42,50838.81,35192.54046,1738129830.7814522,1176050.0
2021-12-22,Binance,BTCUSDT,48887.59,49576.13,48421.87,48588.16,27004.2022,1322418595.3337295,949480.0
2021-12-21,Binance,BTCUSDT,46914.17,49328.96,46630.0,48889.88,37713.92924,1827234149.05988,1119412.0
2021-12-20,Binance,BTCUSDT,46681.24,47537.57,45558.85,46914.16,35848.50609,1663363117.8304534,1076488.0
2021-12-19,Binance,BTCUSDT,46834.47,48300.01,46406.91,46681.23,29305.70665,1384958598.3627698,874827.0
2021-12-18,Binance,BTCUSDT,46133.83,47392.37,45500.0,46834.48,25020.05271,1165205135.7008429,862066.0
2021-12-17,Binance,BTCUSDT,47632.38,47995.96,45456.0,46131.2,43104.4887,2015966349.5161326,1261780.0
2021-12-16,Binance,BTCUSDT,48864.98,49436.43,47511.0,47632.38,31949.86739,1551200654.0527449,1023983.0
2021-12-15,Binance,BTCUSDT,48336.95,49500.0,46547.0,48864.98,51629.181,2487012309.091549,1438176.0
2021-12-14,Binance,BTCUSDT,46702.76,48700.41,46290.0,48343.28,39955.98445,1887427362.4740965,1194992.0
2021-12-13,Binance,BTCUSDT,50053.9,50189.97,45672.75,46702.75,50869.52093,2423888500.7903047,1399599.0
2021-12-12,Binance,BTCUSDT,49389.99,50777.0,48638.0,50053.9,26017.93421,1292315883.6245537,863605.0
2021-12-11,Binance,BTCUSDT,47140.54,49485.71,46751.0,49389.99,28889.19358,1397524635.5814018,957390.0
2021-12-10,Binance,BTCUSDT,47535.9,50125.0,46852.0,47140.54,44233.57391,2135023722.8531518,1215231.0
2021-12-09,Binance,BTCUSDT,50471.19,50797.76,47320.0,47545.59,37692.68665,1841474998.8951101,1130599.0
2021-12-08,Binance,BTCUSDT,50588.95,51200.0,48600.0,50471.19,38425.92466,1925458787.114752,1118225.0
2021-12-07,Binance,BTCUSDT,50441.91,51936.33,50039.74,50588.95,38253.46877,1950573500.2086656,1212350.0
2021-12-06,Binance,BTCUSDT,49396.32,50891.11,47100.0,50441.92,58571.21575,2851528919.1795363,1741956.0
2021-12-05,Binance,BTCUSDT,49152.46,49699.05,47727.21,49396.33,45580.82012,2231486105.843912,1371839.0
2021-12-04,Binance,BTCUSDT,53601.05,53859.1,42000.3,49152.47,114203.373748,5495712061.978532,3362771.0
2021-12-03,Binance,BTCUSDT,56484.26,57600.0,51680.0,53601.05,58927.69027,3246198505.9468513,1865063.0
2021-12-02,Binance,BTCUSDT,57184.07,57375.47,55777.77,56480.34,37574.05976,2127110102.107309,1307890.0
2021-12-01,Binance,BTCUSDT,56950.56,59053.55,56458.01,57184.07,44956.63656,2584928714.0757422,1442301.0
2021-11-30,Binance,BTCUSDT,57776.25,59176.99,55875.55,56950.56,49161.05194,2823644073.0219045,1587472.0
2021-11-29,Binance,BTCUSDT,57274.89,58865.97,56666.67,57776.25,40125.28009,2313371348.113543,1349625.0
2021-11-28,Binance,BTCUSDT,54716.47,57445.05,53256.64,57274.88,36163.7137,1982198373.5328348,1253408.0
2021-11-27,Binance,BTCUSDT,53723.72,55280.0,53610.0,54721.03,29716.99957,1623173123.4917314,1110145.0
2021-11-26,Binance,BTCUSDT,58960.37,59150.0,53500.0,53726.53,65927.87066,3649353860.4295673,2138184.0
2021-11-25,Binance,BTCUSDT,57138.29,59398.9,57000.0,58960.36,42153.51522,2455658857.7005925,1604266.0
2021-11-24,Binance,BTCUSDT,57541.26,57735.0,55837.0,57138.29,39612.04964,2246374244.330568,1432991.0
2021-11-23,Binance,BTCUSDT,56243.83,58009.99,55317.0,57541.27,49917.85017,2837210673.4885187,1570845.0
2021-11-22,Binance,BTCUSDT,58617.7,59444.0,55610.0,56247.18,51724.32047,2968622334.137657,1624768.0
2021-11-21,Binance,BTCUSDT,59707.52,60029.76,58486.65,58622.02,31902.22785,1886578154.5167084,1249219.0
2021-11-20,Binance,BTCUSDT,58057.1,59845.0,57353.0,59707.51,33811.5901,1982718831.1570768,1200190.0
2021-11-19,Binance,BTCUSDT,56891.62,58320.0,55600.0,58052.24,50715.88726,2896189975.910774,1560459.0
2021-11-18,Binance,BTCUSDT,60344.86,60976.0,56474.26,56891.62,62146.99931,3644824179.1448526,1960419.0
2021-11-17,Binance,BTCUSDT,60058.87,60840.23,58373.0,60344.87,46289.38491,2767802055.200423,1471305.0
2021-11-16,Binance,BTCUSDT,63606.73,63617.31,58574.07,60058.87,77455.15609,4705744041.299647,2353681.0
2021-11-15,Binance,BTCUSDT,65519.11,66401.82,63400.0,63606.74,37829.37124,2460915922.876128,1305209.0
2021-11-14,Binance,BTCUSDT,64380.01,65550.51,63576.27,65519.1,25705.07347,1658473781.2937696,951393.0
2021-11-13,Binance,BTCUSDT,64122.22,65000.0,63360.22,64380.0,22504.97383,1442441613.5983922,904149.0
2021-11-12,Binance,BTCUSDT,64774.25,65450.7,62278.0,64122.23,44490.10816,2844286547.504041,1479149.0
2021-11-11,Binance,BTCUSDT,64882.42,65600.07,64100.0,64774.26,37237.98058,2415537333.57771,1327827.0
2021-11-10,Binance,BTCUSDT,66947.67,69000.0,62822.9,64882.43,65171.504046,4335575752.805223,2347934.0
2021-11-09,Binance,BTCUSDT,67525.82,68524.25,66222.4,66947.66,44661.378068,3014326962.087268,1847655.0
2021-11-08,Binance,BTCUSDT,63273.58,67789.0,63273.58,67525.83,54442.094554,3575716171.0442996,2349581.0
2021-11-07,Binance,BTCUSDT,61470.62,63286.35,61322.78,63273.59,25515.6883,1585744720.1997721,1068629.0
2021-11-06,Binance,BTCUSDT,60940.18,61560.49,60050.0,61470.61,25590.57408,1556774943.5537283,965309.0
2021-11-05,Binance,BTCUSDT,61395.01,62595.72,60721.0,60937.12,31604.48749,1943346371.470386,1243074.0
2021-11-04,Binance,BTCUSDT,62896.49,63086.31,60677.01,61395.01,35930.93314,2218138026.7045407,1346081.0
2021-11-03,Binance,BTCUSDT,63220.57,63500.0,60382.76,62896.48,43336.09049,2713389500.4663587,1601925.0
2021-11-02,Binance,BTCUSDT,60911.12,64270.0,60624.68,63219.99,46368.2841,2909221038.40065,1858362.0
2021-11-01,Binance,BTCUSDT,61299.81,62437.74,59405.0,60911.11,44687.66672,2737282804.738131,1472636.0
2021-10-31,Binance,BTCUSDT,61859.19,62405.3,59945.36,61299.8,39267.63794,2396556477.343494,1563417.0
2021-10-30,Binance,BTCUSDT,62253.7,62359.25,60673.0,61859.19,31478.12566,1937860260.4380624,1197748.0
2021-10-29,Binance,BTCUSDT,60575.9,62980.0,60174.81,62253.71,43973.90414,2706090987.3096256,1417344.0
2021-10-28,Binance,BTCUSDT,58413.44,62499.0,57820.0,60575.89,61056.35301,3677629851.059607,1878275.0
2021-10-27,Binance,BTCUSDT,60328.81,61496.0,58000.0,58413.44,62124.49016,3688306192.9724174,1913083.0
2021-10-26,Binance,BTCUSDT,63078.78,63293.48,59817.55,60328.81,40217.50083,2492606133.3189454,1334460.0
2021-10-25,Binance,BTCUSDT,60852.22,63710.63,60650.0,63078.78,36853.83806,2309339650.1093802,1270453.0
2021-10-24,Binance,BTCUSDT,61286.75,61500.0,59510.63,60852.22,31226.57676,1889694558.9504948,1052085.0
2021-10-23,Binance,BTCUSDT,60688.23,61747.64,59562.15,61286.75,27626.93678,1686121722.2187824,982103.0
2021-10-22,Binance,BTCUSDT,62193.15,63732.39,60000.0,60688.22,52119.35886,3229377744.311425,1555280.0
2021-10-21,Binance,BTCUSDT,66001.4,66639.74,62000.0,62193.15,68538.64537,4407757970.879756,2181665.0
2021-10-20,Binance,BTCUSDT,64280.59,67000.0,63481.4,66001.41,51428.934856,3362878816.4045925,1823286.0
2021-10-19,Binance,BTCUSDT,62005.6,64486.0,61322.22,64280.59,53628.107744,3370863940.269437,1755708.0
2021-10-18,Binance,BTCUSDT,61528.32,62695.78,59844.45,62009.84,51798.44844,3195091233.4205527,1629184.0
2021-10-17,Binance,BTCUSDT,60875.57,61718.39,58963.0,61528.33,39099.24124,2371696294.797305,1331655.0
2021-10-16,Binance,BTCUSDT,61672.42,62378.42,60150.0,60875.57,35467.88096,2173374058.808911,1360379.0
2021-10-15,Binance,BTCUSDT,57347.94,62933.0,56850.0,61672.42,82512.908022,4959389368.726733,2649137.0
2021-10-14,Binance,BTCUSDT,57370.83,58532.54,56818.05,57347.94,43053.336781,2481915791.591235,1372048.0
2021-10-13,Binance,BTCUSDT,55996.91,57777.0,54167.19,57367.0,55808.44492,3123307687.477303,1610489.0
2021-10-12,Binance,BTCUSDT,57471.35,57680.0,53879.0,55996.93,53471.2855,3017210682.8859496,1554412.0
2021-10-11,Binance,BTCUSDT,54659.01,57839.04,54415.06,57471.35,52933.165751,2994673617.7236485,1690409.0
2021-10-10,Binance,BTCUSDT,54949.72,56561.31,54080.0,54659.0,89237.836128,4923958325.389875,2427176.0
2021-10-09,Binance,BTCUSDT,53955.67,55489.0,53661.67,54949.72,55177.08013,3024862790.6955924,1609483.0
2021-10-08,Binance,BTCUSDT,53785.22,56100.0,53617.61,53951.43,46160.25785,2522087625.0940795,1548832.0
2021-10-07,Binance,BTCUSDT,55315.0,55332.31,53357.0,53785.22,54917.37766,2983143121.088643,1703147.0
2021-10-06,Binance,BTCUSDT,51471.99,55750.0,50382.41,55315.0,79877.545181,4236927265.3815217,2443126.0
2021-10-05,Binance,BTCUSDT,49224.93,51886.3,49022.4,51471.99,52125.66793,2618101829.017722,1641651.0
2021-10-04,Binance,BTCUSDT,48200.01,49536.12,46891.0,49224.94,46796.49372,2258464361.1263566,1437692.0
2021-10-03,Binance,BTCUSDT,47634.89,49228.08,47088.0,48200.01,30825.05601,1482764462.1905773,1114294.0
2021-10-02,Binance,BTCUSDT,48141.6,48336.59,47430.18,47634.9,30508.98131,1459064880.5324447,996116.0
2021-10-01,Binance,BTCUSDT,43820.01,48495.0,43283.03,48141.61,66244.87492,3076094886.5924745,1771237.0
2021-09-30,Binance,BTCUSDT,41524.29,44141.37,41410.17,43824.1,46381.22781,2005486003.5646772,1197815.0
2021-09-29,Binance,BTCUSDT,41025.01,42590.0,40753.88,41524.28,33511.53487,1399625476.0563762,884909.0
2021-09-28,Binance,BTCUSDT,42147.35,42787.38,40888.0,41026.54,43372.2624,1816305387.8388581,1045389.0
2021-09-27,Binance,BTCUSDT,43160.9,44350.0,42098.0,42147.35,39776.84383,1728912299.8034244,1001487.0
2021-09-26,Binance,BTCUSDT,42670.63,43950.0,40750.0,43160.9,49879.99765,2124657079.2797763,1374145.0
2021-09-25,Binance,BTCUSDT,42810.58,42966.84,41646.28,42670.64,33594.57189,1428238748.2095258,949787.0
2021-09-24,Binance,BTCUSDT,44865.26,45200.0,40675.0,42810.57,84113.426292,3596718231.0505486,1819744.0
2021-09-23,Binance,BTCUSDT,43546.37,44978.0,43069.09,44865.26,48699.57655,2147211305.482089,1196106.0
2021-09-22,Binance,BTCUSDT,40734.09,44000.55,40565.39,43543.61,58349.05542,2482639471.907596,1304011.0
2021-09-21,Binance,BTCUSDT,43016.64,43639.0,39600.0,40734.38,84534.080485,3551997786.6903553,1820721.0
2021-09-20,Binance,BTCUSDT,47241.75,47347.25,42500.0,43015.62,78003.524443,3457139274.3000712,1842231.0
2021-09-19,Binance,BTCUSDT,48292.75,48372.83,46829.18,47241.75,29847.24349,1421642879.4932063,909785.0
2021-09-18,Binance,BTCUSDT,47299.98,48843.2,47035.56,48292.74,30906.47038,1491461627.9514225,976346.0
2021-09-17,Binance,BTCUSDT,47737.81,48150.0,46699.56,47299.98,34461.92776,1637122049.4128377,1033968.0
2021-09-16,Binance,BTCUSDT,48121.4,48557.0,47021.1,47737.82,40725.08895,1948447232.9107175,1176129.0
2021-09-15,Binance,BTCUSDT,47103.28,48500.0,46682.32,48121.41,43204.71174,2056996398.8439617,1176050.0
2021-09-14,Binance,BTCUSDT,44940.72,47250.0,44594.44,47111.52,44855.85099,2072259519.06192,1210258.0
2021-09-13,Binance,BTCUSDT,46025.23,46880.0,43370.0,44940.73,65429.15056,2930668118.2616343,1703512.0
2021-09-12,Binance,BTCUSDT,45173.68,46460.0,44742.06,46025.24,32094.28052,1464780920.2199812,1179808.0
2021-09-11,Binance,BTCUSDT,44842.2,45987.93,44722.22,45173.69,30440.4081,1380370764.0127168,1060890.0
2021-09-10,Binance,BTCUSDT,46395.14,47033.0,44132.29,44850.91,49048.26618,2243698626.039517,1569941.0
2021-09-09,Binance,BTCUSDT,46048.31,47399.97,45513.08,46395.14,50651.66002,2351862983.5182405,1567586.0
2021-09-08,Binance,BTCUSDT,46868.57,47340.99,44412.02,46048.31,65069.3152,3000605793.9389606,1796101.0
2021-09-07,Binance,BTCUSDT,52666.2,52920.0,42843.05,46863.73,123048.802719,6004105772.870442,3321711.0
2021-09-06,Binance,BTCUSDT,51756.88,52780.0,50969.33,52663.9,49249.667081,2549290983.0568776,1678015.0
2021-09-05,Binance,BTCUSDT,49917.54,51900.0,49450.0,51756.88,40544.835873,2049212025.844659,1417660.0
2021-09-04,Binance,BTCUSDT,49998.0,50535.69,49370.0,49915.64,34664.65959,1733527136.444259,1225830.0
2021-09-03,Binance,BTCUSDT,49246.63,51000.0,48316.84,49999.14,59025.644157,2949574478.071738,1645163.0
2021-09-02,Binance,BTCUSDT,48810.51,50450.13,48584.06,49246.64,54410.770538,2704192314.674689,1549849.0
2021-09-01,Binance,BTCUSDT,47100.89,49156.0,46512.0,48810.52,49904.65528,2386074445.4158525,1280384.0
2021-08-31,Binance,BTCUSDT,46982.91,48246.11,46700.0,47100.89,48645.52737,2303799571.3822727,1300400.0
2021-08-30,Binance,BTCUSDT,48767.84,48888.61,46853.0,46982.91,40288.35083,1932344430.9239264,1204012.0
2021-08-29,Binance,BTCUSDT,48895.35,49632.27,47762.54,48767.83,32652.283473,1588661416.3603795,1193046.0
2021-08-28,Binance,BTCUSDT,49069.9,49299.0,48346.88,48895.35,26681.063786,1303966035.7705495,793012.0
2021-08-27,Binance,BTCUSDT,46843.86,49149.93,46348.0,49069.9,42068.104965,2007071230.2199953,1320503.0
2021-08-26,Binance,BTCUSDT,48973.32,49352.84,46250.0,46843.87,49371.277774,2333900030.229628,1532753.0
2021-08-25,Binance,BTCUSDT,47674.01,49264.3,47126.28,48973.32,44655.830342,2149442271.5264206,1559186.0
2021-08-24,Binance,BTCUSDT,49488.85,49860.0,47600.0,47674.01,51014.594748,2486079315.564424,1692896.0
2021-08-23,Binance,BTCUSDT,49239.22,50500.0,49029.0,49488.85,52462.541954,2616721363.6851716,2143309.0
2021-08-22,Binance,BTCUSDT,48821.88,49500.0,48050.0,49239.22,37007.887795,1807169840.1691716,1610192.0
2021-08-21,Binance,BTCUSDT,49322.47,49757.04,48222.0,48821.87,46745.136584,2290966131.3761606,2069725.0
2021-08-20,Binance,BTCUSDT,46760.62,49382.99,46622.99,49322.47,56850.352228,2721131744.277817,1950404.0
2021-08-19,Binance,BTCUSDT,44699.37,47033.0,43927.7,46760.62,53411.75392,2416320067.133769,1774382.0
2021-08-18,Binance,BTCUSDT,44695.95,46000.0,44203.28,44705.29,54099.415985,2439673265.947117,1656723.0
2021-08-17,Binance,BTCUSDT,45901.3,47160.0,44376.0,44695.95,57039.341629,2616339597.9157424,1781303.0
2021-08-16,Binance,BTCUSDT,46973.82,48053.83,45660.0,45901.29,52480.574014,2462127629.6090236,1655378.0
2021-08-15,Binance,BTCUSDT,47068.5,47372.27,45500.0,46973.82,42110.711334,1950753713.2121248,1580122.0
2021-08-14,Binance,BTCUSDT,47799.99,48144.0,45971.03,47068.51,46114.359022,2166461458.668249,1849556.0
2021-08-13,Binance,BTCUSDT,44400.06,47886.0,44217.39,47800.0,48239.370431,2239435701.1177917,1804716.0
2021-08-12,Binance,BTCUSDT,45510.67,46218.12,43770.0,44399.0,55266.108781,2478758524.864176,1623329.0
2021-08-11,Binance,BTCUSDT,45585.0,46743.47,45341.14,45511.0,52734.901977,2432788769.8326964,1862925.0
2021-08-10,Binance,BTCUSDT,46248.87,46700.0,44589.46,45584.99,53814.643421,2452485823.9336543,1951330.0
2021-08-09,Binance,BTCUSDT,43794.36,46454.15,42779.0,46253.4,74587.884845,3362870286.2581177,2130595.0
2021-08-08,Binance,BTCUSDT,44572.54,45310.0,43261.0,43794.37,69329.092698,3074924734.87934,1857112.0
2021-08-07,Binance,BTCUSDT,42836.87,44700.0,42446.41,44572.54,73396.740808,3197407326.0367928,2258213.0
2021-08-06,Binance,BTCUSDT,40862.46,43392.43,39853.86,42836.87,75753.941347,3148022459.9161587,2223356.0
2021-08-05,Binance,BTCUSDT,39723.17,41350.0,37332.7,40862.46,84343.755621,3314527738.3397326,1913281.0
2021-08-04,Binance,BTCUSDT,38207.04,39969.66,37508.56,39723.18,52329.35243,2028792778.184805,1220555.0
2021-08-03,Binance,BTCUSDT,39146.86,39780.0,37642.03,38207.05,57117.435853,2195360658.5673285,1379871.0
2021-08-02,Binance,BTCUSDT,39850.27,40480.01,38690.0,39147.82,50837.351954,2010928003.594409,1162878.0
2021-08-01,Binance,BTCUSDT,41461.84,42599.0,39422.01,39845.44,53953.186326,2227567271.4878654,1603964.0
2021-07-31,Binance,BTCUSDT,42206.36,42448.0,41000.15,41461.83,44849.791012,1868285510.8846786,1565380.0
2021-07-30,Binance,BTCUSDT,40018.49,42316.71,38313.23,42206.37,73602.784805,2939833541.3815365,1797012.0
2021-07-29,Binance,BTCUSDT,40019.57,40640.0,39200.0,40016.48,53998.439283,2154190697.3453183,1428738.0
2021-07-28,Binance,BTCUSDT,39456.61,40900.0,38772.0,40019.56,101344.528441,4040889461.661528,2631048.0
2021-07-27,Binance,BTCUSDT,37241.33,39542.61,36383.0,39457.87,88397.267015,3335658261.9955463,1938478.0
2021-07-26,Binance,BTCUSDT,35381.02,40550.0,35205.78,37237.6,152452.512724,5832475057.065676,3330102.0
2021-07-25,Binance,BTCUSDT,34261.51,35398.0,33851.12,35381.02,47852.928313,1646935552.8055446,1245775.0
2021-07-24,Binance,BTCUSDT,33634.1,34500.0,33401.14,34258.14,47977.550138,1625046258.436552,1196914.0
2021-07-23,Binance,BTCUSDT,32287.58,33650.0,31924.32,33634.09,50112.863626,1631947003.0730464,1394786.0
2021-07-22,Binance,BTCUSDT,32144.51,32591.35,31708.0,32287.83,46148.092433,1482763544.9505363,1000742.0
2021-07-21,Binance,BTCUSDT,29790.34,32858.0,29482.61,32144.51,82796.265128,2603140706.0822244,1415058.0
2021-07-20,Binance,BTCUSDT,30839.65,31063.07,29278.0,29790.35,61034.049017,1821230700.020391,1062139.0
2021-07-19,Binance,BTCUSDT,31778.57,31899.0,30407.44,30839.65,47340.468499,1470563281.9365027,846029.0
2021-07-18,Binance,BTCUSDT,31520.07,32435.0,31108.97,31778.56,35923.716186,1140964365.6466017,760979.0
2021-07-17,Binance,BTCUSDT,31383.86,31955.92,31164.31,31520.07,34012.242132,1072815966.3363075,883442.0
2021-07-16,Binance,BTCUSDT,31874.49,32249.18,31020.0,31383.87,48499.864154,1538342711.579657,1067591.0
2021-07-15,Binance,BTCUSDT,32820.03,33185.25,31133.0,31880.0,51639.576353,1652077965.4365597,1099367.0
2021-07-14,Binance,BTCUSDT,32729.12,33114.03,31550.0,32820.02,46777.823484,1515692074.9875476,1123129.0
2021-07-13,Binance,BTCUSDT,33086.94,33340.0,32202.25,32729.77,41126.361008,1348583017.0103433,956053.0
2021-07-12,Binance,BTCUSDT,34259.0,34678.43,32658.34,33086.63,48181.403762,1620646741.334963,1176847.0
2021-07-11,Binance,BTCUSDT,33502.87,34666.0,33306.47,34258.99,31572.647448,1070033013.1920449,952891.0
2021-07-10,Binance,BTCUSDT,33815.81,34262.0,33004.78,33502.87,34761.175468,1171790111.0829952,865508.0
2021-07-09,Binance,BTCUSDT,32875.71,34100.0,32261.07,33815.81,47153.939899,1562958239.3913763,1236351.0
2021-07-08,Binance,BTCUSDT,33862.11,33929.64,32077.0,32875.71,70136.48032,2304973020.298715,1257892.0
2021-07-07,Binance,BTCUSDT,34220.02,35059.09,33777.77,33862.12,53807.521675,1857658028.4808037,1041416.0
2021-07-06,Binance,BTCUSDT,33690.15,35118.88,33532.0,34220.01,58210.596349,1991691100.9482656,1184687.0
2021-07-05,Binance,BTCUSDT,35288.13,35293.78,33125.55,33690.14,64123.874245,2183406257.493829,1109367.0
2021-07-04,Binance,BTCUSDT,34669.12,35967.85,34357.15,35286.51,43703.475789,1544458212.3926332,1164970.0
2021-07-03,Binance,BTCUSDT,33786.54,34945.61,33316.73,34669.13,43044.578641,1478423023.5034828,1078278.0
2021-07-02,Binance,BTCUSDT,33502.33,33977.04,32699.0,33786.55,56172.181378,1870193042.3935366,1176457.0
2021-07-01,Binance,BTCUSDT,35045.0,35057.57,32711.0,33504.69,71708.266112,2410809595.390457,1240681.0
2021-06-30,Binance,BTCUSDT,35911.72,36100.0,34017.55,35045.0,77152.197634,2688939291.095673,1301036.0
2021-06-29,Binance,BTCUSDT,34494.89,36600.0,34225.43,35911.73,90788.79622,3233947791.863388,1673802.0
2021-06-28,Binance,BTCUSDT,34702.49,35297.71,33862.72,34494.89,82222.267819,2837122779.5244017,1868627.0
2021-06-27,Binance,BTCUSDT,32283.65,34749.0,31973.45,34700.34,96613.244211,3199980157.750333,1799875.0
2021-06-26,Binance,BTCUSDT,31576.09,32730.0,30151.0,32283.65,107820.375287,3376415451.7931237,1814051.0
2021-06-25,Binance,BTCUSDT,34663.08,35500.0,31275.0,31584.45,116061.130356,3846120542.6572967,2094932.0
2021-06-24,Binance,BTCUSDT,33675.07,35298.0,32286.57,34663.09,86625.80426,2925373222.105977,1531230.0
2021-06-23,Binance,BTCUSDT,32509.56,34881.0,31683.0,33678.07,126966.100563,4282250433.9194446,2026228.0
2021-06-22,Binance,BTCUSDT,31614.12,33298.78,28805.0,32509.56,204208.179762,6406159197.076789,3113977.0
2021-06-21,Binance,BTCUSDT,35600.17,35750.0,31251.23,31608.93,168778.873159,5545926077.788067,2688993.0
2021-06-20,Binance,BTCUSDT,35483.72,36137.72,33336.0,35600.16,89878.17085,3124634336.840761,1691871.0
2021-06-19,Binance,BTCUSDT,35820.48,36457.0,34803.52,35483.72,68712.449461,2453817534.777169,1212278.0
2021-06-18,Binance,BTCUSDT,38092.97,38202.84,35129.29,35819.84,95228.042935,3507868126.3062024,1809253.0
2021-06-17,Binance,BTCUSDT,38349.0,39559.88,37365.0,38092.97,79541.307119,3065622530.039886,1620210.0
2021-06-16,Binance,BTCUSDT,40143.8,40527.14,38116.01,38349.01,87771.976937,3450556041.6005836,2134897.0
2021-06-15,Binance,BTCUSDT,40516.28,41330.0,39506.4,40144.04,80679.622838,3247746713.62741,1931890.0
2021-06-14,Binance,BTCUSDT,39020.56,41064.05,38730.0,40516.29,108522.391949,4320307646.765389,2185089.0
2021-06-13,Binance,BTCUSDT,35546.12,39380.0,34757.0,39020.57,86921.025555,3208991521.63768,1894103.0
2021-06-12,Binance,BTCUSDT,37331.98,37463.63,34600.36,35546.11,87717.54999,3132387326.5375137,1719650.0
2021-06-11,Binance,BTCUSDT,36677.83,37680.4,35936.77,37331.98,78466.0053,2903043643.3100724,1727645.0
2021-06-10,Binance,BTCUSDT,37388.05,38491.0,35782.0,36675.72,109527.284943,4062957162.3643003,2231430.0
2021-06-09,Binance,BTCUSDT,33380.8,37534.79,32396.82,37388.05,136607.597517,4794741674.438823,2601479.0
2021-06-08,Binance,BTCUSDT,33556.96,34068.01,31000.0,33380.81,123251.189037,4030784324.609684,2074885.0
2021-06-07,Binance,BTCUSDT,35796.31,36900.0,33300.0,33552.79,77574.952573,2755673601.7139134,1532260.0
2021-06-06,Binance,BTCUSDT,35516.07,36480.0,35222.0,35796.31,47650.206637,1711857075.0471697,993430.0
2021-06-05,Binance,BTCUSDT,36829.15,37925.0,34800.0,35513.2,70459.62149,2560547116.8364058,1463754.0
2021-06-04,Binance,BTCUSDT,39246.78,39289.07,35555.15,36829.0,91317.799245,3379399754.9305224,1926311.0
2021-06-03,Binance,BTCUSDT,37568.68,39476.0,37170.0,39246.79,75889.106011,2930945325.709207,1949658.0
2021-06-02,Binance,BTCUSDT,36694.85,38225.0,35920.0,37568.68,67587.372495,2523462575.688438,1530915.0
2021-06-01,Binance,BTCUSDT,37253.82,37894.81,35666.0,36693.09,81234.66377,2973928300.375587,1760417.0
2021-05-31,Binance,BTCUSDT,35641.26,37499.0,34153.84,37253.81,94160.735289,3406047734.831128,1896359.0
2021-05-30,Binance,BTCUSDT,34605.15,36488.0,33379.0,35641.27,73535.386967,2601994948.148242,1559892.0
2021-05-29,Binance,BTCUSDT,35661.79,37338.58,33632.76,34605.15,112663.092689,3949843335.322595,2169643.0
2021-05-28,Binance,BTCUSDT,38529.99,38877.83,34684.0,35663.49,135377.62972,4926260941.933613,2659178.0
2021-05-27,Binance,BTCUSDT,39241.92,40411.14,37134.27,38529.98,86547.158794,3361413526.0535436,2102182.0
2021-05-26,Binance,BTCUSDT,38324.72,40841.0,37800.44,39241.91,104780.773396,4113717505.2635546,2432319.0
2021-05-25,Binance,BTCUSDT,38810.99,39791.77,36419.62,38324.72,111996.228404,4253519579.378729,2508310.0
2021-05-24,Binance,BTCUSDT,34681.44,39920.0,34031.0,38796.29,161630.893971,5996773032.151344,3510578.0
2021-05-23,Binance,BTCUSDT,37458.51,38270.64,31111.01,34655.25,217136.046593,7431242463.203841,4082004.0
2021-05-22,Binance,BTCUSDT,37263.35,38829.0,35200.62,37449.73,126542.243689,4730567647.6744,2716691.0
2021-05-21,Binance,BTCUSDT,40525.39,42200.0,33488.0,37252.01,202100.888258,7713346610.274127,3993336.0
2021-05-20,Binance,BTCUSDT,36671.23,42451.67,34850.0,40526.64,203017.596923,8019897067.17622,4269898.0
2021-05-19,Binance,BTCUSDT,42849.78,43584.9,30000.0,36690.09,354347.243161,13477694934.871796,6331062.0
2021-05-18,Binance,BTCUSDT,43538.02,45799.29,42250.02,42849.78,116979.860784,5146670282.547901,2561165.0
2021-05-17,Binance,BTCUSDT,46426.83,46686.0,42001.0,43538.04,166657.172736,7346755531.933857,3216821.0
2021-05-16,Binance,BTCUSDT,46762.99,49795.89,43825.39,46431.5,114269.812775,5367497608.115901,2661295.0
2021-05-15,Binance,BTCUSDT,49844.16,50700.0,46555.0,46762.99,89437.449359,4350775846.517358,2286791.0
2021-05-14,Binance,BTCUSDT,49671.92,51483.0,48799.75,49841.45,80082.204306,4015904915.407911,2095860.0
2021-05-13,Binance,BTCUSDT,49537.15,51367.19,46000.0,49670.97,147332.002121,7303694688.601401,3570506.0
2021-05-12,Binance,BTCUSDT,56670.02,58000.01,48600.0,49631.32,99842.789836,5476115093.110468,2676826.0
2021-05-11,Binance,BTCUSDT,55816.14,56862.43,54370.0,56670.02,64329.54055,3583030654.7630196,1911480.0
2021-05-10,Binance,BTCUSDT,58240.83,59500.0,53400.0,55816.14,89586.34925,5131782639.966137,2575419.0
2021-05-09,Binance,BTCUSDT,58866.53,59300.0,56235.66,58240.84,69806.11991,4043552701.506599,2170139.0
2021-05-08,Binance,BTCUSDT,57315.49,59500.0,56900.0,58862.05,69709.906028,4079553831.988064,2311378.0
2021-05-07,Binance,BTCUSDT,56393.68,58650.0,55241.63,57314.75,74542.747829,4239374487.474772,2361692.0
2021-05-06,Binance,BTCUSDT,57436.11,58360.0,55200.0,56393.68,70181.671908,3992289527.7370977,2459881.0
2021-05-05,Binance,BTCUSDT,53205.05,58069.82,52900.0,57436.11,77263.923439,4327994296.151437,2378119.0
2021-05-04,Binance,BTCUSDT,57169.39,57200.0,53046.69,53200.01,85324.625903,4705402064.300976,2492629.0
2021-05-03,Binance,BTCUSDT,56578.21,58981.44,56435.0,57169.39,57649.931286,3337604542.6273804,2102128.0
2021-05-02,Binance,BTCUSDT,57797.35,57911.02,56035.25,56578.21,36812.878863,2089763230.439627,1371638.0
2021-05-01,Binance,BTCUSDT,57697.25,58458.07,56956.14,57800.37,42600.351836,2460342954.842521,1743013.0
2021-04-30,Binance,BTCUSDT,53555.0,57963.0,53013.01,57694.27,68578.910045,3808187372.73938,2267648.0
2021-04-29,Binance,BTCUSDT,54846.23,55195.84,52330.94,53555.0,52486.019455,2823220335.476041,1763676.0
2021-04-28,Binance,BTCUSDT,55011.97,56428.0,53813.16,54846.22,55130.459015,3020242787.5066776,1830042.0
2021-04-27,Binance,BTCUSDT,54001.38,55460.0,53222.0,55011.97,54064.034675,2949719328.3669896,1568666.0
2021-04-26,Binance,BTCUSDT,49066.76,54356.62,48753.44,54001.39,86310.802124,4555688503.3973875,2174544.0
2021-04-25,Binance,BTCUSDT,50047.84,50567.91,46930.0,49066.77,58255.645004,2867858315.1873198,1475479.0
2021-04-24,Binance,BTCUSDT,51110.56,51166.22,48657.14,50047.84,55361.512573,2762081002.878663,1164985.0
2021-04-23,Binance,BTCUSDT,51690.95,52131.85,47500.0,51125.14,132230.780719,6571097317.467918,2888237.0
2021-04-22,Binance,BTCUSDT,53787.62,55521.48,50500.0,51690.96,104656.631337,5594983857.318092,2744621.0
2021-04-21,Binance,BTCUSDT,56425.0,56757.91,53536.02,53787.63,66984.756909,3704549578.697303,2134946.0
2021-04-20,Binance,BTCUSDT,55633.14,57076.24,53329.96,56425.0,72744.482151,4037701391.6195264,2148820.0
2021-04-19,Binance,BTCUSDT,56150.01,57526.81,54221.58,55633.14,78229.042267,4398619580.647143,2390527.0
2021-04-18,Binance,BTCUSDT,60006.67,60499.0,50931.3,56150.01,124882.131824,6949379727.429153,3444089.0
2021-04-17,Binance,BTCUSDT,61334.81,62506.05,59580.91,60006.66,58912.256128,3605701810.675047,2268816.0
2021-04-16,Binance,BTCUSDT,63158.74,63520.61,60000.0,61334.8,91764.139884,5647292669.615493,2639940.0
2021-04-15,Binance,BTCUSDT,62959.53,63800.0,62020.0,63159.98,51649.70034,3248931738.293182,1938028.0
2021-04-14,Binance,BTCUSDT,63575.01,64854.0,61301.0,62959.53,82616.343993,5239081228.156977,2645625.0
2021-04-13,Binance,BTCUSDT,59860.01,63777.77,59805.15,63575.0,82848.688746,5154877375.389618,2703735.0
2021-04-12,Binance,BTCUSDT,59998.8,61300.0,59350.59,59860.0,56375.037117,3393042867.871467,1806298.0
2021-04-11,Binance,BTCUSDT,59769.13,60699.0,59232.52,60002.43,41156.715391,2462032926.617981,1746102.0
2021-04-10,Binance,BTCUSDT,58142.55,61500.0,57900.01,59769.13,69906.424117,4197138552.4690337,2470398.0
2021-04-09,Binance,BTCUSDT,58077.52,58894.9,57654.0,58142.54,40831.884911,2378340697.289584,1615962.0
2021-04-08,Binance,BTCUSDT,55953.44,58153.31,55700.0,58077.52,44283.147019,2531779682.552427,1661080.0
2021-04-07,Binance,BTCUSDT,57990.03,58655.0,55473.0,55953.45,71228.405659,4053294016.4845147,2206433.0
2021-04-06,Binance,BTCUSDT,59129.99,59495.24,57413.02,57991.15,54201.000727,3166911557.1481576,1960513.0
2021-04-05,Binance,BTCUSDT,58202.01,59272.0,56777.77,59129.99,54258.01579,3155214764.164485,2035877.0
2021-04-04,Binance,BTCUSDT,57051.95,58492.85,56388.0,58202.01,41314.081973,2380139010.7302322,1499113.0
2021-04-03,Binance,BTCUSDT,58950.01,59791.72,56880.0,57051.94,47409.852113,2783151686.164537,1606805.0
2021-04-02,Binance,BTCUSDT,58720.45,60200.0,58428.57,58950.01,47382.418781,2811159761.2684674,1666356.0
2021-04-01,Binance,BTCUSDT,58739.46,59490.0,57935.45,58720.44,47415.61722,2789238879.943373,1594431.0
2021-03-31,Binance,BTCUSDT,58746.57,59800.0,56769.0,58740.55,60975.542666,3575976083.804576,1928224.0
2021-03-30,Binance,BTCUSDT,57635.46,59368.0,57071.35,58746.57,55122.443122,3221944107.4550304,1612744.0
2021-03-29,Binance,BTCUSDT,55777.65,58405.82,54800.01,57635.47,67857.937398,3877131109.734646,1983437.0
2021-03-28,Binance,BTCUSDT,55817.14,56559.75,54691.84,55777.63,39050.387511,2178777329.4452167,1551283.0
2021-03-27,Binance,BTCUSDT,55025.59,56700.36,53950.0,55817.14,50105.475055,2767070175.861931,1528776.0
2021-03-26,Binance,BTCUSDT,51293.78,55073.46,51214.6,55025.59,63813.774692,3397036140.751637,1773150.0
2021-03-25,Binance,BTCUSDT,52303.66,53287.0,50427.56,51293.78,87400.534538,4536327184.957861,2099425.0
2021-03-24,Binance,BTCUSDT,54342.8,57200.0,51700.0,52303.65,83537.465021,4583159614.046461,2401988.0
2021-03-23,Binance,BTCUSDT,54083.25,55830.9,53000.0,54340.89,59789.365427,3264650774.817461,1740349.0
2021-03-22,Binance,BTCUSDT,57351.56,58430.73,53650.0,54083.25,62581.626169,3527479514.3256526,1927345.0
2021-03-21,Binance,BTCUSDT,58100.02,58589.1,55450.11,57351.56,48564.470274,2774223129.62381,1773546.0
2021-03-20,Binance,BTCUSDT,58030.01,59880.0,57820.17,58102.28,44476.941776,2616535093.051585,1724131.0
2021-03-19,Binance,BTCUSDT,57641.0,59468.0,56270.74,58030.01,52392.652961,3052711147.9349246,1885830.0
2021-03-18,Binance,BTCUSDT,58912.97,60129.97,57023.0,57648.16,66580.406675,3900885761.2128057,2040947.0
2021-03-17,Binance,BTCUSDT,56900.74,58974.73,54123.69,58912.97,70421.620841,3960992972.1542916,2204296.0
2021-03-16,Binance,BTCUSDT,55605.2,56938.29,53271.34,56900.75,77986.694355,4304259207.645101,2241208.0
2021-03-15,Binance,BTCUSDT,58976.08,60633.43,54600.0,55605.2,102771.427298,5874241052.093372,2683815.0
2021-03-14,Binance,BTCUSDT,61188.38,61724.79,58966.78,58968.31,52601.05275,3176397573.8846426,1829769.0
2021-03-13,Binance,BTCUSDT,57221.72,61844.0,56078.23,61188.39,83245.091346,4933383453.245977,2559002.0
2021-03-12,Binance,BTCUSDT,57773.15,58081.51,54962.84,57221.72,73405.406047,4162054726.378839,2489931.0
2021-03-11,Binance,BTCUSDT,55851.59,58150.0,54272.82,57773.16,81914.812859,4612366201.00222,2509970.0
2021-03-10,Binance,BTCUSDT,54874.67,57387.69,53005.0,55851.59,84749.238943,4700197563.359213,2647284.0
2021-03-09,Binance,BTCUSDT,52375.18,54895.0,51789.41,54884.5,71656.737076,3861450964.6549044,2194398.0
2021-03-08,Binance,BTCUSDT,50959.11,52402.78,49274.67,52375.17,66987.359664,3400847931.036074,1999401.0
2021-03-07,Binance,BTCUSDT,48882.2,51450.03,48882.2,50971.75,55235.028032,2778875909.4491262,1758101.0
2021-03-06,Binance,BTCUSDT,48746.81,49200.0,47070.0,48882.2,44399.234242,2143910705.2915034,1476474.0
2021-03-05,Binance,BTCUSDT,48374.09,49448.93,46300.0,48751.71,78192.496372,3727133104.837311,2054216.0
2021-03-04,Binance,BTCUSDT,50349.37,51773.88,47500.0,48374.09,82649.716829,4079837240.8567615,2291936.0
2021-03-03,Binance,BTCUSDT,48436.61,52640.0,48100.71,50349.37,81035.913705,4109521257.5407,2242131.0
2021-03-02,Binance,BTCUSDT,49595.76,50200.0,47047.6,48440.65,64221.06214,3120472069.909453,1855583.0
2021-03-01,Binance,BTCUSDT,45134.11,49790.0,44950.53,49587.03,85086.111648,4057515794.865728,2147223.0
2021-02-28,Binance,BTCUSDT,46103.67,46638.46,43000.0,45135.66,83055.369042,3708359965.4545803,1838345.0
2021-02-27,Binance,BTCUSDT,46276.88,48394.0,45000.0,46106.43,66060.834292,3105897438.550972,1757720.0
2021-02-26,Binance,BTCUSDT,47073.73,48424.11,44106.78,46276.87,109423.200663,5086374532.734615,2371766.0
2021-02-25,Binance,BTCUSDT,49676.21,52041.73,46674.34,47073.73,83310.673121,4152188728.1416154,2305679.0
2021-02-24,Binance,BTCUSDT,48891.0,51374.99,46988.69,49676.2,91881.209252,4574033001.379536,2194532.0
2021-02-23,Binance,BTCUSDT,54087.67,54183.59,44892.56,48891.0,169375.025051,8215839131.243385,3825196.0
2021-02-22,Binance,BTCUSDT,57412.35,57508.47,47622.0,54087.67,134019.434944,7213386720.436797,3313083.0
2021-02-21,Binance,BTCUSDT,55841.19,58352.8,55477.59,57408.57,58166.708511,3317998263.3478885,1950533.0
2021-02-20,Binance,BTCUSDT,55906.0,57700.46,53863.93,55841.19,80948.205314,4551890859.8512745,2642846.0
2021-02-19,Binance,BTCUSDT,51552.61,56368.0,50710.2,55906.0,79659.77802,4251167827.6842465,2339215.0
2021-02-18,Binance,BTCUSDT,52117.67,52530.0,50901.9,51552.6,60758.046954,3149973077.4874654,1891592.0
2021-02-17,Binance,BTCUSDT,49133.45,52618.74,48947.0,52119.71,85743.637818,4365831514.815297,2514374.0
2021-02-16,Binance,BTCUSDT,47911.1,50689.18,47003.62,49133.45,88813.266298,4349983777.692368,2199849.0
2021-02-15,Binance,BTCUSDT,48580.47,49010.92,45570.79,47911.1,79398.156784,3782219060.664722,2313155.0
2021-02-14,Binance,BTCUSDT,47156.78,49707.43,47014.17,48577.79,73735.475533,3584808348.834733,2090070.0
2021-02-13,Binance,BTCUSDT,47298.15,48150.0,46202.53,47153.69,63768.097399,3007710147.41816,2058823.0
2021-02-12,Binance,BTCUSDT,47968.66,48985.8,46125.0,47287.6,85870.035697,4080571908.9676614,2418841.0
2021-02-11,Binance,BTCUSDT,44807.58,48678.9,43994.02,47969.51,89561.081454,4185630934.4108953,2570949.0
2021-02-10,Binance,BTCUSDT,46420.42,47310.0,43727.0,44807.58,97154.1822,4431650130.251104,2891592.0
2021-02-09,Binance,BTCUSDT,46374.86,48142.19,44961.09,46420.42,115499.861712,5386255398.017187,3119034.0
2021-02-08,Binance,BTCUSDT,38795.69,46794.45,37988.89,46374.87,138597.536914,5881536976.635699,3230961.0
2021-02-07,Binance,BTCUSDT,39181.01,39700.0,37351.0,38795.69,84363.679763,3256521384.2406106,1976357.0
2021-02-06,Binance,BTCUSDT,38289.32,40955.51,38215.94,39186.94,98757.311183,3922095148.92815,2291646.0
2021-02-05,Binance,BTCUSDT,36936.65,38310.12,36570.0,38290.24,66681.334275,2509278291.7515864,1853253.0
2021-02-04,Binance,BTCUSDT,37620.26,38708.27,36161.95,36936.66,92080.735898,3452669022.153292,2211866.0
2021-02-03,Binance,BTCUSDT,35472.71,37662.63,35362.38,37618.87,80784.333663,2951232788.1843047,1881740.0
2021-02-02,Binance,BTCUSDT,33517.09,35984.33,33418.0,35466.24,78056.65988,2716321896.3176084,1789672.0
2021-02-01,Binance,BTCUSDT,33092.97,34717.27,32296.16,33526.37,82718.276882,2791776658.0056057,1810492.0
2021-01-31,Binance,BTCUSDT,34262.89,34342.69,32171.67,33092.98,68742.280384,2289641045.7580123,1707064.0
2021-01-30,Binance,BTCUSDT,34246.28,34933.0,32825.0,34262.88,84889.68134,2884500062.938079,2201040.0
2021-01-29,Binance,BTCUSDT,33368.18,38531.9,31915.4,34252.2,231827.005626,8195593336.228466,4403349.0
2021-01-28,Binance,BTCUSDT,30362.19,33783.98,29842.1,33364.86,92621.145617,2953553214.065682,2060660.0
2021-01-27,Binance,BTCUSDT,32464.01,32557.29,29241.72,30366.15,95911.961711,2958081421.641559,2065953.0
2021-01-26,Binance,BTCUSDT,32254.19,32921.88,30837.37,32467.77,84972.20691,2708545364.494641,2010392.0
2021-01-25,Binance,BTCUSDT,32259.45,34875.0,31910.0,32254.2,88499.226921,2958759288.5635686,2106548.0
2021-01-24,Binance,BTCUSDT,32078.0,33071.0,30900.0,32259.9,57978.037966,1864609665.3657017,1528287.0
2021-01-23,Binance,BTCUSDT,32950.0,33456.0,31390.16,32078.0,64595.287675,2089098295.758437,1700056.0
2021-01-22,Binance,BTCUSDT,30851.99,33826.53,28850.0,32945.17,142971.684049,4483295872.022273,2707810.0
2021-01-21,Binance,BTCUSDT,35468.23,35600.0,30071.0,30850.13,131803.182926,4281220573.9354296,2820752.0
2021-01-20,Binance,BTCUSDT,35901.94,36415.31,33400.0,35468.23,89368.422918,3126721093.520776,2234539.0
2021-01-19,Binance,BTCUSDT,36622.46,37850.0,35844.06,35891.49,79611.307769,2935348499.344214,1939371.0
2021-01-18,Binance,BTCUSDT,35824.99,37469.83,34800.0,36631.27,70698.11875,2554843260.524399,1707766.0
2021-01-17,Binance,BTCUSDT,35994.98,36852.5,33850.0,35828.61,80157.727384,2843103040.240664,1860642.0
2021-01-16,Binance,BTCUSDT,36737.43,37950.0,35357.8,35994.98,86348.431508,3178840336.1492844,2066363.0
2021-01-15,Binance,BTCUSDT,39145.21,39747.76,34408.0,36742.22,118300.920916,4371588898.681637,2560801.0
2021-01-14,Binance,BTCUSDT,37371.38,40100.0,36701.23,39144.5,102950.389421,3974826638.1450887,2297466.0
2021-01-13,Binance,BTCUSDT,34049.15,37850.0,32380.0,37371.38,124477.914938,4322876606.419625,2514289.0
2021-01-12,Binance,BTCUSDT,35410.37,36628.0,32531.0,34051.24,133948.151996,4651302423.484116,2674145.0
2021-01-11,Binance,BTCUSDT,38150.02,38264.74,30420.0,35404.47,249131.539943,8426879770.740009,4431451.0
2021-01-10,Binance,BTCUSDT,40088.22,41350.0,35111.11,38150.02,118209.544503,4604034729.507071,2628050.0
2021-01-09,Binance,BTCUSDT,40586.96,41380.0,38720.0,40088.22,75785.979675,3054779029.1617765,1998156.0
2021-01-08,Binance,BTCUSDT,39432.48,41950.0,36500.0,40582.81,139789.957499,5568443208.731365,2925632.0
2021-01-07,Binance,BTCUSDT,36769.36,40365.0,36300.0,39432.28,132825.700437,5062569943.383372,2814686.0
2021-01-06,Binance,BTCUSDT,33949.53,36939.21,33288.0,36769.36,127139.20131,4431954248.519615,2591783.0
2021-01-05,Binance,BTCUSDT,31989.75,34360.0,29900.0,33949.53,116049.997038,3743617144.6469154,2526851.0
2021-01-04,Binance,BTCUSDT,33000.05,33600.0,28130.0,31988.71,140899.88569,4429010349.695345,2642408.0
2021-01-03,Binance,BTCUSDT,32176.45,34778.11,31962.99,33000.05,120957.56675,4057598425.492016,2369698.0
2021-01-02,Binance,BTCUSDT,29331.7,33300.0,28946.53,32178.33,129993.873362,4073842163.6715403,2245922.0
