Datetime,Exchange,Symbol_Pair,Open,High,Low,Close,Volume_in_ADA,Volume_USDT,Tradecount
2022-12-27,Binance,ADAUSDT,0.2653,0.2665,0.2563,0.2603,59557924.7,15564607.25909,36071.0
2022-12-26,Binance,ADAUSDT,0.259,0.2657,0.2576,0.2652,61775474.3,16140480.49747,35406.0
2022-12-25,Binance,ADAUSDT,0.2591,0.2599,0.2546,0.2591,46627019.2,12008927.16992,28303.0
2022-12-24,Binance,ADAUSDT,0.2594,0.2604,0.2566,0.2592,32054310.5,8287131.30108,22102.0
2022-12-23,Binance,ADAUSDT,0.2567,0.264,0.2554,0.2594,74119327.5,19200654.61869,46556.0
2022-12-22,Binance,ADAUSDT,0.2534,0.2569,0.2465,0.2566,78100191.4,19714944.87172,46739.0
2022-12-21,Binance,ADAUSDT,0.2586,0.2593,0.2478,0.2534,93178931.7,23527156.52491,57581.0
2022-12-20,Binance,ADAUSDT,0.2529,0.2621,0.2512,0.2587,79578969.4,20468913.647,53843.0
2022-12-19,Binance,ADAUSDT,0.266,0.2694,0.2488,0.2529,109679881.16,28451460.05123,73700.0
2022-12-18,Binance,ADAUSDT,0.2672,0.2713,0.2627,0.2659,90386512.2,24138629.78028,55328.0
2022-12-17,Binance,ADAUSDT,0.2633,0.2678,0.2587,0.2672,164203460.7,43257420.03598,120298.0
2022-12-16,Binance,ADAUSDT,0.3003,0.3013,0.255,0.2632,218355848.5,61106298.135023,176444.0
2022-12-15,Binance,ADAUSDT,0.308,0.3086,0.2962,0.3003,88292967.3,26642862.92079,64079.0
2022-12-14,Binance,ADAUSDT,0.3142,0.3157,0.3053,0.3079,91418405.6,28377028.14808,74395.0
2022-12-13,Binance,ADAUSDT,0.3069,0.3187,0.2991,0.3142,125438617.5,38715909.18072,98882.0
2022-12-12,Binance,ADAUSDT,0.3073,0.3079,0.3004,0.3069,59718587.9,18189907.8813,51594.0
2022-12-11,Binance,ADAUSDT,0.3126,0.315,0.3051,0.3074,38521495.3,11960293.98154,35310.0
2022-12-10,Binance,ADAUSDT,0.3119,0.315,0.3106,0.3126,23073305.7,7211506.52281,23782.0
2022-12-09,Binance,ADAUSDT,0.3144,0.3166,0.3088,0.3118,50246553.9,15725182.9416,47471.0
2022-12-07,Binance,ADAUSDT,0.3183,0.3199,0.3067,0.3102,80392338.0,25000761.50357,68326.0
2022-12-06,Binance,ADAUSDT,0.3193,0.3211,0.3135,0.3183,54889434.1,17402842.34351,59086.0
2022-12-05,Binance,ADAUSDT,0.3222,0.329,0.3163,0.3193,68934870.6,22271877.70034,67193.0
2022-12-04,Binance,ADAUSDT,0.3196,0.3241,0.3181,0.3221,58073868.4,18651173.88099,54498.0
2022-12-03,Binance,ADAUSDT,0.3192,0.3265,0.3162,0.3196,88483029.8,28444511.3298,75652.0
2022-12-02,Binance,ADAUSDT,0.3144,0.32,0.3106,0.3191,62310109.4,19680755.30877,68405.0
2022-12-01,Binance,ADAUSDT,0.3186,0.32,0.3125,0.3145,69894876.1,22092331.38627,66918.0
2022-11-30,Binance,ADAUSDT,0.3093,0.3209,0.3084,0.3187,103696273.3,32673410.81614,98864.0
2022-11-29,Binance,ADAUSDT,0.3066,0.3128,0.3042,0.3092,63045432.9,19488880.01456,60043.0
2022-11-28,Binance,ADAUSDT,0.3126,0.3139,0.3,0.3066,118919688.1,36327273.86126,101855.0
2022-11-27,Binance,ADAUSDT,0.3138,0.3196,0.3114,0.3126,50910598.2,16108318.83643,53498.0
2022-11-26,Binance,ADAUSDT,0.3147,0.3228,0.3109,0.3138,66377188.0,21086337.98002,67347.0
2022-11-25,Binance,ADAUSDT,0.3162,0.3173,0.3073,0.3146,81668650.3,25530440.73286,67451.0
2022-11-24,Binance,ADAUSDT,0.3185,0.3213,0.3116,0.3163,77452139.6,24485083.30959,71156.0
2022-11-23,Binance,ADAUSDT,0.3126,0.3204,0.3093,0.3185,130172804.6,41071372.01836,114714.0
2022-11-22,Binance,ADAUSDT,0.3046,0.3169,0.2982,0.3126,119265124.3,36734548.01708,119038.0
2022-11-21,Binance,ADAUSDT,0.312,0.3133,0.2953,0.3046,162743368.09,49635263.832341,158825.0
2022-11-20,Binance,ADAUSDT,0.328,0.3312,0.31,0.312,87909126.7,28100507.99389,98580.0
2022-11-19,Binance,ADAUSDT,0.326,0.3322,0.3213,0.328,49281576.1,16051787.43165,61811.0
2022-11-18,Binance,ADAUSDT,0.3251,0.3325,0.3206,0.326,80892957.7,26509239.61893,79339.0
2022-11-17,Binance,ADAUSDT,0.332,0.3345,0.3186,0.325,75533614.5,24578226.32022,86816.0
2022-11-16,Binance,ADAUSDT,0.3373,0.3443,0.3237,0.332,102897046.5,34283678.93925,109019.0
2022-11-15,Binance,ADAUSDT,0.3322,0.3449,0.3292,0.3373,103952732.7,35089708.27033,117802.0
2022-11-14,Binance,ADAUSDT,0.3299,0.3419,0.3142,0.3323,180688535.9,59145613.82235,229414.0
2022-11-13,Binance,ADAUSDT,0.3397,0.3453,0.3251,0.3298,146747692.7,49125239.85673,169130.0
2022-11-12,Binance,ADAUSDT,0.3557,0.3569,0.3362,0.3397,118816381.9,40857174.32607,135497.0
2022-11-11,Binance,ADAUSDT,0.3688,0.3741,0.342,0.3556,191115121.1,68232522.26415,240769.0
2022-11-10,Binance,ADAUSDT,0.3174,0.3793,0.3119,0.3687,361917813.6,127859718.47873,490420.0
2022-11-09,Binance,ADAUSDT,0.3721,0.3766,0.31,0.3175,397998672.0,139680206.32556,478567.0
2022-11-08,Binance,ADAUSDT,0.404,0.4156,0.3463,0.3722,379698137.7,145571726.14185,442925.0
2022-11-07,Binance,ADAUSDT,0.4021,0.4161,0.3975,0.4041,138637231.9,56358873.26129,144459.0
2022-11-06,Binance,ADAUSDT,0.4263,0.431,0.4014,0.4021,112501696.2,47162331.74329,131491.0
2022-11-05,Binance,ADAUSDT,0.4216,0.4378,0.42,0.4264,165672546.7,70942285.9697,174930.0
2022-11-04,Binance,ADAUSDT,0.3894,0.4263,0.3881,0.4216,233382097.9,96007453.6155,216798.0
2022-11-03,Binance,ADAUSDT,0.3856,0.3992,0.3842,0.3895,90983702.8,35806496.7473,100272.0
2022-11-02,Binance,ADAUSDT,0.4012,0.4093,0.38,0.3856,168322996.7,66511031.36371,177619.0
2022-11-01,Binance,ADAUSDT,0.4055,0.4154,0.3985,0.4011,88819285.6,36132384.3077,94595.0
2022-10-31,Binance,ADAUSDT,0.4057,0.4163,0.3975,0.4055,122659161.8,49795540.26494,132386.0
2022-10-30,Binance,ADAUSDT,0.4201,0.4216,0.3981,0.4056,117123022.0,48145501.28376,128298.0
2022-10-29,Binance,ADAUSDT,0.4044,0.44,0.4008,0.42,200912371.4,84004083.80894,209662.0
2022-10-28,Binance,ADAUSDT,0.3884,0.4115,0.3777,0.4044,139227634.2,54818936.08623,137492.0
2022-10-27,Binance,ADAUSDT,0.403,0.4194,0.3861,0.3884,170796279.1,68868223.54686,174202.0
2022-10-26,Binance,ADAUSDT,0.4001,0.4122,0.3945,0.403,197702684.6,79697606.0452,193617.0
2022-10-25,Binance,ADAUSDT,0.3572,0.4173,0.3569,0.4,319472649.0,125674457.88564,300765.0
2022-10-24,Binance,ADAUSDT,0.3621,0.3652,0.3533,0.3573,92438606.2,33254095.74412,74681.0
2022-10-23,Binance,ADAUSDT,0.3513,0.3638,0.346,0.3621,85104357.9,30126571.95587,71166.0
2022-10-22,Binance,ADAUSDT,0.3492,0.3544,0.343,0.3513,71962552.0,25145674.28437,58566.0
2022-10-21,Binance,ADAUSDT,0.3402,0.3499,0.33,0.3492,127159385.38,43236898.514784,97703.0
2022-10-20,Binance,ADAUSDT,0.3496,0.3557,0.3364,0.3402,111680559.0,38777486.86413,89027.0
2022-10-19,Binance,ADAUSDT,0.3624,0.3624,0.347,0.3497,92329214.7,32868771.34509,75085.0
2022-10-18,Binance,ADAUSDT,0.3724,0.3743,0.3569,0.3624,95363501.1,34914456.16932,79683.0
2022-10-17,Binance,ADAUSDT,0.3703,0.3758,0.366,0.3723,66215062.2,24553623.2531,56666.0
2022-10-16,Binance,ADAUSDT,0.3641,0.3749,0.3638,0.3703,61182203.2,22511636.86224,53629.0
2022-10-15,Binance,ADAUSDT,0.3667,0.37,0.3612,0.3641,62954187.6,23042598.66514,56049.0
2022-10-14,Binance,ADAUSDT,0.3769,0.389,0.3606,0.3667,135534544.8,51320624.20952,111634.0
2022-10-13,Binance,ADAUSDT,0.3814,0.3824,0.349,0.3768,269611367.28,99007956.02859,204294.0
2022-10-12,Binance,ADAUSDT,0.3907,0.3954,0.376,0.3814,100681651.0,39030321.52969,88106.0
2022-10-11,Binance,ADAUSDT,0.4011,0.4016,0.3837,0.3908,157186233.63,62076335.426205,132746.0
2022-10-10,Binance,ADAUSDT,0.423,0.4268,0.3982,0.4012,108015329.8,44710373.664072,102036.0
2022-10-09,Binance,ADAUSDT,0.4219,0.4242,0.419,0.423,50765905.1,21434773.50635,55189.0
2022-10-08,Binance,ADAUSDT,0.4239,0.4271,0.4188,0.4219,57044040.1,24194790.76935,61876.0
2022-10-07,Binance,ADAUSDT,0.4288,0.4304,0.4215,0.424,85765776.0,36466183.75028,76187.0
2022-10-06,Binance,ADAUSDT,0.4309,0.437,0.4255,0.4288,87385034.1,37708789.54476,73846.0
2022-10-05,Binance,ADAUSDT,0.4356,0.4367,0.4236,0.4309,86070134.7,37012701.03207,72720.0
2022-10-04,Binance,ADAUSDT,0.4276,0.4377,0.4253,0.4355,89193827.3,38559189.5385,73491.0
2022-10-03,Binance,ADAUSDT,0.4195,0.4288,0.4158,0.4276,97901531.3,41492690.08411,80871.0
2022-10-02,Binance,ADAUSDT,0.4301,0.4328,0.4176,0.4194,79897439.7,33983983.25115,75358.0
2022-10-01,Binance,ADAUSDT,0.4346,0.4364,0.4275,0.43,61750878.7,26665782.65754,51688.0
2022-09-30,Binance,ADAUSDT,0.4382,0.4415,0.4293,0.4347,120942156.5,52581142.20206,104996.0
2022-09-29,Binance,ADAUSDT,0.4362,0.4394,0.4277,0.4381,120381859.1,52239546.20642,104043.0
2022-09-28,Binance,ADAUSDT,0.4414,0.4431,0.4251,0.4361,126497310.3,54812532.98835,121485.0
2022-09-27,Binance,ADAUSDT,0.4473,0.4633,0.4373,0.4411,148327423.1,67019502.9612,138569.0
2022-09-26,Binance,ADAUSDT,0.4462,0.4507,0.4365,0.4473,125876450.8,55919382.66375,115519.0
2022-09-25,Binance,ADAUSDT,0.451,0.4628,0.4385,0.4464,112039917.9,50602220.32025,102352.0
2022-09-24,Binance,ADAUSDT,0.4619,0.4689,0.4504,0.4511,122469926.2,56445824.83188,127076.0
2022-09-23,Binance,ADAUSDT,0.4583,0.4825,0.446,0.4618,210001077.3,96724525.74195,231666.0
2022-09-22,Binance,ADAUSDT,0.4388,0.4666,0.4343,0.4584,155204297.3,70261926.87895,156812.0
2022-09-21,Binance,ADAUSDT,0.4423,0.4645,0.4313,0.4389,285433830.3,127818721.37836,283263.0
2022-09-20,Binance,ADAUSDT,0.4527,0.4545,0.4373,0.4422,107529839.9,47790848.64453,103395.0
2022-09-19,Binance,ADAUSDT,0.4477,0.457,0.4332,0.4527,182324362.8,80666453.53299,164372.0
2022-09-18,Binance,ADAUSDT,0.4859,0.4904,0.4403,0.4477,128727598.1,60081473.98981,158464.0
2022-09-17,Binance,ADAUSDT,0.4746,0.4883,0.4723,0.4859,100281140.5,48108806.27672,110117.0
2022-09-16,Binance,ADAUSDT,0.4662,0.4747,0.454,0.4746,102993446.9,47695896.31466,105894.0
2022-09-15,Binance,ADAUSDT,0.4807,0.482,0.4619,0.4662,131971420.4,62202501.32577,167604.0
2022-09-14,Binance,ADAUSDT,0.4635,0.4871,0.462,0.4809,139528796.3,66491294.4924,154898.0
2022-09-13,Binance,ADAUSDT,0.5013,0.509,0.4612,0.4635,232872260.6,112412238.59918,245788.0
2022-09-12,Binance,ADAUSDT,0.5098,0.5197,0.4958,0.5012,168685217.5,85772065.7669,181094.0
2022-09-11,Binance,ADAUSDT,0.5121,0.5199,0.5,0.5098,129240731.5,66100249.60976,140891.0
2022-09-10,Binance,ADAUSDT,0.5022,0.5242,0.4945,0.5121,194060696.5,99626007.79046,243238.0
2022-09-09,Binance,ADAUSDT,0.4791,0.505,0.4783,0.5022,179504511.2,88451502.7363,189194.0
2022-09-08,Binance,ADAUSDT,0.4787,0.4831,0.4627,0.479,113848178.5,53876187.84744,123035.0
2022-09-07,Binance,ADAUSDT,0.4625,0.4821,0.4536,0.4787,139305299.9,64906839.20856,147638.0
2022-09-06,Binance,ADAUSDT,0.4985,0.5122,0.4592,0.4625,233944338.0,114451828.27769,267081.0
2022-09-05,Binance,ADAUSDT,0.5035,0.5076,0.4826,0.4984,141753954.4,69731932.30549,159657.0
2022-09-04,Binance,ADAUSDT,0.4803,0.51,0.4756,0.5035,199924106.3,99202273.65332,214052.0
2022-09-03,Binance,ADAUSDT,0.4544,0.486,0.4535,0.4803,182225091.7,86357210.97233,198189.0
2022-09-02,Binance,ADAUSDT,0.4575,0.4665,0.4487,0.4543,106798749.5,48875892.80117,113867.0
2022-09-01,Binance,ADAUSDT,0.4461,0.4624,0.4407,0.4575,126696718.0,57008792.40598,136951.0
2022-08-31,Binance,ADAUSDT,0.4531,0.4631,0.4446,0.4462,115611898.1,52745269.16891,143809.0
2022-08-30,Binance,ADAUSDT,0.4503,0.4628,0.4385,0.4531,153120426.8,68971751.04596,158497.0
2022-08-29,Binance,ADAUSDT,0.4293,0.453,0.4236,0.4504,144932469.0,63485522.36355,128018.0
2022-08-28,Binance,ADAUSDT,0.4498,0.4544,0.4274,0.4293,131217761.8,58095473.22378,126151.0
2022-08-27,Binance,ADAUSDT,0.4315,0.4514,0.4258,0.4499,188501508.5,82887367.56263,167683.0
2022-08-26,Binance,ADAUSDT,0.4645,0.482,0.4257,0.4316,375988353.5,173588167.68118,326545.0
2022-08-25,Binance,ADAUSDT,0.4578,0.4741,0.4574,0.4645,119929958.0,55717466.58755,112831.0
2022-08-24,Binance,ADAUSDT,0.4659,0.4691,0.4536,0.4578,103361101.6,47594285.66466,108955.0
2022-08-23,Binance,ADAUSDT,0.4614,0.47,0.4457,0.4658,124261125.9,56977430.74636,130366.0
2022-08-22,Binance,ADAUSDT,0.4627,0.4632,0.4374,0.4615,189193918.6,85333908.79942,162911.0
2022-08-21,Binance,ADAUSDT,0.4508,0.4726,0.4468,0.4626,169047210.7,77737680.83962,148360.0
2022-08-20,Binance,ADAUSDT,0.4499,0.4632,0.4347,0.4508,211122393.3,95611356.93429,187026.0
2022-08-19,Binance,ADAUSDT,0.5119,0.5121,0.4461,0.45,328230521.1,155307737.89319,321047.0
2022-08-18,Binance,ADAUSDT,0.5384,0.5441,0.5075,0.5119,132313932.3,70289325.27204,152702.0
2022-08-17,Binance,ADAUSDT,0.5569,0.5834,0.5304,0.5384,234245028.0,129841944.08433,276728.0
2022-08-16,Binance,ADAUSDT,0.5499,0.5704,0.5475,0.557,146450653.2,81971962.43651,177475.0
2022-08-15,Binance,ADAUSDT,0.5695,0.5824,0.5427,0.5499,190761668.9,106781679.52693,216862.0
2022-08-14,Binance,ADAUSDT,0.5592,0.5948,0.5567,0.5695,236011611.2,136834261.4816,286026.0
2022-08-13,Binance,ADAUSDT,0.5403,0.5677,0.5378,0.5593,193063122.5,107428365.93251,235604.0
2022-08-12,Binance,ADAUSDT,0.5302,0.542,0.5205,0.5402,106913181.8,56798284.45327,120804.0
2022-08-11,Binance,ADAUSDT,0.5374,0.5476,0.5286,0.5303,155468308.4,83894273.25094,175859.0
2022-08-10,Binance,ADAUSDT,0.5128,0.5389,0.502,0.5374,168972340.2,88680355.87196,192209.0
2022-08-09,Binance,ADAUSDT,0.5371,0.5374,0.5057,0.5129,143030490.2,74616854.75601,153935.0
2022-08-08,Binance,ADAUSDT,0.5276,0.5496,0.523,0.5371,161524833.4,86914353.50489,180884.0
2022-08-07,Binance,ADAUSDT,0.5114,0.5385,0.5063,0.5276,111026235.8,58035923.63015,129702.0
2022-08-06,Binance,ADAUSDT,0.5174,0.5234,0.51,0.5112,78090180.3,40367066.54263,89111.0
2022-08-05,Binance,ADAUSDT,0.4998,0.5193,0.4993,0.5174,112189883.6,57290535.29879,134823.0
2022-08-04,Binance,ADAUSDT,0.5006,0.5112,0.4934,0.4997,102892954.2,51580016.92275,135059.0
2022-08-03,Binance,ADAUSDT,0.4963,0.5167,0.489,0.5005,124963960.7,63277801.14024,157109.0
2022-08-02,Binance,ADAUSDT,0.5125,0.5155,0.4886,0.4963,182796003.4,91142608.34405,214245.0
2022-08-01,Binance,ADAUSDT,0.5161,0.5262,0.5007,0.5124,158798003.7,81478272.91282,174209.0
2022-07-31,Binance,ADAUSDT,0.5263,0.5443,0.5125,0.5161,174783511.5,92491106.76508,199465.0
2022-07-30,Binance,ADAUSDT,0.5219,0.556,0.509,0.5263,271896568.2,144247588.63467,306837.0
2022-07-29,Binance,ADAUSDT,0.5131,0.5454,0.5064,0.5218,320668702.7,168837048.55654,391235.0
2022-07-28,Binance,ADAUSDT,0.5112,0.5242,0.4885,0.513,306444781.5,155541635.45628,319326.0
2022-07-27,Binance,ADAUSDT,0.4678,0.5122,0.4588,0.5111,290166822.0,140072070.82494,311114.0
2022-07-26,Binance,ADAUSDT,0.4752,0.4774,0.451,0.4677,213068947.5,98785176.07476,205216.0
2022-07-25,Binance,ADAUSDT,0.512,0.5154,0.4741,0.4752,200850290.9,98894494.41509,218306.0
2022-07-24,Binance,ADAUSDT,0.5171,0.5368,0.5095,0.512,233306136.5,121580637.36585,271496.0
2022-07-23,Binance,ADAUSDT,0.4827,0.5186,0.473,0.517,199660186.4,98131475.97387,207295.0
2022-07-22,Binance,ADAUSDT,0.4994,0.5114,0.477,0.4828,200329666.4,99432126.04535,196336.0
2022-07-21,Binance,ADAUSDT,0.491,0.5023,0.4756,0.4993,261898181.1,127916182.75465,247529.0
2022-07-20,Binance,ADAUSDT,0.5152,0.5487,0.4868,0.491,389779718.7,202518393.71977,408063.0
2022-07-19,Binance,ADAUSDT,0.4904,0.526,0.4733,0.5152,386358308.6,192345105.51031,391077.0
2022-07-18,Binance,ADAUSDT,0.4478,0.4998,0.4457,0.4904,383712607.4,184055804.57396,353973.0
2022-07-17,Binance,ADAUSDT,0.4578,0.466,0.4421,0.4478,153582187.8,69559410.06062,137153.0
2022-07-16,Binance,ADAUSDT,0.4421,0.4591,0.4316,0.4578,147996093.0,66098071.70082,132608.0
2022-07-15,Binance,ADAUSDT,0.4417,0.4536,0.4326,0.4421,187707381.7,82956659.08532,149271.0
2022-07-14,Binance,ADAUSDT,0.4383,0.4465,0.417,0.4416,208166850.3,89817605.08748,161281.0
2022-07-13,Binance,ADAUSDT,0.4171,0.4422,0.4023,0.4383,265120837.4,111631781.47776,219814.0
2022-07-12,Binance,ADAUSDT,0.4347,0.4425,0.4156,0.4171,139595801.6,60188310.95787,132808.0
2022-07-11,Binance,ADAUSDT,0.4625,0.4628,0.4316,0.4347,162045832.1,72500824.71716,165486.0
2022-07-10,Binance,ADAUSDT,0.4781,0.4798,0.4552,0.4624,115262368.1,53751291.74261,109497.0
2022-07-09,Binance,ADAUSDT,0.4661,0.4849,0.4653,0.478,100774030.7,48163760.13868,116114.0
2022-07-08,Binance,ADAUSDT,0.4775,0.493,0.46,0.4661,170807637.3,80808813.22228,180769.0
2022-07-07,Binance,ADAUSDT,0.4623,0.4827,0.4609,0.4776,142206515.1,66929708.46981,131996.0
2022-07-06,Binance,ADAUSDT,0.4571,0.4656,0.447,0.4623,139221841.0,63728969.98517,126851.0
2022-07-05,Binance,ADAUSDT,0.4695,0.4717,0.4447,0.4571,171538047.7,78479359.61598,159310.0
2022-07-04,Binance,ADAUSDT,0.456,0.4765,0.4445,0.4695,196991430.2,90547253.01091,184438.0
2022-07-03,Binance,ADAUSDT,0.4558,0.46,0.4436,0.4561,90832805.9,41041921.16475,92146.0
2022-07-02,Binance,ADAUSDT,0.4487,0.4617,0.4408,0.4559,109165380.7,49191448.48722,103433.0
2022-07-01,Binance,ADAUSDT,0.4599,0.475,0.4427,0.4487,182788187.1,83081567.6807,182713.0
2022-06-30,Binance,ADAUSDT,0.4662,0.4677,0.4352,0.4599,212174584.9,95075676.72616,216004.0
2022-06-29,Binance,ADAUSDT,0.4693,0.4772,0.4588,0.4662,166130162.2,77773512.88053,171783.0
2022-06-28,Binance,ADAUSDT,0.4855,0.4975,0.4671,0.4694,163559982.8,78948406.06234,186022.0
2022-06-27,Binance,ADAUSDT,0.4899,0.5088,0.4756,0.4856,157303921.4,77606254.36506,179939.0
2022-06-26,Binance,ADAUSDT,0.4985,0.526,0.4885,0.4899,211856675.9,107772457.29959,249977.0
2022-06-25,Binance,ADAUSDT,0.4982,0.5078,0.4783,0.4984,142417111.7,70381037.05771,168307.0
2022-06-24,Binance,ADAUSDT,0.48,0.5097,0.4762,0.4981,241562561.8,119934896.12403,274333.0
2022-06-23,Binance,ADAUSDT,0.4594,0.4831,0.4563,0.48,160787911.2,75878540.6978,175347.0
2022-06-22,Binance,ADAUSDT,0.4813,0.4815,0.4559,0.4594,203592970.7,95339778.91015,235107.0
2022-06-21,Binance,ADAUSDT,0.4915,0.5114,0.4751,0.4813,269304587.0,133582879.8169,336782.0
2022-06-20,Binance,ADAUSDT,0.4849,0.5088,0.4613,0.4915,309797825.1,150592838.51178,373869.0
2022-06-19,Binance,ADAUSDT,0.4548,0.49,0.4359,0.4848,304390171.7,140851798.29959,352806.0
2022-06-18,Binance,ADAUSDT,0.4871,0.4953,0.4206,0.4549,383466178.7,174806284.46655,434016.0
2022-06-17,Binance,ADAUSDT,0.4762,0.504,0.4717,0.4872,221261441.4,108323356.32765,268808.0
2022-06-16,Binance,ADAUSDT,0.5347,0.5472,0.4673,0.4762,360176076.1,180247004.87872,447662.0
2022-06-15,Binance,ADAUSDT,0.4831,0.5393,0.4483,0.5348,628287744.0,303575079.58861,794143.0
2022-06-14,Binance,ADAUSDT,0.4642,0.52,0.4369,0.4831,609069303.4,294811430.56791,744052.0
2022-06-13,Binance,ADAUSDT,0.4904,0.4985,0.4366,0.4644,761583537.4,352962846.74877,852871.0
2022-06-12,Binance,ADAUSDT,0.5541,0.561,0.4893,0.4904,397530507.9,206803633.39901,469363.0
2022-06-11,Binance,ADAUSDT,0.5744,0.6175,0.543,0.554,300758115.7,172700700.1128,374455.0
2022-06-10,Binance,ADAUSDT,0.6323,0.6361,0.57,0.5744,272263844.1,162542356.57568,358386.0
2022-06-09,Binance,ADAUSDT,0.6407,0.6579,0.6258,0.6323,192310885.5,123401495.81414,282642.0
2022-06-08,Binance,ADAUSDT,0.614,0.6696,0.6087,0.6408,394267374.7,253883949.48087,581779.0
2022-06-07,Binance,ADAUSDT,0.6091,0.645,0.5715,0.6141,338812294.7,205352604.40458,471354.0
2022-06-06,Binance,ADAUSDT,0.5675,0.6472,0.5651,0.6091,341502376.8,210111671.92015,453386.0
2022-06-05,Binance,ADAUSDT,0.5666,0.5808,0.5538,0.5674,95277593.6,54027559.10099,126913.0
2022-06-04,Binance,ADAUSDT,0.56,0.5718,0.5449,0.5665,108779268.9,60846034.84104,166996.0
2022-06-03,Binance,ADAUSDT,0.5872,0.6055,0.539,0.56,206257910.9,116992848.81495,300561.0
2022-06-02,Binance,ADAUSDT,0.5517,0.5981,0.5487,0.5871,306125734.2,175597999.00685,410361.0
2022-06-01,Binance,ADAUSDT,0.6266,0.6314,0.5359,0.5516,355477399.6,207077770.67488,455720.0
2022-05-31,Binance,ADAUSDT,0.5698,0.6893,0.5678,0.6268,663619489.7,419357527.62486,1006434.0
2022-05-30,Binance,ADAUSDT,0.4819,0.5777,0.4772,0.5698,259278313.4,137534136.01408,322644.0
2022-05-29,Binance,ADAUSDT,0.4646,0.4827,0.4559,0.482,88626528.9,41608754.06332,97923.0
2022-05-28,Binance,ADAUSDT,0.4566,0.4693,0.4481,0.4646,105935970.4,48699017.69142,111150.0
2022-05-27,Binance,ADAUSDT,0.4788,0.4839,0.4454,0.4566,268406015.6,123982040.01051,278146.0
2022-05-26,Binance,ADAUSDT,0.5145,0.521,0.4614,0.4789,243664954.1,119303698.33202,255129.0
2022-05-25,Binance,ADAUSDT,0.5218,0.5328,0.5071,0.5146,133554250.3,69046651.59821,145961.0
2022-05-24,Binance,ADAUSDT,0.5133,0.5255,0.4927,0.5219,170905795.6,87550942.7627,177961.0
2022-05-23,Binance,ADAUSDT,0.5416,0.5595,0.5039,0.5134,189427959.8,101951558.22317,271571.0
2022-05-22,Binance,ADAUSDT,0.5286,0.5488,0.5219,0.5416,104514258.8,56137371.78749,149250.0
2022-05-21,Binance,ADAUSDT,0.5162,0.5388,0.5086,0.5286,85487336.0,45014383.53085,134493.0
2022-05-20,Binance,ADAUSDT,0.5334,0.545,0.5012,0.5162,174293262.6,91285754.18405,258211.0
2022-05-19,Binance,ADAUSDT,0.5059,0.5467,0.4917,0.5334,205816006.7,107511001.865,310518.0
2022-05-18,Binance,ADAUSDT,0.5776,0.5863,0.5026,0.5059,203077123.9,109204097.70007,325319.0
2022-05-17,Binance,ADAUSDT,0.5569,0.5999,0.5511,0.5778,178084619.6,102370872.2906,315535.0
2022-05-16,Binance,ADAUSDT,0.5982,0.6146,0.5444,0.5569,280903516.1,159793334.64289,465282.0
2022-05-15,Binance,ADAUSDT,0.5374,0.5999,0.5148,0.5981,195264575.4,108585670.20941,327792.0
2022-05-14,Binance,ADAUSDT,0.5289,0.5572,0.4888,0.5372,253441055.6,132311337.3741,422322.0
2022-05-13,Binance,ADAUSDT,0.4733,0.6094,0.4689,0.529,458070252.8,253922648.53897,695710.0
2022-05-12,Binance,ADAUSDT,0.5186,0.5508,0.4019,0.4733,815465798.46,375840228.055986,1165637.0
2022-05-11,Binance,ADAUSDT,0.6286,0.6631,0.4727,0.5187,623456066.51,361445760.60107505,1045207.0
2022-05-10,Binance,ADAUSDT,0.6025,0.701,0.5833,0.6286,436850308.6,283217801.10111,751497.0
2022-05-09,Binance,ADAUSDT,0.7404,0.7542,0.5976,0.6019,472342566.94,315923785.342392,741784.0
2022-05-08,Binance,ADAUSDT,0.7605,0.7663,0.7254,0.7403,175139530.39,130209850.910652,236153.0
2022-05-07,Binance,ADAUSDT,0.7832,0.7858,0.7467,0.7604,126808896.0,97951871.70325,173806.0
2022-05-06,Binance,ADAUSDT,0.7884,0.7997,0.7625,0.7832,244058670.2,191381224.54187,367204.0
2022-05-05,Binance,ADAUSDT,0.8986,0.9058,0.7716,0.7884,364970629.3,304513975.74832,574367.0
2022-05-04,Binance,ADAUSDT,0.7712,0.8992,0.7677,0.8985,256649760.0,213655126.17362,413280.0
2022-05-03,Binance,ADAUSDT,0.7808,0.7994,0.7605,0.7711,96429722.5,75410127.88362,144918.0
2022-05-02,Binance,ADAUSDT,0.7894,0.7968,0.7636,0.7809,128907016.8,100687424.37431,191863.0
2022-05-01,Binance,ADAUSDT,0.7555,0.8002,0.7451,0.7895,137793227.3,106582681.5401,207348.0
2022-04-30,Binance,ADAUSDT,0.805,0.8179,0.7351,0.7556,147364161.34,115290631.74037,209037.0
2022-04-29,Binance,ADAUSDT,0.8432,0.8495,0.7891,0.8048,139320128.3,113905864.56138,193102.0
2022-04-28,Binance,ADAUSDT,0.8401,0.8526,0.8258,0.8432,134885232.9,113478674.58921,189397.0
2022-04-27,Binance,ADAUSDT,0.8258,0.8562,0.8187,0.8401,148780516.9,124685106.18968,234750.0
2022-04-26,Binance,ADAUSDT,0.8975,0.903,0.815,0.8259,176710067.0,151087067.46235,273090.0
2022-04-25,Binance,ADAUSDT,0.885,0.9039,0.8261,0.8974,171944524.5,148027393.73861,277318.0
2022-04-24,Binance,ADAUSDT,0.886,0.899,0.877,0.886,49191017.0,43699800.4742,70622.0
2022-04-23,Binance,ADAUSDT,0.906,0.913,0.881,0.886,34559067.5,30978218.3297,56634.0
2022-04-22,Binance,ADAUSDT,0.91,0.924,0.891,0.906,82391016.7,74969570.3452,96782.0
2022-04-21,Binance,ADAUSDT,0.937,0.971,0.891,0.91,105007978.4,98683813.6459,150741.0
2022-04-20,Binance,ADAUSDT,0.952,0.976,0.93,0.937,93644303.6,89151003.9477,125231.0
2022-04-19,Binance,ADAUSDT,0.936,0.957,0.927,0.952,75432689.7,70879191.9439,95583.0
2022-04-18,Binance,ADAUSDT,0.914,0.939,0.874,0.937,118870539.6,107348406.1814,157240.0
2022-04-17,Binance,ADAUSDT,0.95,0.963,0.912,0.914,42819442.0,40310611.7353,68140.0
2022-04-16,Binance,ADAUSDT,0.955,0.962,0.937,0.951,36809858.4,34998947.7004,55559.0
2022-04-15,Binance,ADAUSDT,0.933,0.959,0.929,0.956,42541809.7,40346404.5214,64036.0
2022-04-14,Binance,ADAUSDT,0.974,0.985,0.923,0.933,84093379.2,80111053.2067,118462.0
2022-04-13,Binance,ADAUSDT,0.954,0.981,0.934,0.974,83269578.6,79890065.9798,112129.0
2022-04-12,Binance,ADAUSDT,0.919,0.982,0.915,0.955,115179052.5,109425977.488,167562.0
2022-04-11,Binance,ADAUSDT,1.026,1.033,0.917,0.92,159034131.6,154099625.6197,236922.0
2022-04-10,Binance,ADAUSDT,1.044,1.07,1.023,1.027,51995282.7,54357960.7317,92974.0
2022-04-09,Binance,ADAUSDT,1.025,1.047,1.021,1.045,49693999.1,51363885.971,77809.0
2022-04-08,Binance,ADAUSDT,1.089,1.1,1.019,1.024,88048109.3,93952128.1717,143736.0
2022-04-07,Binance,ADAUSDT,1.052,1.101,1.038,1.089,99287570.5,106736899.8868,173322.0
2022-04-06,Binance,ADAUSDT,1.17,1.173,1.047,1.052,206766772.7,229948472.4843,353472.0
2022-04-05,Binance,ADAUSDT,1.212,1.219,1.163,1.171,108831679.5,130155835.1592,204197.0
2022-04-04,Binance,ADAUSDT,1.186,1.245,1.16,1.212,253235570.3,304882047.6727,472893.0
2022-04-03,Binance,ADAUSDT,1.156,1.2,1.142,1.186,78660058.3,92317779.5635,149109.0
2022-04-02,Binance,ADAUSDT,1.165,1.195,1.145,1.155,107106263.9,125668411.1632,204659.0
2022-04-01,Binance,ADAUSDT,1.141,1.175,1.104,1.165,191221298.9,218746166.9028,274430.0
2022-03-31,Binance,ADAUSDT,1.189,1.228,1.133,1.141,177164788.1,209017789.907,307148.0
2022-03-30,Binance,ADAUSDT,1.191,1.218,1.161,1.189,146032640.3,173764772.7865,233353.0
2022-03-29,Binance,ADAUSDT,1.17,1.243,1.166,1.191,180298618.0,217154215.415,341275.0
2022-03-28,Binance,ADAUSDT,1.184,1.246,1.157,1.17,261105698.6,313807434.4856,517027.0
2022-03-27,Binance,ADAUSDT,1.152,1.186,1.104,1.184,135043361.8,154469498.2835,261245.0
2022-03-26,Binance,ADAUSDT,1.096,1.16,1.079,1.152,143117986.1,161024339.18,271206.0
2022-03-25,Binance,ADAUSDT,1.13,1.167,1.072,1.096,290456883.7,324802638.2671,506738.0
2022-03-24,Binance,ADAUSDT,1.108,1.19,1.076,1.131,390982460.0,445651286.5284,702338.0
2022-03-23,Binance,ADAUSDT,0.975,1.11,0.957,1.108,362447245.1,376836453.7238,645078.0
2022-03-22,Binance,ADAUSDT,0.917,0.988,0.907,0.975,172058469.4,164577626.0288,280866.0
2022-03-21,Binance,ADAUSDT,0.879,0.93,0.863,0.917,115815047.2,104344596.3265,198250.0
2022-03-20,Binance,ADAUSDT,0.902,0.916,0.864,0.879,93008770.9,82605912.6887,155886.0
2022-03-19,Binance,ADAUSDT,0.851,0.916,0.85,0.903,114266368.8,101043393.8596,196393.0
2022-03-18,Binance,ADAUSDT,0.835,0.86,0.82,0.851,82865732.3,69473720.7252,105638.0
2022-03-17,Binance,ADAUSDT,0.839,0.858,0.827,0.835,106462948.2,89780881.3519,129730.0
2022-03-16,Binance,ADAUSDT,0.8,0.84,0.792,0.838,160796978.5,130862784.2482,189728.0
2022-03-15,Binance,ADAUSDT,0.803,0.817,0.781,0.8,95462205.5,76242142.1216,110291.0
2022-03-14,Binance,ADAUSDT,0.787,0.816,0.776,0.802,104141955.4,83119494.6767,120976.0
2022-03-13,Binance,ADAUSDT,0.789,0.821,0.78,0.786,88733691.2,70913375.733,103707.0
2022-03-12,Binance,ADAUSDT,0.788,0.802,0.786,0.789,50466434.4,40094234.3481,58866.0
2022-03-11,Binance,ADAUSDT,0.806,0.819,0.782,0.788,101514757.7,80994331.7712,108396.0
2022-03-10,Binance,ADAUSDT,0.849,0.854,0.785,0.807,115081098.3,93120654.8534,129266.0
2022-03-09,Binance,ADAUSDT,0.802,0.863,0.799,0.849,114971836.5,96603126.3741,143262.0
2022-03-08,Binance,ADAUSDT,0.793,0.821,0.787,0.802,124187499.5,99745823.8482,134552.0
2022-03-07,Binance,ADAUSDT,0.822,0.847,0.777,0.793,132873670.6,108036356.9915,159877.0
2022-03-06,Binance,ADAUSDT,0.865,0.872,0.819,0.823,76546559.4,64450087.9814,105508.0
2022-03-05,Binance,ADAUSDT,0.844,0.883,0.818,0.864,78739554.5,67279606.7473,117390.0
2022-03-04,Binance,ADAUSDT,0.902,0.903,0.826,0.844,147015719.3,127682736.9868,193685.0
2022-03-03,Binance,ADAUSDT,0.938,0.946,0.883,0.903,114772747.9,104789950.5144,155893.0
2022-03-02,Binance,ADAUSDT,0.964,0.977,0.927,0.939,149491898.8,142500770.6719,226130.0
2022-03-01,Binance,ADAUSDT,0.962,1.011,0.939,0.963,234764266.6,227552504.5608,333114.0
2022-02-28,Binance,ADAUSDT,0.857,0.97,0.842,0.962,227929558.7,206628176.2753,326839.0
2022-02-27,Binance,ADAUSDT,0.886,0.915,0.832,0.856,162004634.9,141268322.6367,205762.0
2022-02-26,Binance,ADAUSDT,0.898,0.93,0.881,0.887,142052119.7,128478270.2374,180449.0
2022-02-25,Binance,ADAUSDT,0.852,0.91,0.823,0.898,210840757.4,182133681.2225,277084.0
2022-02-24,Binance,ADAUSDT,0.866,0.899,0.746,0.853,560130978.58,450115675.74159104,622428.0
2022-02-23,Binance,ADAUSDT,0.888,0.96,0.863,0.866,237719675.9,217317574.2134,293901.0
2022-02-22,Binance,ADAUSDT,0.856,0.897,0.813,0.888,264842040.57,226538695.654874,305066.0
2022-02-21,Binance,ADAUSDT,0.931,0.993,0.851,0.856,283488504.31,262678267.439046,359675.0
2022-02-20,Binance,ADAUSDT,0.997,0.998,0.919,0.931,156774619.1,148159415.5595,209970.0
2022-02-19,Binance,ADAUSDT,0.996,1.019,0.973,0.996,92102940.7,91691271.9142,143588.0
2022-02-18,Binance,ADAUSDT,1.019,1.043,0.983,0.995,133614248.4,135340040.6369,197322.0
2022-02-17,Binance,ADAUSDT,1.083,1.094,1.008,1.02,114535761.9,120519433.2696,193074.0
2022-02-16,Binance,ADAUSDT,1.108,1.112,1.066,1.082,100925929.7,109865510.988,165005.0
2022-02-15,Binance,ADAUSDT,1.05,1.115,1.049,1.107,153934616.3,167359595.1925,217645.0
2022-02-14,Binance,ADAUSDT,1.043,1.055,1.018,1.049,138982742.3,144076429.1332,179063.0
2022-02-13,Binance,ADAUSDT,1.058,1.076,1.032,1.042,99247994.0,104644114.8535,151375.0
2022-02-12,Binance,ADAUSDT,1.079,1.092,1.029,1.059,149173437.2,158161972.9925,234429.0
2022-02-11,Binance,ADAUSDT,1.15,1.164,1.068,1.079,131818725.2,149139853.8464,247139.0
2022-02-10,Binance,ADAUSDT,1.194,1.225,1.143,1.15,183604520.1,217359334.4566,359090.0
2022-02-09,Binance,ADAUSDT,1.176,1.215,1.152,1.195,137109784.2,163081276.5901,245675.0
2022-02-08,Binance,ADAUSDT,1.198,1.263,1.133,1.176,271657090.8,325233753.4543,532963.0
2022-02-07,Binance,ADAUSDT,1.142,1.209,1.125,1.199,267801841.6,316342987.6477,508239.0
2022-02-06,Binance,ADAUSDT,1.125,1.15,1.097,1.143,107099317.0,120397073.3413,221871.0
2022-02-05,Binance,ADAUSDT,1.138,1.178,1.097,1.125,152710784.3,174120235.9621,348245.0
2022-02-04,Binance,ADAUSDT,1.061,1.139,1.045,1.138,135205051.6,146202131.6345,270244.0
2022-02-03,Binance,ADAUSDT,1.027,1.062,1.016,1.061,98542208.5,102202422.3626,175684.0
2022-02-02,Binance,ADAUSDT,1.096,1.103,1.022,1.027,126857788.7,134518230.4735,259307.0
2022-02-01,Binance,ADAUSDT,1.052,1.096,1.034,1.096,124526330.3,132239499.0162,235302.0
2022-01-31,Binance,ADAUSDT,1.035,1.06,1.006,1.051,101218950.1,104454406.4958,192580.0
2022-01-30,Binance,ADAUSDT,1.059,1.077,1.024,1.035,72352160.1,76033766.3812,155872.0
2022-01-29,Binance,ADAUSDT,1.049,1.084,1.037,1.059,89531278.4,94893530.2124,194659.0
2022-01-28,Binance,ADAUSDT,1.042,1.059,1.008,1.048,137690073.1,142445944.6639,257649.0
2022-01-27,Binance,ADAUSDT,1.078,1.08,1.004,1.042,184762461.8,192138287.9321,348731.0
2022-01-26,Binance,ADAUSDT,1.043,1.157,1.022,1.077,336503954.9,366773055.236,654579.0
2022-01-25,Binance,ADAUSDT,1.066,1.074,0.991,1.043,218828333.3,226342639.2071,394458.0
2022-01-24,Binance,ADAUSDT,1.124,1.125,0.951,1.065,437410320.0,447077366.5655,775867.0
2022-01-23,Binance,ADAUSDT,1.071,1.17,1.051,1.124,257147931.5,283676579.4982,487710.0
2022-01-22,Binance,ADAUSDT,1.12,1.155,0.917,1.071,554287709.12,587006937.36549,1068717.0
2022-01-21,Binance,ADAUSDT,1.259,1.282,1.101,1.12,408519522.4,489294165.1309,780053.0
2022-01-20,Binance,ADAUSDT,1.336,1.427,1.251,1.259,261063307.3,352149336.0505,566966.0
2022-01-19,Binance,ADAUSDT,1.458,1.534,1.326,1.337,329948716.4,466337970.5622,762741.0
2022-01-18,Binance,ADAUSDT,1.602,1.638,1.411,1.458,455949108.3,689115056.2762,1169456.0
2022-01-17,Binance,ADAUSDT,1.411,1.607,1.386,1.603,545675409.1,823631436.9341,1530274.0
2022-01-16,Binance,ADAUSDT,1.292,1.422,1.286,1.41,247977037.4,342364572.2918,615823.0
2022-01-15,Binance,ADAUSDT,1.293,1.319,1.251,1.291,80421836.4,103117575.3177,191252.0
2022-01-14,Binance,ADAUSDT,1.232,1.309,1.22,1.292,143281596.5,181243812.4815,331155.0
2022-01-13,Binance,ADAUSDT,1.312,1.354,1.227,1.233,179029543.6,230246441.4797,426125.0
2022-01-12,Binance,ADAUSDT,1.188,1.314,1.186,1.312,145608592.7,182190437.0444,341312.0
2022-01-11,Binance,ADAUSDT,1.123,1.196,1.122,1.187,115267098.7,133792540.3938,241607.0
2022-01-10,Binance,ADAUSDT,1.17,1.181,1.069,1.123,189250644.14,212884357.749318,360425.0
2022-01-09,Binance,ADAUSDT,1.182,1.206,1.147,1.17,114093699.4,134353467.7772,231040.0
2022-01-08,Binance,ADAUSDT,1.209,1.254,1.124,1.181,169730473.68,201840755.440639,359202.0
2022-01-07,Binance,ADAUSDT,1.279,1.285,1.189,1.21,209806013.2,256808689.2376,412091.0
2022-01-06,Binance,ADAUSDT,1.23,1.297,1.186,1.28,175754407.6,216590054.1071,361052.0
2022-01-05,Binance,ADAUSDT,1.31,1.353,1.193,1.23,158740088.2,203778648.559,365590.0
2022-01-04,Binance,ADAUSDT,1.319,1.352,1.295,1.309,94479305.9,124982226.7397,216349.0
2022-01-03,Binance,ADAUSDT,1.378,1.378,1.31,1.319,87155825.9,117269967.5736,191931.0
2022-01-02,Binance,ADAUSDT,1.379,1.391,1.342,1.377,81011860.4,110645055.5902,175248.0
2022-01-01,Binance,ADAUSDT,1.308,1.38,1.306,1.38,69007607.5,92211737.9666,159578.0
2021-12-31,Binance,ADAUSDT,1.359,1.383,1.281,1.308,120612337.3,161322991.5909,246500.0
2021-12-30,Binance,ADAUSDT,1.333,1.378,1.297,1.359,134171567.8,179821991.0688,262385.0
2021-12-29,Binance,ADAUSDT,1.4,1.438,1.323,1.332,151404808.3,209084760.1348,331818.0
2021-12-28,Binance,ADAUSDT,1.516,1.54,1.376,1.4,233458767.4,341026716.3522,532040.0
2021-12-27,Binance,ADAUSDT,1.455,1.594,1.45,1.516,181366355.6,279174436.6345,530865.0
2021-12-26,Binance,ADAUSDT,1.453,1.467,1.407,1.455,103769249.9,149590055.6023,237124.0
2021-12-25,Binance,ADAUSDT,1.393,1.46,1.381,1.452,87587873.9,125105131.845,208614.0
2021-12-24,Binance,ADAUSDT,1.475,1.491,1.381,1.392,126334018.1,182002763.6294,333889.0
2021-12-23,Binance,ADAUSDT,1.327,1.49,1.307,1.475,216795659.8,302005401.1816,554345.0
2021-12-22,Binance,ADAUSDT,1.279,1.369,1.276,1.327,161174698.1,214216796.0149,356337.0
2021-12-21,Binance,ADAUSDT,1.238,1.289,1.227,1.28,122949048.2,155011267.2872,237941.0
2021-12-20,Binance,ADAUSDT,1.244,1.261,1.201,1.237,123106967.7,151201012.0223,232072.0
2021-12-19,Binance,ADAUSDT,1.242,1.312,1.24,1.243,124074683.5,158128089.4293,257155.0
2021-12-18,Binance,ADAUSDT,1.218,1.267,1.2,1.242,81211094.1,100498679.7541,176212.0
2021-12-17,Binance,ADAUSDT,1.24,1.259,1.182,1.218,138092226.1,169578075.701886,278956.0
2021-12-16,Binance,ADAUSDT,1.311,1.331,1.236,1.24,117662885.3,152038613.1565,254665.0
2021-12-15,Binance,ADAUSDT,1.267,1.331,1.204,1.311,170247496.3,215469290.4439,347648.0
2021-12-14,Binance,ADAUSDT,1.223,1.284,1.198,1.266,175476318.0,217012813.0833,316738.0
2021-12-13,Binance,ADAUSDT,1.345,1.357,1.2,1.223,184388318.4,233475572.5924,338147.0
2021-12-12,Binance,ADAUSDT,1.354,1.415,1.319,1.346,149463677.1,202797177.2411,342775.0
2021-12-11,Binance,ADAUSDT,1.211,1.362,1.192,1.354,179118114.1,227800859.7492,316145.0
2021-12-10,Binance,ADAUSDT,1.288,1.334,1.207,1.211,192968833.1,247506337.1061,296381.0
2021-12-09,Binance,ADAUSDT,1.396,1.409,1.287,1.289,174568058.8,234779220.648,302960.0
2021-12-08,Binance,ADAUSDT,1.378,1.423,1.337,1.396,187594478.2,259126348.0926,325543.0
2021-12-07,Binance,ADAUSDT,1.42,1.479,1.365,1.378,229514365.2,328780032.0144,387655.0
2021-12-06,Binance,ADAUSDT,1.378,1.442,1.255,1.42,338310628.7,449825835.1286,492514.0
2021-12-05,Binance,ADAUSDT,1.419,1.435,1.284,1.378,270618794.7,367704497.1549,447908.0
2021-12-04,Binance,ADAUSDT,1.557,1.558,1.188,1.42,612957918.54,831776860.445718,1107859.0
2021-12-03,Binance,ADAUSDT,1.72,1.729,1.509,1.556,276255974.6,447174235.09,629620.0
2021-12-02,Binance,ADAUSDT,1.547,1.76,1.517,1.719,441382037.0,740760247.4082,1044013.0
2021-12-01,Binance,ADAUSDT,1.553,1.622,1.531,1.548,157458493.8,248792675.8981,343884.0
2021-11-30,Binance,ADAUSDT,1.602,1.629,1.544,1.554,185671961.6,293671151.1843,399379.0
2021-11-29,Binance,ADAUSDT,1.595,1.636,1.557,1.601,153848484.7,245164685.076,336923.0
2021-11-28,Binance,ADAUSDT,1.543,1.6,1.416,1.594,228010819.22,343379596.042891,417724.0
2021-11-27,Binance,ADAUSDT,1.532,1.585,1.531,1.543,107756518.0,168004728.6763,238962.0
2021-11-26,Binance,ADAUSDT,1.676,1.685,1.495,1.533,337429397.07,527707771.80384094,654915.0
2021-11-25,Binance,ADAUSDT,1.665,1.749,1.619,1.675,216037163.1,364294545.6357,545499.0
2021-11-24,Binance,ADAUSDT,1.751,1.754,1.586,1.666,290146559.06,481392566.845622,677158.0
2021-11-23,Binance,ADAUSDT,1.776,1.816,1.738,1.751,144774307.8,257575557.4962,356275.0
2021-11-22,Binance,ADAUSDT,1.835,1.839,1.757,1.776,144285714.0,259359138.2456,353637.0
2021-11-21,Binance,ADAUSDT,1.921,1.924,1.832,1.835,87455485.3,163849100.3596,319204.0
2021-11-20,Binance,ADAUSDT,1.862,1.956,1.86,1.922,128183408.0,243387633.5938,454244.0
2021-11-19,Binance,ADAUSDT,1.786,1.894,1.754,1.863,144849476.6,264482742.1073,439260.0
2021-11-18,Binance,ADAUSDT,1.877,1.907,1.701,1.786,221759905.97,402087606.185937,559018.0
2021-11-17,Binance,ADAUSDT,1.874,1.893,1.795,1.876,207985172.0,384528006.4253,546022.0
2021-11-16,Binance,ADAUSDT,2.018,2.018,1.759,1.874,268941429.22,511833926.733929,915144.0
2021-11-15,Binance,ADAUSDT,2.04,2.095,2.011,2.017,93079577.9,190858022.3605,344074.0
2021-11-14,Binance,ADAUSDT,2.05,2.07,2.009,2.04,59859608.6,121939414.6215,205494.0
2021-11-13,Binance,ADAUSDT,2.046,2.08,2.021,2.05,82511465.5,169168009.5198,305777.0
2021-11-12,Binance,ADAUSDT,2.079,2.099,1.991,2.045,160252178.8,327425649.6031,457795.0
2021-11-11,Binance,ADAUSDT,2.097,2.153,2.058,2.079,151168963.6,317911390.6419,476574.0
2021-11-10,Binance,ADAUSDT,2.269,2.331,1.932,2.097,479840587.6,1041156930.5891,1265340.0
2021-11-09,Binance,ADAUSDT,2.126,2.378,2.105,2.27,581074544.2,1315444500.7649,2352700.0
2021-11-08,Binance,ADAUSDT,2.02,2.14,2.008,2.125,189974471.1,394147647.6991,664140.0
2021-11-07,Binance,ADAUSDT,2.004,2.035,1.974,2.021,82637102.7,165586014.5952,287219.0
2021-11-06,Binance,ADAUSDT,1.982,2.04,1.942,2.005,105480654.3,209552637.9636,378419.0
2021-11-05,Binance,ADAUSDT,1.983,2.017,1.959,1.982,108180863.7,215028149.963,346939.0
2021-11-04,Binance,ADAUSDT,2.063,2.103,1.933,1.983,174549100.4,350982479.1555,586577.0
2021-11-03,Binance,ADAUSDT,1.971,2.144,1.95,2.063,335561983.7,693664558.662,1237122.0
2021-11-02,Binance,ADAUSDT,1.949,1.996,1.933,1.971,124263204.0,244630385.5552,382592.0
2021-11-01,Binance,ADAUSDT,1.965,2.019,1.911,1.949,144061135.4,282445748.1469,443944.0
2021-10-31,Binance,ADAUSDT,1.957,2.029,1.918,1.964,146413161.5,287446094.5292,419105.0
2021-10-30,Binance,ADAUSDT,2.016,2.019,1.924,1.955,122995185.8,242877472.3581,354589.0
2021-10-29,Binance,ADAUSDT,1.987,2.048,1.979,2.015,154761692.9,310763415.4138,405405.0
2021-10-28,Binance,ADAUSDT,1.912,2.058,1.905,1.987,253879713.5,502808459.4974,714638.0
2021-10-27,Binance,ADAUSDT,2.138,2.156,1.804,1.912,397889032.1,788261687.3865181,1112284.0
2021-10-26,Binance,ADAUSDT,2.145,2.202,2.122,2.137,142897864.5,309937222.2048,441608.0
2021-10-25,Binance,ADAUSDT,2.119,2.178,2.114,2.144,105874037.9,227310466.3076,306467.0
2021-10-24,Binance,ADAUSDT,2.167,2.169,2.093,2.12,97230595.4,206668183.8929,311116.0
2021-10-23,Binance,ADAUSDT,2.157,2.175,2.131,2.166,74106470.8,159697494.6746,204540.0
2021-10-22,Binance,ADAUSDT,2.136,2.21,2.125,2.156,130738721.4,283280913.8665,384968.0
2021-10-21,Binance,ADAUSDT,2.19,2.298,2.131,2.137,265787667.1,590422379.4161,911699.0
2021-10-20,Binance,ADAUSDT,2.11,2.208,2.092,2.19,135969738.8,293600383.7237,412084.0
2021-10-19,Binance,ADAUSDT,2.127,2.157,2.093,2.11,94391775.6,200312951.0622,249571.0
2021-10-18,Binance,ADAUSDT,2.158,2.176,2.105,2.128,96988762.8,207296556.4666,268841.0
2021-10-17,Binance,ADAUSDT,2.178,2.189,2.089,2.158,109914412.1,236546953.2921,304319.0
2021-10-16,Binance,ADAUSDT,2.217,2.25,2.169,2.179,103000332.9,227685264.7149,295180.0
2021-10-15,Binance,ADAUSDT,2.172,2.243,2.136,2.218,205811006.8,451807548.914,522957.0
2021-10-14,Binance,ADAUSDT,2.189,2.225,2.155,2.172,109132237.4,238397065.887,324497.0
2021-10-13,Binance,ADAUSDT,2.117,2.2,2.078,2.19,133035035.4,283797635.9337,367591.0
2021-10-12,Binance,ADAUSDT,2.171,2.173,2.071,2.118,150529530.2,319037519.8449,440973.0
2021-10-11,Binance,ADAUSDT,2.189,2.25,2.107,2.171,124908952.1,273897541.4536,353292.0
2021-10-10,Binance,ADAUSDT,2.269,2.277,2.16,2.189,110373473.1,246493612.8857,324628.0
2021-10-09,Binance,ADAUSDT,2.238,2.3,2.22,2.268,108667313.3,246084345.8739,277411.0
2021-10-08,Binance,ADAUSDT,2.278,2.313,2.213,2.237,138317391.4,314113673.5826,370017.0
2021-10-07,Binance,ADAUSDT,2.209,2.375,2.15,2.278,254708498.4,579456296.8876,895423.0
2021-10-06,Binance,ADAUSDT,2.232,2.251,2.111,2.209,192646609.5,423382653.0689,579392.0
2021-10-05,Binance,ADAUSDT,2.191,2.258,2.175,2.233,131834376.0,292154180.8159,400324.0
2021-10-04,Binance,ADAUSDT,2.251,2.253,2.15,2.191,149496124.6,327691885.0989,454491.0
2021-10-03,Binance,ADAUSDT,2.247,2.309,2.221,2.251,136980609.8,310612221.979,401615.0
2021-10-02,Binance,ADAUSDT,2.255,2.322,2.192,2.247,147408004.5,333039551.0777,477599.0
2021-10-01,Binance,ADAUSDT,2.115,2.275,2.092,2.256,197157573.9,433361124.2501,564686.0
2021-09-30,Binance,ADAUSDT,2.066,2.137,2.051,2.115,124916940.9,262127906.9008,305957.0
2021-09-29,Binance,ADAUSDT,2.037,2.15,2.02,2.066,136138441.2,282604347.7372,336857.0
2021-09-28,Binance,ADAUSDT,2.129,2.173,2.029,2.037,151911770.2,319192127.4044,364562.0
2021-09-27,Binance,ADAUSDT,2.206,2.277,2.128,2.13,150915484.2,333393824.4919,395932.0
2021-09-26,Binance,ADAUSDT,2.299,2.301,2.147,2.207,231090029.9,517051791.3359,641684.0
2021-09-25,Binance,ADAUSDT,2.277,2.459,2.235,2.3,328389858.73,772544525.9270871,1058437.0
2021-09-24,Binance,ADAUSDT,2.327,2.345,2.063,2.277,382004501.6,852034401.1571,1180658.0
2021-09-23,Binance,ADAUSDT,2.257,2.346,2.179,2.327,190056984.8,427121740.3968,580771.0
2021-09-22,Binance,ADAUSDT,1.986,2.268,1.967,2.257,262894741.0,561770727.6582,764251.0
2021-09-21,Binance,ADAUSDT,2.08,2.229,1.9101,1.986,450988800.97,938941126.417352,1050842.0
2021-09-20,Binance,ADAUSDT,2.283,2.293,1.97,2.079,458599973.03,971662079.450456,1164195.0
2021-09-19,Binance,ADAUSDT,2.371,2.397,2.259,2.283,127205837.0,296891018.1193,367262.0
2021-09-18,Binance,ADAUSDT,2.35,2.439,2.31,2.371,115231963.9,274828761.8635,333767.0
2021-09-17,Binance,ADAUSDT,2.417,2.442,2.313,2.35,130098585.4,309192082.2922,369949.0
2021-09-16,Binance,ADAUSDT,2.504,2.56,2.381,2.417,196390696.8,481379433.6815,590119.0
2021-09-15,Binance,ADAUSDT,2.396,2.582,2.355,2.505,276853578.3,683490051.6662,793260.0
2021-09-14,Binance,ADAUSDT,2.401,2.438,2.32,2.396,214309623.2,511446201.3893,579750.0
2021-09-13,Binance,ADAUSDT,2.58,2.593,2.309,2.402,378841930.8,916543680.7134,1095045.0
2021-09-12,Binance,ADAUSDT,2.637,2.789,2.501,2.581,466822310.1,1224176461.6157,1564268.0
2021-09-11,Binance,ADAUSDT,2.384,2.8,2.367,2.638,561119335.07,1487971497.5412061,1744500.0
2021-09-10,Binance,ADAUSDT,2.518,2.586,2.269,2.383,322102115.0,781123869.9065,918483.0
2021-09-09,Binance,ADAUSDT,2.47,2.623,2.39,2.518,411631907.8,1044096246.8552,1062468.0
2021-09-08,Binance,ADAUSDT,2.514,2.564,2.2,2.47,547581870.5,1316692953.3196,1350979.0
2021-09-07,Binance,ADAUSDT,2.833,2.875,2.0,2.514,964890684.8,2422642316.3011036,2337151.0
2021-09-06,Binance,ADAUSDT,2.911,2.927,2.8,2.833,186970542.2,535309232.2576,605231.0
2021-09-05,Binance,ADAUSDT,2.831,2.956,2.813,2.91,169097774.6,487746887.4513,549105.0
2021-09-04,Binance,ADAUSDT,2.965,2.967,2.8,2.83,192271347.0,555689396.8811,625216.0
2021-09-03,Binance,ADAUSDT,2.96,3.03,2.9,2.966,203828698.4,604944629.8191,748267.0
2021-09-02,Binance,ADAUSDT,2.87,3.101,2.834,2.96,397432179.47,1191195523.414318,1707158.0
2021-09-01,Binance,ADAUSDT,2.768,2.904,2.72,2.869,196563544.1,555373015.9566,699079.0
2021-08-31,Binance,ADAUSDT,2.735,2.881,2.702,2.767,251908426.3,702518501.4174,741134.0
2021-08-30,Binance,ADAUSDT,2.85,2.884,2.72,2.734,240691753.9,675601350.1165,1053905.0
2021-08-29,Binance,ADAUSDT,2.847,2.935,2.719,2.851,274365688.0,781366522.6182,1010488.0
2021-08-28,Binance,ADAUSDT,2.947,2.95,2.772,2.847,243063514.39,691271713.3924,1083435.0
2021-08-27,Binance,ADAUSDT,2.529,2.9473,2.494,2.946,472662823.39,1294046444.848583,1586002.0
2021-08-26,Binance,ADAUSDT,2.7389,2.785,2.47,2.528,407754722.33,1058054371.192216,1358420.0
2021-08-25,Binance,ADAUSDT,2.7191,2.797,2.6,2.739,460928567.06,1251116676.437283,1643396.0
2021-08-24,Binance,ADAUSDT,2.9152,2.947,2.5872,2.7187,641652294.22,1781493179.4875112,2180897.0
2021-08-23,Binance,ADAUSDT,2.705,2.9719,2.6849,2.9152,653707062.88,1861034952.8647008,2860899.0
2021-08-22,Binance,ADAUSDT,2.4347,2.7212,2.4306,2.7049,485497408.99,1252373737.424931,1851078.0
2021-08-21,Binance,ADAUSDT,2.4557,2.5288,2.3805,2.4341,297136052.16,729237701.54031,1098176.0
2021-08-20,Binance,ADAUSDT,2.4411,2.5817,2.3666,2.4557,619099859.32,1539336837.064158,2447841.0
2021-08-19,Binance,ADAUSDT,2.1045,2.455,2.0462,2.4411,661367609.97,1478673056.643454,2551917.0
2021-08-18,Binance,ADAUSDT,1.924,2.1643,1.87,2.1043,486614298.9,991453525.7399939,1414725.0
2021-08-17,Binance,ADAUSDT,2.0717,2.1414,1.9059,1.9239,361700269.73,738363154.523839,999833.0
2021-08-16,Binance,ADAUSDT,2.1667,2.2,2.0463,2.0714,313643255.53,669432796.13384,1030251.0
2021-08-15,Binance,ADAUSDT,2.1875,2.2499,2.03,2.1667,370249371.15,791689644.590496,1344719.0
2021-08-14,Binance,ADAUSDT,2.1386,2.25,2.0835,2.1878,599325581.5,1294631283.086597,2120000.0
2021-08-13,Binance,ADAUSDT,1.833,2.1495,1.8212,2.1386,589994492.03,1180013820.791816,2055081.0
2021-08-12,Binance,ADAUSDT,1.7934,1.869,1.6792,1.8324,431637639.2,765468929.632602,1556555.0
2021-08-11,Binance,ADAUSDT,1.678,1.895,1.67,1.7934,488863450.17,878006229.53126,1767308.0
2021-08-10,Binance,ADAUSDT,1.4745,1.701,1.457,1.678,356506024.51,560730912.241496,1239067.0
2021-08-09,Binance,ADAUSDT,1.4256,1.499,1.3933,1.4745,204393100.93,296965727.222494,477778.0
2021-08-08,Binance,ADAUSDT,1.4726,1.4941,1.407,1.4255,201134603.12,292240465.61758,464166.0
2021-08-07,Binance,ADAUSDT,1.4027,1.485,1.3945,1.4727,245578409.2,355799070.318375,682489.0
2021-08-06,Binance,ADAUSDT,1.3859,1.425,1.3613,1.4025,165384665.39,230083804.205757,418611.0
2021-08-05,Binance,ADAUSDT,1.3766,1.3974,1.338,1.3859,160752874.44,220584468.752681,401852.0
2021-08-04,Binance,ADAUSDT,1.3697,1.3938,1.323,1.3765,182865692.1,248779803.387754,809373.0
2021-08-03,Binance,ADAUSDT,1.3082,1.3827,1.2613,1.3696,250226135.48,333462860.830757,917800.0
2021-08-02,Binance,ADAUSDT,1.3145,1.35,1.2927,1.3083,124737501.38,164663710.84494,288920.0
2021-08-01,Binance,ADAUSDT,1.3193,1.3879,1.2984,1.3142,200978816.46,271363427.546652,561054.0
2021-07-31,Binance,ADAUSDT,1.3109,1.3329,1.287,1.3193,122070136.42,160008038.697923,306755.0
2021-07-30,Binance,ADAUSDT,1.2856,1.3179,1.2467,1.3108,181649929.84,233481881.179908,402332.0
2021-07-29,Binance,ADAUSDT,1.2875,1.2987,1.256,1.2856,130840990.64,167250046.586504,303131.0
2021-07-28,Binance,ADAUSDT,1.2797,1.32,1.2573,1.2875,201236980.03,258967798.015617,463462.0
2021-07-27,Binance,ADAUSDT,1.2549,1.3158,1.2136,1.2799,233094192.34,293884771.121409,549510.0
2021-07-26,Binance,ADAUSDT,1.2283,1.3991,1.2221,1.2551,415073283.88,547924739.5975289,975146.0
2021-07-25,Binance,ADAUSDT,1.2332,1.2388,1.19,1.2284,107934124.51,131208367.065119,218902.0
2021-07-24,Binance,ADAUSDT,1.2075,1.2487,1.1964,1.2327,142716783.01,173727524.714364,293673.0
2021-07-23,Binance,ADAUSDT,1.1857,1.2089,1.1465,1.2077,131335875.06,154913279.789284,310334.0
2021-07-22,Binance,ADAUSDT,1.1711,1.2081,1.1492,1.1856,158912321.76,187077128.52968,303957.0
2021-07-21,Binance,ADAUSDT,1.0541,1.2222,1.0366,1.1711,287296624.78,329529795.803851,484015.0
2021-07-20,Binance,ADAUSDT,1.1226,1.1362,1.0202,1.0539,283618751.18,300482457.343934,416093.0
2021-07-19,Binance,ADAUSDT,1.1814,1.1921,1.1156,1.1225,138646747.17,158333071.389083,216380.0
2021-07-18,Binance,ADAUSDT,1.1721,1.2186,1.1666,1.1813,108584207.61,129455682.08151,193407.0
2021-07-17,Binance,ADAUSDT,1.1705,1.1948,1.1497,1.1721,124485807.1,145637408.242852,225449.0
2021-07-16,Binance,ADAUSDT,1.2258,1.245,1.1655,1.1708,159173625.74,190852629.775681,290705.0
2021-07-15,Binance,ADAUSDT,1.2634,1.29,1.205,1.2258,133685795.15,165010923.472387,261230.0
2021-07-14,Binance,ADAUSDT,1.2649,1.2894,1.198,1.2635,165466902.33,205613918.958764,323301.0
2021-07-13,Binance,ADAUSDT,1.3126,1.3216,1.25,1.265,125015668.98,160715456.020041,248079.0
2021-07-12,Binance,ADAUSDT,1.3485,1.3736,1.2916,1.3126,112067630.51,149660876.224631,238866.0
2021-07-11,Binance,ADAUSDT,1.3356,1.3669,1.3231,1.3485,71704260.26,96252011.616564,172388.0
2021-07-10,Binance,ADAUSDT,1.3504,1.366,1.3158,1.3356,93476664.31,124946490.527551,242605.0
2021-07-09,Binance,ADAUSDT,1.3268,1.3746,1.2859,1.3504,160293985.2,213730318.843104,375438.0
2021-07-08,Binance,ADAUSDT,1.404,1.4065,1.3194,1.327,175680408.72,239803654.940297,348315.0
2021-07-07,Binance,ADAUSDT,1.4156,1.4416,1.4,1.404,125167776.95,178159850.134744,254242.0
2021-07-06,Binance,ADAUSDT,1.4039,1.4578,1.3888,1.4157,173402604.28,246828693.185177,474377.0
2021-07-05,Binance,ADAUSDT,1.4615,1.4616,1.3764,1.4039,210256310.91,297312194.319899,433806.0
2021-07-04,Binance,ADAUSDT,1.4045,1.4955,1.3815,1.4615,185325977.32,267332413.152222,469893.0
2021-07-03,Binance,ADAUSDT,1.3947,1.4444,1.3579,1.4045,197443853.76,277572501.536617,641233.0
2021-07-02,Binance,ADAUSDT,1.3312,1.3959,1.285,1.3946,235621261.45,315348818.276434,716140.0
2021-07-01,Binance,ADAUSDT,1.3853,1.3862,1.302,1.3313,196824530.3,262447755.020643,468032.0
2021-06-30,Binance,ADAUSDT,1.3731,1.3993,1.2825,1.3853,263769140.47,354446349.120819,550586.0
2021-06-29,Binance,ADAUSDT,1.3261,1.42,1.319,1.373,287571860.2,394907812.3152,571006.0
2021-06-28,Binance,ADAUSDT,1.3379,1.3506,1.3042,1.326,220547816.19,292756074.248376,607034.0
2021-06-27,Binance,ADAUSDT,1.252,1.3499,1.241,1.338,242097878.29,310315583.603679,445825.0
2021-06-26,Binance,ADAUSDT,1.252,1.2923,1.1968,1.2521,307404658.42,380549653.1848,557818.0
2021-06-25,Binance,ADAUSDT,1.3604,1.3971,1.2431,1.2521,548380704.22,722838979.1917311,1112696.0
2021-06-24,Binance,ADAUSDT,1.2513,1.3998,1.2006,1.3604,427028527.81,568197037.840652,1036438.0
2021-06-23,Binance,ADAUSDT,1.1563,1.31,1.108,1.2512,490479573.3,607806302.675244,776745.0
2021-06-22,Binance,ADAUSDT,1.1738,1.2634,1.0001,1.1567,907361654.28,1030804095.1817619,1461174.0
2021-06-21,Binance,ADAUSDT,1.4262,1.4371,1.1672,1.174,512064782.95,661793161.740104,982646.0
2021-06-20,Binance,ADAUSDT,1.384,1.46,1.306,1.4263,269372753.54,373024182.419864,718096.0
2021-06-19,Binance,ADAUSDT,1.4164,1.4411,1.3834,1.3839,145492869.0,206002750.664394,405822.0
2021-06-18,Binance,ADAUSDT,1.4825,1.4927,1.374,1.4163,220933715.72,316537834.823891,460555.0
2021-06-17,Binance,ADAUSDT,1.4851,1.5388,1.4568,1.4826,165078770.77,247086065.757767,443396.0
2021-06-16,Binance,ADAUSDT,1.555,1.5754,1.474,1.4851,203580536.01,309694677.494059,499540.0
2021-06-15,Binance,ADAUSDT,1.5769,1.6109,1.5441,1.5552,216159062.78,340383009.234608,486601.0
2021-06-14,Binance,ADAUSDT,1.5563,1.595,1.5056,1.5769,280791163.74,435453250.96621,595345.0
2021-06-13,Binance,ADAUSDT,1.4789,1.58,1.4001,1.5566,330722303.94,490536333.040584,941882.0
2021-06-12,Binance,ADAUSDT,1.4368,1.4934,1.3562,1.4789,362965214.53,517749782.78785294,731362.0
2021-06-11,Binance,ADAUSDT,1.5328,1.5474,1.4192,1.4371,323101330.0,482059658.00754,570406.0
2021-06-10,Binance,ADAUSDT,1.6282,1.6378,1.5064,1.5328,312406121.42,488331366.508162,604598.0
2021-06-09,Binance,ADAUSDT,1.5818,1.635,1.4827,1.6279,471664344.33,738213512.4564099,1039122.0
2021-06-08,Binance,ADAUSDT,1.5659,1.5966,1.4,1.5819,612223590.99,926353837.475304,1115207.0
2021-06-07,Binance,ADAUSDT,1.6771,1.7414,1.55,1.5659,341267094.73,568701714.6271111,763147.0
2021-06-06,Binance,ADAUSDT,1.6555,1.7077,1.6451,1.6771,191999153.68,321777694.702927,410877.0
2021-06-05,Binance,ADAUSDT,1.708,1.7823,1.61,1.6551,369328430.6,627802619.935866,924743.0
2021-06-04,Binance,ADAUSDT,1.8454,1.848,1.608,1.7077,596433033.05,1016313544.257178,1453396.0
2021-06-03,Binance,ADAUSDT,1.7534,1.8897,1.7134,1.8453,417400945.02,758107289.094903,1023322.0
2021-06-02,Binance,ADAUSDT,1.7362,1.8042,1.7173,1.7534,431644801.42,763167515.813421,986804.0
2021-06-01,Binance,ADAUSDT,1.7376,1.7796,1.6531,1.7363,530252586.94,912156549.5182179,1214297.0
2021-05-31,Binance,ADAUSDT,1.5751,1.75,1.5249,1.7373,600116070.88,975900758.702139,1460887.0
2021-05-30,Binance,ADAUSDT,1.4035,1.7,1.3457,1.5751,764079031.67,1205767972.908711,1702526.0
2021-05-29,Binance,ADAUSDT,1.5133,1.5624,1.335,1.4029,576104659.27,831031429.597334,1181284.0
2021-05-28,Binance,ADAUSDT,1.6552,1.678,1.45,1.5133,817239543.16,1262486208.239076,1626406.0
2021-05-27,Binance,ADAUSDT,1.7788,1.7885,1.6077,1.6552,590119092.56,998105646.132127,1445249.0
2021-05-26,Binance,ADAUSDT,1.5525,1.832,1.552,1.7791,857080518.13,1472382792.514478,2010480.0
2021-05-25,Binance,ADAUSDT,1.5497,1.6499,1.4354,1.5532,807717267.52,1239076344.2847102,1776216.0
2021-05-24,Binance,ADAUSDT,1.3135,1.5974,1.2476,1.55,1034255631.11,1503761177.410839,2078079.0
2021-05-23,Binance,ADAUSDT,1.4636,1.5397,1.051,1.3139,1461270087.31,1839005520.8164687,2445334.0
2021-05-22,Binance,ADAUSDT,1.5493,1.602,1.3661,1.4629,800713185.45,1195051726.840747,1593249.0
2021-05-21,Binance,ADAUSDT,1.8002,1.87,1.32,1.5493,1158826530.96,1851576033.778438,2368984.0
2021-05-20,Binance,ADAUSDT,1.4676,1.9487,1.3218,1.8006,1331716279.01,2253383023.851363,2679300.0
2021-05-19,Binance,ADAUSDT,2.0036,2.0317,1.01,1.4663,2261842102.36,3616451442.9589925,3500994.0
2021-05-18,Binance,ADAUSDT,2.0301,2.1492,1.9712,2.0036,612259916.93,1258577627.76608,1431670.0
2021-05-17,Binance,ADAUSDT,2.3002,2.329,1.9159,2.0307,1137971306.33,2387549270.075037,2394748.0
2021-05-16,Binance,ADAUSDT,2.1754,2.47,2.0104,2.3002,1190745903.78,2680581605.663523,2799042.0
2021-05-15,Binance,ADAUSDT,2.0073,2.3789,1.9628,2.1744,1376815760.83,3028162677.857561,3130966.0
2021-05-14,Binance,ADAUSDT,1.9289,2.043,1.8112,2.0069,695033070.96,1330783387.916312,1650812.0
2021-05-13,Binance,ADAUSDT,1.5669,1.9719,1.5,1.9296,1567655289.16,2830787027.328203,2971018.0
2021-05-12,Binance,ADAUSDT,1.7633,1.821,1.5462,1.5694,599710080.8,1034165276.431951,1305448.0
2021-05-11,Binance,ADAUSDT,1.6418,1.7791,1.5954,1.7632,524326718.11,888681876.913921,1065832.0
2021-05-10,Binance,ADAUSDT,1.7662,1.8243,1.517,1.6423,712304913.86,1220328155.185192,1624887.0
2021-05-09,Binance,ADAUSDT,1.6206,1.833,1.5726,1.7663,883091328.46,1536088014.649721,1884477.0
2021-05-08,Binance,ADAUSDT,1.6529,1.6543,1.5611,1.6211,393498897.98,633842537.10449,872816.0
2021-05-07,Binance,ADAUSDT,1.6491,1.7478,1.526,1.653,789059200.98,1301803083.5122,1468918.0
2021-05-06,Binance,ADAUSDT,1.4799,1.7,1.4288,1.6491,1342973403.72,2120775489.3697312,2264654.0
2021-05-05,Binance,ADAUSDT,1.2699,1.497,1.2598,1.4798,579064616.22,809182895.296619,1020356.0
2021-05-04,Binance,ADAUSDT,1.3627,1.3673,1.2557,1.2698,421500877.62,549879320.534174,693784.0
2021-05-03,Binance,ADAUSDT,1.3267,1.38,1.3208,1.3622,271187623.29,367143914.773384,465569.0
2021-05-02,Binance,ADAUSDT,1.3516,1.3556,1.2941,1.3267,218990273.64,290399347.536045,369059.0
2021-05-01,Binance,ADAUSDT,1.353,1.3678,1.3128,1.3516,208656399.38,279891124.595575,379435.0
2021-04-30,Binance,ADAUSDT,1.3066,1.3709,1.2855,1.3532,308696257.77,413990419.810156,605811.0
2021-04-29,Binance,ADAUSDT,1.3373,1.4117,1.2661,1.3063,578529650.82,777246168.0584271,1273495.0
2021-04-28,Binance,ADAUSDT,1.3063,1.3488,1.2326,1.3379,388598645.07,505426307.53277504,690474.0
2021-04-27,Binance,ADAUSDT,1.2377,1.3333,1.2232,1.3063,392979049.07,504918084.184202,760259.0
2021-04-26,Binance,ADAUSDT,1.091,1.2509,1.0793,1.2375,473369883.13,568714660.9705249,773997.0
2021-04-25,Binance,ADAUSDT,1.103,1.14678,1.0183,1.0913,305075283.55,333834052.8768905,490000.0
2021-04-24,Binance,ADAUSDT,1.15872,1.198,1.0927,1.10287,434215610.4,494679064.790401,737205.0
2021-04-23,Binance,ADAUSDT,1.14443,1.16895,0.92,1.15866,989280841.9,1054521883.392403,1402192.0
2021-04-22,Binance,ADAUSDT,1.20312,1.27984,1.1138,1.144,522618869.4,628558727.834622,840300.0
2021-04-21,Binance,ADAUSDT,1.26665,1.29,1.19704,1.20358,404434984.0,504722890.00897294,716832.0
2021-04-20,Binance,ADAUSDT,1.19451,1.28241,1.12685,1.26689,470266399.2,564969805.9475889,795662.0
2021-04-19,Binance,ADAUSDT,1.27655,1.32443,1.17122,1.1945,477279604.9,594173873.637402,862505.0
2021-04-18,Binance,ADAUSDT,1.36861,1.38654,1.07204,1.27693,804838502.1,984038054.809239,1427081.0
2021-04-17,Binance,ADAUSDT,1.40989,1.45805,1.35501,1.36802,323840975.1,456752579.9214,658242.0
2021-04-16,Binance,ADAUSDT,1.47845,1.51915,1.334,1.40989,562141264.2,797336703.01528,1069902.0
2021-04-15,Binance,ADAUSDT,1.4514,1.49539,1.41023,1.4782,413204000.6,603652219.001693,913680.0
2021-04-14,Binance,ADAUSDT,1.41246,1.55845,1.348,1.45092,1053166777.6,1535013338.6942132,1840346.0
2021-04-13,Binance,ADAUSDT,1.31452,1.4378,1.28138,1.41246,605026285.0,827121787.857676,1026705.0
2021-04-12,Binance,ADAUSDT,1.26376,1.348,1.2633,1.31431,559487897.9,730491709.395321,952211.0
2021-04-11,Binance,ADAUSDT,1.21753,1.28989,1.199,1.26355,451246041.8,563044444.403651,714512.0
2021-04-10,Binance,ADAUSDT,1.20201,1.25199,1.19157,1.21747,290774078.0,355203232.326933,475261.0
2021-04-09,Binance,ADAUSDT,1.21896,1.22907,1.19134,1.20201,156767192.2,189628515.591865,297343.0
2021-04-08,Binance,ADAUSDT,1.17356,1.22502,1.16999,1.21926,215242842.9,258822131.024978,390054.0
2021-04-07,Binance,ADAUSDT,1.25217,1.29,1.1588,1.17359,405313990.0,493054710.48034894,771894.0
2021-04-06,Binance,ADAUSDT,1.21172,1.34359,1.1901,1.252,726926008.5,913715698.979972,1195328.0
2021-04-05,Binance,ADAUSDT,1.18205,1.22647,1.16222,1.2118,318801564.5,379800451.568576,555351.0
2021-04-04,Binance,ADAUSDT,1.16245,1.193,1.152,1.18206,204575492.2,240843734.867574,384032.0
2021-04-03,Binance,ADAUSDT,1.18998,1.24078,1.15977,1.16238,313837978.9,379294245.01418304,558820.0
2021-04-02,Binance,ADAUSDT,1.1833,1.24796,1.18026,1.18998,314062254.4,379078109.523662,492559.0
2021-04-01,Binance,ADAUSDT,1.19172,1.20772,1.17171,1.18377,212963382.6,253654449.282147,366545.0
2021-03-31,Binance,ADAUSDT,1.212,1.21273,1.151,1.19191,302818874.6,360032787.858607,493282.0
2021-03-30,Binance,ADAUSDT,1.2024,1.23555,1.18909,1.21189,257460678.6,312766027.238293,406409.0
2021-03-29,Binance,ADAUSDT,1.18983,1.22979,1.178,1.20239,263071765.2,316725719.73974,330171.0
2021-03-28,Binance,ADAUSDT,1.17646,1.22,1.1665,1.18983,199736804.6,237375345.954581,287241.0
2021-03-27,Binance,ADAUSDT,1.21419,1.2389,1.15623,1.17678,270954337.7,322586528.664919,435612.0
2021-03-26,Binance,ADAUSDT,1.09596,1.28755,1.09426,1.2142,671982901.0,808936818.2032169,1057420.0
2021-03-25,Binance,ADAUSDT,1.06879,1.1535,1.04584,1.0956,527623538.8,583470178.633326,738550.0
2021-03-24,Binance,ADAUSDT,1.11563,1.1639,1.038,1.06902,354915791.2,396335857.03527504,631067.0
2021-03-23,Binance,ADAUSDT,1.1015,1.1739,1.08145,1.11639,371967713.8,421114122.163967,637868.0
2021-03-22,Binance,ADAUSDT,1.18561,1.20782,1.067,1.1015,384255570.1,444196527.44626,552717.0
2021-03-21,Binance,ADAUSDT,1.20048,1.24139,1.16,1.18561,305630409.8,367461613.305998,422247.0
2021-03-20,Binance,ADAUSDT,1.29499,1.30974,1.19978,1.20046,401638128.1,505497684.765714,731665.0
2021-03-19,Binance,ADAUSDT,1.22966,1.34286,1.18003,1.29474,812311179.7,1032218858.172991,1278982.0
2021-03-18,Binance,ADAUSDT,1.3775,1.47299,1.22154,1.22925,1446280469.1,1975037678.4316099,2144826.0
2021-03-17,Binance,ADAUSDT,1.24974,1.43,1.20353,1.377,1094860557.7,1409057696.603295,1700157.0
2021-03-16,Binance,ADAUSDT,1.03071,1.28,1.0,1.24924,1248716359.1,1458646287.627065,1590786.0
2021-03-15,Binance,ADAUSDT,1.05241,1.07078,1.00001,1.03103,400978353.1,415080286.21487296,485996.0
2021-03-14,Binance,ADAUSDT,1.10016,1.10265,1.0519,1.05243,304362465.7,328663726.916662,388068.0
2021-03-13,Binance,ADAUSDT,1.03207,1.193,0.985,1.1,643811025.4,707355593.966,778819.0
2021-03-12,Binance,ADAUSDT,1.12417,1.128,1.02,1.03207,423021914.4,453536801.751492,535644.0
2021-03-11,Binance,ADAUSDT,1.13226,1.14,1.1075,1.1243,301611714.1,338688320.679779,376289.0
2021-03-10,Binance,ADAUSDT,1.19734,1.208,1.115,1.13261,384497300.9,446671691.449935,514521.0
2021-03-09,Binance,ADAUSDT,1.11836,1.22,1.11083,1.1972,616039069.3,718499784.323591,731610.0
2021-03-08,Binance,ADAUSDT,1.13073,1.17835,1.105,1.11848,398514643.5,450421643.827803,455437.0
2021-03-07,Binance,ADAUSDT,1.12901,1.145,1.10562,1.13042,324367538.9,365845333.635412,381768.0
2021-03-06,Binance,ADAUSDT,1.15907,1.183,1.08493,1.129,394799528.8,442918849.66938895,671557.0
2021-03-05,Binance,ADAUSDT,1.11261,1.1972,1.03374,1.15908,830654685.1,934727653.7310289,1132387.0
2021-03-04,Binance,ADAUSDT,1.21315,1.23052,1.06695,1.11239,748035034.3,859720613.297925,882082.0
2021-03-03,Binance,ADAUSDT,1.22281,1.26636,1.20865,1.21311,454913445.3,563382389.440149,529175.0
2021-03-02,Binance,ADAUSDT,1.29678,1.29998,1.18,1.2228,753904502.9,923673564.2911329,993914.0
2021-03-01,Binance,ADAUSDT,1.31279,1.348,1.23131,1.29627,984011920.2,1262620102.616691,1302837.0
2021-02-28,Binance,ADAUSDT,1.314,1.3595,1.154,1.31203,1599172340.3,2000892510.566343,1836152.0
2021-02-27,Binance,ADAUSDT,1.24353,1.488,1.2271,1.31402,1994359638.5,2726382795.3645725,2344043.0
2021-02-26,Binance,ADAUSDT,1.07688,1.298,0.99,1.24303,1805727721.5,2078674172.9655046,1842500.0
2021-02-25,Binance,ADAUSDT,1.04883,1.177,1.012,1.07691,961855836.2,1053858750.5424689,1065150.0
2021-02-24,Binance,ADAUSDT,0.96136,1.077,0.8978,1.04902,946049063.3,959472420.8716049,986749.0
2021-02-23,Binance,ADAUSDT,1.09728,1.142,0.81,0.96197,1625220448.7,1563316092.760008,1748705.0
2021-02-22,Binance,ADAUSDT,1.09955,1.146,0.831,1.09703,1333970209.1,1356545593.491317,1291551.0
2021-02-21,Binance,ADAUSDT,1.1156,1.15172,1.0675,1.09894,636265765.2,708941857.790058,804446.0
2021-02-20,Binance,ADAUSDT,0.92597,1.2,0.91329,1.11568,1480541916.53,1605889356.9768093,1562187.0
2021-02-19,Binance,ADAUSDT,0.91433,0.9456,0.87851,0.92581,547803715.8,503644913.65466094,534053.0
2021-02-18,Binance,ADAUSDT,0.89206,0.9578,0.89202,0.91442,580074009.4,536478522.566534,645125.0
2021-02-17,Binance,ADAUSDT,0.8699,0.89745,0.8215,0.89206,460328636.1,397664271.25875103,571034.0
2021-02-16,Binance,ADAUSDT,0.86128,0.90591,0.83334,0.87,526075390.6,460384874.04045904,559396.0
2021-02-15,Binance,ADAUSDT,0.84288,0.911,0.6856,0.86143,932826536.9,773675700.779529,1016723.0
2021-02-14,Binance,ADAUSDT,0.91303,0.919,0.80666,0.84364,539495015.4,464156537.89327,481065.0
2021-02-13,Binance,ADAUSDT,0.92418,0.95053,0.82,0.91299,586878561.3,527921465.84935504,566194.0
2021-02-12,Binance,ADAUSDT,0.9281,0.94825,0.866,0.92426,649547803.8,593210760.200747,660663.0
2021-02-11,Binance,ADAUSDT,0.94041,0.98,0.86513,0.92796,975100368.22,903411072.7533121,1176112.0
2021-02-10,Binance,ADAUSDT,0.70562,0.95306,0.70555,0.93966,1693219939.33,1404210349.2985792,1481690.0
2021-02-09,Binance,ADAUSDT,0.67674,0.71206,0.6624,0.70562,590482327.7,405545405.29600704,641568.0
2021-02-08,Binance,ADAUSDT,0.66109,0.7238,0.63191,0.67638,1008667679.66,687200350.054749,834316.0
2021-02-07,Binance,ADAUSDT,0.63444,0.70888,0.58,0.66109,1596532267.5,1031252551.2483165,1258967.0
2021-02-06,Binance,ADAUSDT,0.53874,0.66706,0.51901,0.63444,1255504052.74,735618983.1258682,1012355.0
2021-02-05,Binance,ADAUSDT,0.43903,0.56,0.43638,0.53917,1277155737.26,647988571.3729905,1006967.0
2021-02-04,Binance,ADAUSDT,0.44213,0.45,0.41003,0.43934,536142412.3,231296073.096734,356573.0
2021-02-03,Binance,ADAUSDT,0.425,0.44961,0.41509,0.44189,541252929.4,233609024.225337,382672.0
2021-02-02,Binance,ADAUSDT,0.40882,0.4559,0.38868,0.42498,1501769862.49,635347397.5646352,959565.0
2021-02-01,Binance,ADAUSDT,0.34464,0.42411,0.33214,0.40876,844822325.13,315517729.2364468,424028.0
2021-01-31,Binance,ADAUSDT,0.36395,0.37752,0.338,0.34475,399794774.9,141712986.454822,322422.0
2021-01-30,Binance,ADAUSDT,0.34764,0.37694,0.337,0.364,510716622.4,181305666.293532,329408.0
2021-01-29,Binance,ADAUSDT,0.34409,0.36836,0.3305,0.34752,666472809.5,235094446.385988,438205.0
2021-01-28,Binance,ADAUSDT,0.31142,0.35575,0.30431,0.34409,487709261.2,163965629.110074,309801.0
2021-01-27,Binance,ADAUSDT,0.34342,0.34396,0.30404,0.31144,422544056.1,135320113.262216,235043.0
2021-01-26,Binance,ADAUSDT,0.34284,0.35111,0.32404,0.3433,354428194.0,120457217.743562,202859.0
2021-01-25,Binance,ADAUSDT,0.35346,0.36415,0.34034,0.34308,407390809.5,144604820.562655,222342.0
2021-01-24,Binance,ADAUSDT,0.34575,0.36926,0.33613,0.35345,458536220.6,161447140.086898,234964.0
2021-01-23,Binance,ADAUSDT,0.34842,0.35763,0.33541,0.34583,418300948.7,145267535.31274,240273.0
2021-01-22,Binance,ADAUSDT,0.30786,0.3598,0.28,0.34867,898752288.0,290516408.419131,465828.0
2021-01-21,Binance,ADAUSDT,0.37548,0.37945,0.3,0.30785,785029729.8,267771231.788664,404103.0
2021-01-20,Binance,ADAUSDT,0.3672,0.3769,0.33033,0.37532,656351514.5,232444042.012948,346650.0
2021-01-19,Binance,ADAUSDT,0.37132,0.39001,0.362,0.3672,606641543.0,226285256.536489,370018.0
2021-01-18,Binance,ADAUSDT,0.38077,0.39724,0.36413,0.37123,636785470.4,239548962.448159,345702.0
2021-01-17,Binance,ADAUSDT,0.35057,0.3974,0.34076,0.38081,1422650839.29,529806343.19037527,738575.0
2021-01-16,Binance,ADAUSDT,0.30189,0.36696,0.30186,0.35071,1219589043.23,416047249.2075495,551624.0
2021-01-15,Binance,ADAUSDT,0.31203,0.33225,0.27739,0.30188,853517402.8,264651790.304994,383114.0
2021-01-14,Binance,ADAUSDT,0.31246,0.32455,0.29646,0.31201,656502674.0,204581244.1367,292444.0
2021-01-13,Binance,ADAUSDT,0.28875,0.31587,0.27,0.3123,715473111.9,208192713.90953,296349.0
2021-01-12,Binance,ADAUSDT,0.27563,0.31442,0.2628,0.28888,1059013244.8,303626067.858419,422638.0
2021-01-11,Binance,ADAUSDT,0.30154,0.30397,0.2288,0.2757,1530569582.3,404536667.170069,534981.0
2021-01-10,Binance,ADAUSDT,0.33062,0.3412,0.27948,0.30153,908667596.0,285668888.341356,409748.0
2021-01-09,Binance,ADAUSDT,0.30392,0.33851,0.29583,0.33062,820267450.7,259644112.080644,364494.0
2021-01-08,Binance,ADAUSDT,0.29917,0.32165,0.26175,0.30389,1284205249.4,380368302.98094094,531917.0
2021-01-07,Binance,ADAUSDT,0.33311,0.3553,0.2785,0.29928,1411321698.55,453119832.6300348,654373.0
2021-01-06,Binance,ADAUSDT,0.25889,0.34772,0.25347,0.33309,2059110042.76,611715688.0606145,893919.0
2021-01-05,Binance,ADAUSDT,0.22518,0.26429,0.20696,0.25873,1478887679.33,349709110.7622226,614385.0
2021-01-04,Binance,ADAUSDT,0.20625,0.23992,0.19203,0.22528,1463415575.6,315299480.49144566,548636.0
2021-01-03,Binance,ADAUSDT,0.1774,0.2096,0.17255,0.20615,1201451449.3,230834619.4761728,403926.0
2021-01-02,Binance,ADAUSDT,0.17505,0.18457,0.16793,0.17742,660303281.2,117077280.526554,231432.0
