Datetime,Exchange,Symbol_Pair,Open,High,Low,Close,Volume_in_DOGE,Volume_USDT,Tradecount
2022-12-27,Binance,DOGEUSDT,0.07569,0.07616,0.07256,0.07372,706850540.0,52536508.22954,98102.0
2022-12-26,Binance,DOGEUSDT,0.07599,0.07664,0.07421,0.07568,648289873.0,48977931.09659,97223.0
2022-12-25,Binance,DOGEUSDT,0.07751,0.07765,0.0732,0.07598,1157436298.0,87372540.41167,167059.0
2022-12-24,Binance,DOGEUSDT,0.07721,0.07814,0.07661,0.07752,360306517.0,27873485.87155,61232.0
2022-12-23,Binance,DOGEUSDT,0.07687,0.07904,0.07616,0.07721,1022963248.0,79365850.01985,159935.0
2022-12-22,Binance,DOGEUSDT,0.07369,0.07783,0.07327,0.07685,1485392938.0,112352367.36552,222912.0
2022-12-21,Binance,DOGEUSDT,0.07483,0.07502,0.07131,0.07374,912809062.0,66736940.20681,130731.0
2022-12-20,Binance,DOGEUSDT,0.07133,0.07566,0.07101,0.07483,1127168971.0,83335354.79225,171660.0
2022-12-19,Binance,DOGEUSDT,0.07846,0.07951,0.06997,0.07133,1529698798.0,114327112.53758,238169.0
2022-12-18,Binance,DOGEUSDT,0.07918,0.08005,0.07759,0.07847,630900319.0,49712793.28122,114069.0
2022-12-17,Binance,DOGEUSDT,0.07569,0.07949,0.07552,0.07919,1337164978.0,103394811.7583,208157.0
2022-12-16,Binance,DOGEUSDT,0.08483,0.08682,0.07391,0.07569,1755203327.0,141133921.67248,314905.0
2022-12-15,Binance,DOGEUSDT,0.08825,0.0888,0.08402,0.08485,899180340.0,77891926.4349,157299.0
2022-12-14,Binance,DOGEUSDT,0.09105,0.09247,0.087,0.08824,1247687146.0,112504453.05171,227095.0
2022-12-13,Binance,DOGEUSDT,0.09029,0.09555,0.08691,0.09105,1698390609.0,154313618.19646,297723.0
2022-12-12,Binance,DOGEUSDT,0.09266,0.093,0.08471,0.09029,1940139927.0,171806896.99201,328609.0
2022-12-11,Binance,DOGEUSDT,0.09632,0.09715,0.09161,0.09266,627479341.0,59688866.9125,104937.0
2022-12-10,Binance,DOGEUSDT,0.0967,0.09743,0.09603,0.09632,429034730.0,41524436.31136,84147.0
2022-12-09,Binance,DOGEUSDT,0.09847,0.09945,0.09561,0.0967,956187442.0,93229229.67496,184953.0
2022-12-08,Binance,DOGEUSDT,0.09575,0.09918,0.09459,0.09847,1031574520.0,99729660.18012,182457.0
2022-12-07,Binance,DOGEUSDT,0.1002,0.1012,0.09269,0.09575,1404880230.0,135777757.3463,253839.0
2022-12-06,Binance,DOGEUSDT,0.10149,0.10276,0.09802,0.10019,1145270821.0,114900368.09738,211910.0
2022-12-05,Binance,DOGEUSDT,0.10405,0.11192,0.09922,0.10149,2106903673.0,221556898.96696,409620.0
2022-12-04,Binance,DOGEUSDT,0.0997,0.10575,0.09954,0.10406,1609965913.0,166423671.45887,322634.0
2022-12-03,Binance,DOGEUSDT,0.1021,0.10319,0.09808,0.0997,1356635083.0,136598012.62243,251447.0
2022-12-02,Binance,DOGEUSDT,0.10175,0.1036,0.09665,0.1021,1560905751.0,155121388.51512,320252.0
2022-12-01,Binance,DOGEUSDT,0.10676,0.10777,0.10025,0.10175,1927610473.0,199176726.01191,380551.0
2022-11-30,Binance,DOGEUSDT,0.10146,0.11,0.09937,0.10677,2791151929.0,294206244.43044,569550.0
2022-11-29,Binance,DOGEUSDT,0.09512,0.10524,0.0936,0.10146,2909789625.0,296193400.37081,588058.0
2022-11-28,Binance,DOGEUSDT,0.0987,0.09975,0.09056,0.09513,3340654160.0,317224474.07536,736970.0
2022-11-27,Binance,DOGEUSDT,0.08892,0.108,0.0888,0.09868,4273685671.0,430213172.47513,892938.0
2022-11-26,Binance,DOGEUSDT,0.0895,0.09558,0.08712,0.08893,1914481802.0,176393357.21232,429225.0
2022-11-25,Binance,DOGEUSDT,0.08146,0.09191,0.08053,0.0895,2497331251.0,217699207.77863,517261.0
2022-11-24,Binance,DOGEUSDT,0.08197,0.08434,0.08013,0.08146,739233520.0,60581917.57296,157812.0
2022-11-23,Binance,DOGEUSDT,0.07877,0.08354,0.07779,0.08197,1258795497.0,101965278.21921,254198.0
2022-11-22,Binance,DOGEUSDT,0.07466,0.0797,0.07307,0.07876,1448103545.0,110246289.20831,272164.0
2022-11-21,Binance,DOGEUSDT,0.07705,0.07738,0.07131,0.07466,1869844515.0,140422752.99603,339519.0
2022-11-20,Binance,DOGEUSDT,0.08455,0.08584,0.07633,0.07703,1168377788.0,95094290.32851,237688.0
2022-11-19,Binance,DOGEUSDT,0.08474,0.085,0.08303,0.08455,489697622.0,41155367.50098,104289.0
2022-11-18,Binance,DOGEUSDT,0.08467,0.08679,0.08363,0.08474,818587592.0,69702485.03383,167670.0
2022-11-17,Binance,DOGEUSDT,0.08549,0.08729,0.08233,0.08467,1133495442.0,96129101.7608,273758.0
2022-11-16,Binance,DOGEUSDT,0.08705,0.09121,0.08338,0.08548,1621532204.0,141081880.99413,389739.0
2022-11-15,Binance,DOGEUSDT,0.08594,0.0895,0.0847,0.08706,1318756115.0,114993655.98584,338530.0
2022-11-14,Binance,DOGEUSDT,0.08496,0.0915,0.07917,0.08595,2525683803.0,215477469.71021,607486.0
2022-11-13,Binance,DOGEUSDT,0.08814,0.09157,0.08269,0.08495,2193482956.0,191097547.85205,512861.0
2022-11-12,Binance,DOGEUSDT,0.08511,0.0952,0.07845,0.08815,3871215593.0,343823332.72233,847178.0
2022-11-11,Binance,DOGEUSDT,0.08976,0.09355,0.08001,0.08509,2597129664.0,221816642.55829,588140.0
2022-11-10,Binance,DOGEUSDT,0.07452,0.09461,0.07306,0.08978,4922943119.0,417803493.34345,999408.0
2022-11-09,Binance,DOGEUSDT,0.08827,0.09219,0.07053,0.0745,5778334733.0,480982925.20811,1239937.0
2022-11-08,Binance,DOGEUSDT,0.11124,0.113,0.0777,0.08827,6869827495.0,670413319.38954,1370546.0
2022-11-07,Binance,DOGEUSDT,0.11477,0.11908,0.10717,0.11123,1960584662.0,225174032.74715,500514.0
2022-11-06,Binance,DOGEUSDT,0.12444,0.1277,0.11183,0.11477,1828089235.0,221758203.0087,485972.0
2022-11-05,Binance,DOGEUSDT,0.12612,0.136,0.12013,0.12445,2575911841.0,331281649.24698,695074.0
2022-11-04,Binance,DOGEUSDT,0.12262,0.12915,0.11552,0.12613,4491405373.0,548496239.72487,1005024.0
2022-11-03,Binance,DOGEUSDT,0.12766,0.13699,0.12,0.12262,3814668576.0,496730355.76447,906771.0
2022-11-02,Binance,DOGEUSDT,0.14211,0.148,0.122,0.12765,6438544218.0,867245133.9326899,1769568.0
2022-11-01,Binance,DOGEUSDT,0.12685,0.15893,0.12448,0.14211,9951558350.0,1411667775.59788,2491954.0
2022-10-31,Binance,DOGEUSDT,0.11774,0.1318,0.11373,0.12686,7416828751.0,911376670.59762,1775888.0
2022-10-30,Binance,DOGEUSDT,0.12176,0.1435,0.11122,0.11773,9155956957.0,1141170407.6575,2261840.0
2022-10-29,Binance,DOGEUSDT,0.08387,0.1515,0.08285,0.12176,15308814618.0,1798336067.3402898,3566595.0
2022-10-28,Binance,DOGEUSDT,0.07686,0.08849,0.0725,0.08387,6297011393.0,510559448.88093,1194899.0
2022-10-27,Binance,DOGEUSDT,0.07265,0.08552,0.07172,0.07689,5263995288.0,410779648.60063,1100604.0
2022-10-26,Binance,DOGEUSDT,0.06304,0.07361,0.0626,0.07265,2893785380.0,198449308.69507,541272.0
2022-10-25,Binance,DOGEUSDT,0.05944,0.06428,0.05913,0.06305,1024580884.0,63512078.12967,188566.0
2022-10-24,Binance,DOGEUSDT,0.06038,0.06092,0.05866,0.05945,344276898.0,20517881.69431,61518.0
2022-10-23,Binance,DOGEUSDT,0.05969,0.0605,0.05865,0.06038,249563654.0,14889542.95298,48364.0
2022-10-22,Binance,DOGEUSDT,0.05933,0.0599,0.0591,0.05968,198858373.0,11826382.24416,37146.0
2022-10-21,Binance,DOGEUSDT,0.05942,0.05951,0.05709,0.05933,287377970.0,16820454.62145,63406.0
2022-10-20,Binance,DOGEUSDT,0.05868,0.06037,0.05823,0.05942,340532633.0,20302196.85916,69988.0
2022-10-19,Binance,DOGEUSDT,0.05975,0.0608,0.05821,0.05868,458718503.0,27312151.22634,89851.0
2022-10-18,Binance,DOGEUSDT,0.05997,0.06116,0.05854,0.05976,351446283.0,20960813.99784,67255.0
2022-10-17,Binance,DOGEUSDT,0.0589,0.06017,0.05854,0.05998,194737870.0,11577811.77047,42910.0
2022-10-16,Binance,DOGEUSDT,0.05857,0.05946,0.05847,0.05891,160481253.0,9462727.56161,36500.0
2022-10-15,Binance,DOGEUSDT,0.05865,0.05978,0.05797,0.05857,249335168.0,14666740.85068,46626.0
2022-10-14,Binance,DOGEUSDT,0.05964,0.06103,0.05809,0.05866,327532810.0,19607691.71104,68949.0
2022-10-13,Binance,DOGEUSDT,0.05979,0.06024,0.05509,0.05965,761866013.0,44151859.8439,152393.0
2022-10-12,Binance,DOGEUSDT,0.06025,0.06099,0.05927,0.05981,252208137.0,15156606.6674,56777.0
2022-10-11,Binance,DOGEUSDT,0.05938,0.06099,0.0575,0.06025,478062235.0,28383618.84857,98457.0
2022-10-10,Binance,DOGEUSDT,0.0621,0.0625,0.0592,0.05938,386782574.0,23509791.67939,69301.0
2022-10-09,Binance,DOGEUSDT,0.06164,0.0624,0.06116,0.06212,226968934.0,14029368.68017,36649.0
2022-10-08,Binance,DOGEUSDT,0.06237,0.06268,0.06118,0.06165,230874372.0,14343832.54382,40902.0
2022-10-07,Binance,DOGEUSDT,0.06345,0.06383,0.06124,0.06235,500880550.0,31312992.836,82519.0
2022-10-06,Binance,DOGEUSDT,0.06479,0.06686,0.06279,0.06345,685939526.0,44477017.14141,123088.0
2022-10-05,Binance,DOGEUSDT,0.06584,0.06687,0.06262,0.06478,1259186373.0,81341592.85263,204016.0
2022-10-04,Binance,DOGEUSDT,0.06033,0.06645,0.05994,0.06584,1976517731.0,126403288.6458,255886.0
2022-10-03,Binance,DOGEUSDT,0.05926,0.06058,0.05879,0.06034,317408954.0,19020021.38669,53939.0
2022-10-02,Binance,DOGEUSDT,0.0606,0.06096,0.0588,0.05927,337873392.0,20272146.94784,51539.0
2022-10-01,Binance,DOGEUSDT,0.06168,0.06316,0.06025,0.06059,716678180.0,44059482.24182,98562.0
2022-09-30,Binance,DOGEUSDT,0.06088,0.06228,0.05954,0.06167,685383674.0,41664780.96731,102479.0
2022-09-29,Binance,DOGEUSDT,0.06051,0.06108,0.05927,0.06086,399104883.0,24049395.58313,54785.0
2022-09-28,Binance,DOGEUSDT,0.0605,0.06113,0.05848,0.06051,501123807.0,30036516.5545,79377.0
2022-09-27,Binance,DOGEUSDT,0.06112,0.06307,0.05973,0.06048,580177161.0,35773053.65668,95709.0
2022-09-26,Binance,DOGEUSDT,0.06117,0.06188,0.05972,0.06113,586568692.0,35756992.15055,91888.0
2022-09-25,Binance,DOGEUSDT,0.0631,0.06388,0.06004,0.06117,773373679.0,48276106.40898,110041.0
2022-09-24,Binance,DOGEUSDT,0.06337,0.06831,0.06239,0.0631,2594470223.0,170902713.06413,349390.0
2022-09-23,Binance,DOGEUSDT,0.05959,0.06431,0.05912,0.06337,1396167433.0,86371325.55363,259047.0
2022-09-22,Binance,DOGEUSDT,0.05715,0.06007,0.05682,0.05958,485039595.0,28483271.56462,70300.0
2022-09-21,Binance,DOGEUSDT,0.0584,0.06091,0.05606,0.05715,802984616.0,47073505.85546,139420.0
2022-09-20,Binance,DOGEUSDT,0.05852,0.06064,0.05759,0.05839,518174761.0,30492514.28728,81153.0
2022-09-19,Binance,DOGEUSDT,0.05744,0.05881,0.05588,0.05853,624550093.0,35716492.84438,94666.0
2022-09-18,Binance,DOGEUSDT,0.0622,0.06225,0.05628,0.05743,600769480.0,35863959.74632,100983.0
2022-09-17,Binance,DOGEUSDT,0.06045,0.06241,0.0602,0.0622,440603174.0,27041972.67826,61471.0
2022-09-16,Binance,DOGEUSDT,0.05862,0.0605,0.05807,0.06046,481393122.0,28607431.91937,70575.0
2022-09-15,Binance,DOGEUSDT,0.06114,0.06121,0.05847,0.0586,674751292.0,40347892.64479,96278.0
2022-09-14,Binance,DOGEUSDT,0.05965,0.0615,0.05914,0.06115,689192149.0,41798988.64929,97112.0
2022-09-13,Binance,DOGEUSDT,0.06395,0.06419,0.05921,0.05964,1028728701.0,63391262.45387,150257.0
2022-09-12,Binance,DOGEUSDT,0.06369,0.06545,0.06261,0.06393,676230761.0,43219555.3989,108736.0
2022-09-11,Binance,DOGEUSDT,0.06467,0.06531,0.06261,0.06369,712921351.0,45630590.89664,90750.0
2022-09-10,Binance,DOGEUSDT,0.06386,0.06557,0.06315,0.06466,860544762.0,55200771.29684,123083.0
2022-09-09,Binance,DOGEUSDT,0.06099,0.06489,0.0609,0.06385,1042646377.0,65998539.36936,151533.0
2022-09-08,Binance,DOGEUSDT,0.06098,0.06142,0.05965,0.06096,474879318.0,28768305.85779,72624.0
2022-09-07,Binance,DOGEUSDT,0.05888,0.06155,0.05737,0.06097,572781904.0,34165531.24651,89347.0
2022-09-06,Binance,DOGEUSDT,0.06275,0.06531,0.058,0.05889,1030694821.0,63514276.34207,170358.0
2022-09-05,Binance,DOGEUSDT,0.06323,0.06374,0.06092,0.06275,394413001.0,24517576.85927,63748.0
2022-09-04,Binance,DOGEUSDT,0.06272,0.06391,0.06187,0.06323,426054692.0,26853885.68057,67731.0
2022-09-03,Binance,DOGEUSDT,0.06164,0.06403,0.06112,0.06271,506474868.0,31647515.43153,76020.0
2022-09-02,Binance,DOGEUSDT,0.06238,0.06288,0.06068,0.06165,436731244.0,27026922.44934,71654.0
2022-09-01,Binance,DOGEUSDT,0.06134,0.06263,0.05988,0.06239,567020740.0,34684316.50633,93637.0
2022-08-31,Binance,DOGEUSDT,0.06155,0.06346,0.06072,0.06135,550957335.0,34364230.04412,86619.0
2022-08-30,Binance,DOGEUSDT,0.06383,0.06448,0.06007,0.06154,611034766.0,38167405.14211,97424.0
2022-08-29,Binance,DOGEUSDT,0.06177,0.06409,0.06088,0.06384,599200371.0,37465302.10047,98535.0
2022-08-28,Binance,DOGEUSDT,0.06353,0.06432,0.06129,0.06178,533481708.0,33846104.97716,86127.0
2022-08-27,Binance,DOGEUSDT,0.06351,0.06412,0.06225,0.06351,713605775.0,45229400.8519,108895.0
2022-08-26,Binance,DOGEUSDT,0.06898,0.06957,0.06273,0.06351,1220146376.0,81314351.02837,197815.0
2022-08-25,Binance,DOGEUSDT,0.06791,0.07185,0.06761,0.06898,904268436.0,62766250.38044,137328.0
2022-08-24,Binance,DOGEUSDT,0.06884,0.06967,0.06703,0.06791,536623127.0,36591184.20362,92822.0
2022-08-23,Binance,DOGEUSDT,0.06841,0.06923,0.06687,0.06884,498322188.0,34066084.81716,94894.0
2022-08-22,Binance,DOGEUSDT,0.06933,0.06942,0.06518,0.0684,884457833.0,59378487.97607,145254.0
2022-08-21,Binance,DOGEUSDT,0.06934,0.0708,0.06739,0.06932,1013563879.0,70057646.24807,155807.0
2022-08-20,Binance,DOGEUSDT,0.06777,0.07118,0.06764,0.06933,1258894600.0,87443532.84146,204560.0
2022-08-19,Binance,DOGEUSDT,0.07474,0.07529,0.06702,0.06776,2379477045.0,168029925.32561,401666.0
2022-08-18,Binance,DOGEUSDT,0.08021,0.08229,0.07347,0.07474,1299546363.0,102929979.46226,259237.0
2022-08-17,Binance,DOGEUSDT,0.08677,0.08897,0.07933,0.08021,2056226341.0,172611549.57315,405868.0
2022-08-16,Binance,DOGEUSDT,0.07663,0.08962,0.07615,0.08677,4011386761.0,340605368.97791,752568.0
2022-08-15,Binance,DOGEUSDT,0.08168,0.08203,0.07467,0.07662,1760099314.0,136804167.31093,277498.0
2022-08-14,Binance,DOGEUSDT,0.07292,0.08494,0.07262,0.08168,3169284659.0,250618168.79897,532696.0
2022-08-13,Binance,DOGEUSDT,0.07232,0.07517,0.0718,0.07293,814196356.0,59835990.93462,129095.0
2022-08-12,Binance,DOGEUSDT,0.07085,0.07275,0.06966,0.0723,558720656.0,39743070.26094,89846.0
2022-08-11,Binance,DOGEUSDT,0.07126,0.0755,0.07042,0.07084,1244652711.0,90027449.51609,193542.0
2022-08-10,Binance,DOGEUSDT,0.06902,0.07147,0.06649,0.07126,864532997.0,60269762.27526,141421.0
2022-08-09,Binance,DOGEUSDT,0.07009,0.075,0.06743,0.06904,1319171735.0,93675515.65975,209593.0
2022-08-08,Binance,DOGEUSDT,0.06896,0.07258,0.06881,0.07011,791973876.0,55880993.42293,120684.0
2022-08-07,Binance,DOGEUSDT,0.06863,0.07,0.06735,0.06897,334443472.0,23010367.80449,62626.0
2022-08-06,Binance,DOGEUSDT,0.06981,0.07133,0.0684,0.06863,515275101.0,35996342.73437,84616.0
2022-08-05,Binance,DOGEUSDT,0.06725,0.07028,0.06717,0.06981,655343802.0,45187095.79871,117930.0
2022-08-04,Binance,DOGEUSDT,0.06621,0.06767,0.06574,0.06725,417953599.0,27891714.90145,85584.0
2022-08-03,Binance,DOGEUSDT,0.06652,0.06842,0.06509,0.06621,475501306.0,31901099.46224,97042.0
2022-08-02,Binance,DOGEUSDT,0.06845,0.06913,0.06546,0.06652,571786789.0,38263225.02652,122520.0
2022-08-01,Binance,DOGEUSDT,0.06809,0.07128,0.06682,0.06845,770509779.0,52890145.22155,148817.0
2022-07-31,Binance,DOGEUSDT,0.06966,0.07225,0.06771,0.06807,789967033.0,55406419.32442,150464.0
2022-07-30,Binance,DOGEUSDT,0.06879,0.07454,0.06788,0.06965,1305533142.0,93038892.43579,252675.0
2022-07-29,Binance,DOGEUSDT,0.06912,0.07244,0.06723,0.06877,1006131726.0,70028114.06012,208331.0
2022-07-28,Binance,DOGEUSDT,0.06722,0.07089,0.06518,0.06909,947954323.0,64139627.45806,173112.0
2022-07-27,Binance,DOGEUSDT,0.06253,0.06722,0.06178,0.06721,722135201.0,46414228.10884,120098.0
2022-07-26,Binance,DOGEUSDT,0.06194,0.06267,0.06011,0.06252,598070119.0,36715804.47835,108008.0
2022-07-25,Binance,DOGEUSDT,0.06755,0.06799,0.06175,0.06193,699294463.0,45313108.85976,136385.0
2022-07-24,Binance,DOGEUSDT,0.06802,0.06893,0.06721,0.06755,422181889.0,28833198.0095,81519.0
2022-07-23,Binance,DOGEUSDT,0.06743,0.0695,0.06594,0.06804,574830361.0,38863079.68434,115180.0
2022-07-22,Binance,DOGEUSDT,0.06997,0.07141,0.0667,0.06743,698239065.0,48427831.55123,140701.0
2022-07-21,Binance,DOGEUSDT,0.07012,0.07091,0.06691,0.06998,831525229.0,57296862.70056,167881.0
2022-07-20,Binance,DOGEUSDT,0.06902,0.07695,0.06769,0.07014,1879167633.0,136124920.87375,393791.0
2022-07-19,Binance,DOGEUSDT,0.06755,0.07025,0.06539,0.06901,1049353576.0,71280807.39764,211211.0
2022-07-18,Binance,DOGEUSDT,0.06306,0.06897,0.06299,0.06756,1153131436.0,76698811.25945,211722.0
2022-07-17,Binance,DOGEUSDT,0.06437,0.06552,0.06289,0.06306,413264543.0,26531191.9023,80443.0
2022-07-16,Binance,DOGEUSDT,0.06293,0.06484,0.06176,0.06439,450542104.0,28598349.07682,86274.0
2022-07-15,Binance,DOGEUSDT,0.06247,0.06443,0.06162,0.06294,651264714.0,41111678.24732,119396.0
2022-07-14,Binance,DOGEUSDT,0.06194,0.06282,0.05946,0.06246,619370560.0,37889836.80867,100279.0
2022-07-13,Binance,DOGEUSDT,0.05981,0.06235,0.05754,0.06194,765623144.0,46058378.1556,135523.0
2022-07-12,Binance,DOGEUSDT,0.06175,0.06316,0.05972,0.05982,490698646.0,30143407.77588,91247.0
2022-07-11,Binance,DOGEUSDT,0.06728,0.06729,0.06119,0.06175,567740257.0,36619245.03575,99063.0
2022-07-10,Binance,DOGEUSDT,0.06947,0.0695,0.06626,0.06728,500345310.0,33772694.86866,76057.0
2022-07-09,Binance,DOGEUSDT,0.06906,0.07019,0.06881,0.06947,356555177.0,24788969.66587,65425.0
2022-07-08,Binance,DOGEUSDT,0.07056,0.0735,0.06823,0.06906,767634396.0,53866869.99886,144875.0
2022-07-07,Binance,DOGEUSDT,0.06843,0.07122,0.06786,0.07055,698711394.0,48639931.15523,117622.0
2022-07-06,Binance,DOGEUSDT,0.06716,0.0693,0.06616,0.06844,643845555.0,43652824.59127,120657.0
2022-07-05,Binance,DOGEUSDT,0.06937,0.07002,0.0655,0.06716,634033746.0,42994496.94514,128561.0
2022-07-04,Binance,DOGEUSDT,0.06721,0.06981,0.06566,0.06938,647421086.0,43855197.21635,119132.0
2022-07-03,Binance,DOGEUSDT,0.06667,0.0675,0.06482,0.06721,437895956.0,28974235.9598,85450.0
2022-07-02,Binance,DOGEUSDT,0.06645,0.068,0.0655,0.06667,618971181.0,41350431.9297,127773.0
2022-07-01,Binance,DOGEUSDT,0.06642,0.06846,0.06386,0.06644,872749922.0,57629359.70038,173602.0
2022-06-30,Binance,DOGEUSDT,0.06958,0.06973,0.06227,0.06644,1057005992.0,68718354.41226,218258.0
2022-06-29,Binance,DOGEUSDT,0.0661,0.07159,0.06409,0.06956,1112315068.0,75029965.78287,216150.0
2022-06-28,Binance,DOGEUSDT,0.07218,0.0734,0.0654,0.0661,1134861583.0,79223772.7859,205405.0
2022-06-27,Binance,DOGEUSDT,0.07297,0.0788,0.0705,0.07216,1823287836.0,136307639.09611,350225.0
2022-06-26,Binance,DOGEUSDT,0.06852,0.07759,0.06719,0.07296,1762543405.0,127948048.33162,327553.0
2022-06-25,Binance,DOGEUSDT,0.06694,0.06934,0.0651,0.06852,767798491.0,51757596.91645,134228.0
2022-06-24,Binance,DOGEUSDT,0.06398,0.06854,0.06391,0.06694,897806951.0,59396860.79661,155576.0
2022-06-23,Binance,DOGEUSDT,0.06172,0.06476,0.06155,0.06398,826794075.0,52477537.64891,131736.0
2022-06-22,Binance,DOGEUSDT,0.06583,0.06583,0.06105,0.0617,1245199586.0,78422432.89696,232702.0
2022-06-21,Binance,DOGEUSDT,0.06002,0.06993,0.05896,0.06581,2221434344.0,144904487.74883,386924.0
2022-06-20,Binance,DOGEUSDT,0.06046,0.06152,0.05744,0.06002,963247514.0,57195844.19724,184453.0
2022-06-19,Binance,DOGEUSDT,0.05289,0.0629,0.05116,0.06047,2339917678.0,133346502.12006,397192.0
2022-06-18,Binance,DOGEUSDT,0.0569,0.05787,0.04914,0.0529,1478029999.0,78653187.16525,234084.0
2022-06-17,Binance,DOGEUSDT,0.05523,0.05814,0.05463,0.05689,694665887.0,39400049.44512,120789.0
2022-06-16,Binance,DOGEUSDT,0.06285,0.06285,0.05421,0.05523,1635504912.0,94401491.76816,258302.0
2022-06-15,Binance,DOGEUSDT,0.05556,0.06394,0.05041,0.06285,2340963490.0,128648902.12516,391699.0
2022-06-14,Binance,DOGEUSDT,0.05418,0.05842,0.04978,0.05555,2292552206.0,125432740.9097084,353154.0
2022-06-13,Binance,DOGEUSDT,0.06352,0.06627,0.05234,0.0542,3222482666.2,183236473.66619447,519889.0
2022-06-12,Binance,DOGEUSDT,0.06994,0.07037,0.06344,0.06353,1339377069.7,88779563.9790248,214387.0
2022-06-11,Binance,DOGEUSDT,0.07538,0.07649,0.06793,0.06993,750865386.0,53683178.03036,131409.0
2022-06-10,Binance,DOGEUSDT,0.07937,0.07974,0.07423,0.07539,584554571.0,45010854.55354,105310.0
2022-06-09,Binance,DOGEUSDT,0.07927,0.08105,0.07893,0.07937,322805496.0,25765458.37242,64815.0
2022-06-08,Binance,DOGEUSDT,0.08039,0.0816,0.0788,0.07927,536757669.0,42979808.21191,95641.0
2022-06-07,Binance,DOGEUSDT,0.0825,0.08258,0.07769,0.08039,733934095.0,58834598.51563,123942.0
2022-06-06,Binance,DOGEUSDT,0.08108,0.08473,0.08089,0.0825,810064865.0,67215049.35909,122162.0
2022-06-05,Binance,DOGEUSDT,0.08188,0.08225,0.0806,0.08107,372318514.0,30371072.32997,63142.0
2022-06-04,Binance,DOGEUSDT,0.08033,0.08252,0.07932,0.08187,508858133.0,41312175.35615,78651.0
2022-06-03,Binance,DOGEUSDT,0.08279,0.08296,0.07936,0.08029,719704158.0,58286787.39083,112202.0
2022-06-02,Binance,DOGEUSDT,0.08106,0.08313,0.08001,0.08277,950935239.0,77422479.03407,138166.0
2022-06-01,Binance,DOGEUSDT,0.0859,0.08952,0.07872,0.08105,2111914425.0,179173789.19822,273373.0
2022-05-31,Binance,DOGEUSDT,0.088,0.0885,0.08308,0.08591,1380975219.0,118883517.63877,198304.0
2022-05-30,Binance,DOGEUSDT,0.0827,0.08857,0.0821,0.088,1210365782.0,103736341.96524,175361.0
2022-05-29,Binance,DOGEUSDT,0.0818,0.0833,0.0798,0.0827,368598200.0,30139562.1843,53700.0
2022-05-28,Binance,DOGEUSDT,0.0815,0.0834,0.0808,0.0818,539169761.0,44147605.091,70892.0
2022-05-27,Binance,DOGEUSDT,0.0779,0.09,0.076,0.0816,1955445636.0,161102847.6199,254240.0
2022-05-26,Binance,DOGEUSDT,0.0829,0.0837,0.075,0.0779,863761845.0,68207421.01,99973.0
2022-05-25,Binance,DOGEUSDT,0.0837,0.0845,0.0821,0.083,417147590.0,34683533.0139,49561.0
2022-05-24,Binance,DOGEUSDT,0.0833,0.0844,0.0801,0.0837,359716178.0,29793056.7447,51015.0
2022-05-23,Binance,DOGEUSDT,0.0859,0.0884,0.0821,0.0833,491119625.0,42231960.2234,77802.0
2022-05-22,Binance,DOGEUSDT,0.0844,0.0867,0.0838,0.0859,212040160.0,18116210.7432,42904.0
2022-05-21,Binance,DOGEUSDT,0.084,0.0855,0.0824,0.0845,200173227.0,16839511.2088,41884.0
2022-05-20,Binance,DOGEUSDT,0.0866,0.088,0.0825,0.084,494642225.0,42242911.2553,125585.0
2022-05-19,Binance,DOGEUSDT,0.0834,0.0876,0.0814,0.0866,537654022.0,45628823.8841,101250.0
2022-05-18,Binance,DOGEUSDT,0.0903,0.091,0.0831,0.0833,552003943.0,47920803.8084,91933.0
2022-05-17,Binance,DOGEUSDT,0.088,0.0914,0.0869,0.0903,632579482.0,56518959.3183,105455.0
2022-05-16,Binance,DOGEUSDT,0.0932,0.0932,0.0858,0.088,674846170.0,59593088.4111,108447.0
2022-05-15,Binance,DOGEUSDT,0.0895,0.0933,0.0864,0.0932,799028070.0,71273603.9508,117569.0
2022-05-14,Binance,DOGEUSDT,0.0881,0.092,0.0836,0.0894,1212363074.0,106875054.287,179875.0
2022-05-13,Binance,DOGEUSDT,0.0826,0.0964,0.082,0.0881,2571346706.0,232985182.6653,342187.0
2022-05-12,Binance,DOGEUSDT,0.0852,0.0899,0.0689,0.0826,4099690301.0,324180510.40739286,612330.0
2022-05-11,Binance,DOGEUSDT,0.108,0.1109,0.0711,0.0853,4698607567.9,440124665.1290712,639261.0
2022-05-10,Binance,DOGEUSDT,0.1018,0.1184,0.0992,0.108,1929997320.5,210771372.329382,307346.0
2022-05-09,Binance,DOGEUSDT,0.1241,0.1253,0.1001,0.1019,2102771008.3,239113759.3231294,312051.0
2022-05-08,Binance,DOGEUSDT,0.1274,0.1283,0.1226,0.1241,770287457.0,96542930.9894,124742.0
2022-05-07,Binance,DOGEUSDT,0.1277,0.1324,0.1245,0.1275,913433603.0,117146687.0366,152856.0
2022-05-06,Binance,DOGEUSDT,0.1281,0.1299,0.1234,0.1278,919219399.0,116682459.5988,146685.0
2022-05-05,Binance,DOGEUSDT,0.136,0.1378,0.125,0.1282,1663729207.0,218173969.8404,239158.0
2022-05-04,Binance,DOGEUSDT,0.1294,0.1363,0.129,0.1359,999925457.0,131931283.3135,143213.0
2022-05-03,Binance,DOGEUSDT,0.1308,0.132,0.1264,0.1295,602983927.0,78261051.8947,86809.0
2022-05-02,Binance,DOGEUSDT,0.1327,0.134,0.1276,0.1308,791121203.0,103670354.2818,119984.0
2022-05-01,Binance,DOGEUSDT,0.1273,0.1366,0.126,0.1327,1208220038.0,158692847.4427,186400.0
2022-04-30,Binance,DOGEUSDT,0.135,0.1368,0.1238,0.1274,1256533034.0,164757599.6811,242872.0
2022-04-29,Binance,DOGEUSDT,0.1375,0.1451,0.1331,0.1349,2002962085.0,277934350.0211,327678.0
2022-04-28,Binance,DOGEUSDT,0.1399,0.1433,0.1352,0.1375,1507644481.0,209786452.3578,222069.0
2022-04-27,Binance,DOGEUSDT,0.1376,0.1456,0.135,0.14,2395315272.0,336123088.5247,373346.0
2022-04-26,Binance,DOGEUSDT,0.1582,0.1668,0.1354,0.1376,6993892003.0,1069301464.5069,1199816.0
2022-04-25,Binance,DOGEUSDT,0.1318,0.1711,0.1224,0.1581,7687212862.0,1147372432.2386,1341383.0
2022-04-24,Binance,DOGEUSDT,0.1338,0.1348,0.1309,0.1317,521764787.0,69350563.4178,71201.0
2022-04-23,Binance,DOGEUSDT,0.1363,0.1368,0.1331,0.1339,337691149.0,45561190.4933,56187.0
2022-04-22,Binance,DOGEUSDT,0.1362,0.1382,0.1346,0.1363,572175737.0,78050873.8321,82694.0
2022-04-21,Binance,DOGEUSDT,0.1407,0.143,0.134,0.1362,873720271.0,121931727.0683,134778.0
2022-04-20,Binance,DOGEUSDT,0.1425,0.1468,0.1389,0.1407,1387121991.0,198712438.6518,183954.0
2022-04-19,Binance,DOGEUSDT,0.1401,0.1446,0.1391,0.1425,811386437.0,114731377.7582,121222.0
2022-04-18,Binance,DOGEUSDT,0.1392,0.1405,0.1327,0.1402,1219207335.0,166631673.4024,172568.0
2022-04-17,Binance,DOGEUSDT,0.1435,0.145,0.1383,0.1392,693196715.0,98798237.2005,118303.0
2022-04-16,Binance,DOGEUSDT,0.1458,0.148,0.1414,0.1435,747201976.0,107920654.559,126459.0
2022-04-15,Binance,DOGEUSDT,0.1442,0.1498,0.1418,0.1458,1414074566.0,206421725.1436,242481.0
2022-04-14,Binance,DOGEUSDT,0.14,0.1478,0.1368,0.1441,2218098250.0,316371897.4894,347004.0
2022-04-13,Binance,DOGEUSDT,0.138,0.1435,0.1362,0.1399,982887318.0,137393251.8626,166895.0
2022-04-12,Binance,DOGEUSDT,0.134,0.1446,0.1332,0.138,1432968065.0,198763674.2482,239645.0
2022-04-11,Binance,DOGEUSDT,0.1482,0.1515,0.1329,0.1341,2077944539.0,295551510.5921,336976.0
2022-04-10,Binance,DOGEUSDT,0.1442,0.1578,0.1435,0.1482,2653381549.0,402339087.5243,440083.0
2022-04-09,Binance,DOGEUSDT,0.1423,0.1446,0.1405,0.1442,598706994.0,85533936.6791,104463.0
2022-04-08,Binance,DOGEUSDT,0.1459,0.1534,0.1404,0.1424,2219140122.0,327404865.7738,316228.0
2022-04-07,Binance,DOGEUSDT,0.1432,0.1483,0.14,0.1459,1901323940.0,274657540.8829,268958.0
2022-04-06,Binance,DOGEUSDT,0.1727,0.1748,0.141,0.1433,5121714785.0,798394034.0751,885187.0
2022-04-05,Binance,DOGEUSDT,0.1485,0.1796,0.1471,0.1727,6454340799.0,1051143328.0815,1285123.0
2022-04-04,Binance,DOGEUSDT,0.1465,0.1567,0.1412,0.1485,2703058960.0,400091044.5882,508873.0
2022-04-03,Binance,DOGEUSDT,0.1387,0.1496,0.1362,0.1466,1229288569.0,177342644.6458,227999.0
2022-04-02,Binance,DOGEUSDT,0.1414,0.1445,0.1378,0.1387,804996467.0,114155659.6984,132416.0
2022-04-01,Binance,DOGEUSDT,0.1381,0.143,0.132,0.1413,1030256213.0,141710757.4801,167265.0
2022-03-31,Binance,DOGEUSDT,0.1431,0.148,0.1359,0.1381,1464999405.0,208348718.7568,198636.0
2022-03-30,Binance,DOGEUSDT,0.1444,0.1456,0.1379,0.1432,1131014248.0,161160202.4198,170897.0
2022-03-29,Binance,DOGEUSDT,0.1424,0.1489,0.1404,0.1444,1173218699.0,170284471.0566,187360.0
2022-03-28,Binance,DOGEUSDT,0.1447,0.1537,0.1406,0.1425,1905719594.0,283833893.9669,350602.0
2022-03-27,Binance,DOGEUSDT,0.1361,0.1456,0.1354,0.1448,1864810242.0,262487760.1338,330309.0
2022-03-26,Binance,DOGEUSDT,0.1308,0.1369,0.1289,0.136,780328909.0,103966571.1626,125845.0
2022-03-25,Binance,DOGEUSDT,0.1368,0.1377,0.1274,0.1308,1191949148.0,159055133.6597,181034.0
2022-03-24,Binance,DOGEUSDT,0.1299,0.1413,0.1277,0.1368,2168603367.0,295002518.0014,388811.0
2022-03-23,Binance,DOGEUSDT,0.1224,0.1314,0.121,0.1298,1136679760.0,143902569.424,188709.0
2022-03-22,Binance,DOGEUSDT,0.1193,0.1257,0.1186,0.1224,640695818.0,78763665.2956,108852.0
2022-03-21,Binance,DOGEUSDT,0.1191,0.1217,0.1176,0.1192,403696503.0,48265946.8891,75027.0
2022-03-20,Binance,DOGEUSDT,0.1235,0.1241,0.1174,0.1191,425713425.0,51233957.8634,72191.0
2022-03-19,Binance,DOGEUSDT,0.1192,0.1251,0.1183,0.1236,678711412.0,82752666.0781,125676.0
2022-03-18,Binance,DOGEUSDT,0.1164,0.1196,0.1142,0.1191,431655767.0,50225238.4235,72814.0
2022-03-17,Binance,DOGEUSDT,0.117,0.1194,0.1158,0.1163,444108919.0,52079343.9242,70463.0
2022-03-16,Binance,DOGEUSDT,0.1126,0.1171,0.1121,0.1171,548022368.0,62626458.849,95577.0
2022-03-15,Binance,DOGEUSDT,0.1139,0.1143,0.1101,0.1126,417039779.0,46852675.1383,67179.0
2022-03-14,Binance,DOGEUSDT,0.1114,0.122,0.1102,0.1139,948724536.0,109293070.661,142648.0
2022-03-13,Binance,DOGEUSDT,0.1147,0.1164,0.1099,0.1114,401940015.0,45696820.4437,76195.0
2022-03-12,Binance,DOGEUSDT,0.1154,0.1173,0.1146,0.1147,214689375.0,24944582.4179,42957.0
2022-03-11,Binance,DOGEUSDT,0.1169,0.1186,0.1137,0.1155,407557724.0,47332538.5095,70497.0
2022-03-10,Binance,DOGEUSDT,0.1215,0.1219,0.1145,0.1169,558495794.0,65399400.457,94268.0
2022-03-09,Binance,DOGEUSDT,0.117,0.1245,0.1164,0.1215,538317389.0,65487819.9602,100324.0
2022-03-08,Binance,DOGEUSDT,0.1168,0.12,0.1152,0.117,545435466.0,64282780.3031,94497.0
2022-03-07,Binance,DOGEUSDT,0.1207,0.1226,0.1132,0.1167,511547343.0,60797673.3187,96499.0
2022-03-06,Binance,DOGEUSDT,0.1249,0.1256,0.1193,0.1207,386679370.0,47420631.5594,75202.0
2022-03-05,Binance,DOGEUSDT,0.1226,0.1256,0.1209,0.125,323924728.0,39959043.8724,58768.0
2022-03-04,Binance,DOGEUSDT,0.1297,0.1302,0.12,0.1226,660309989.0,83001834.0509,115814.0
2022-03-03,Binance,DOGEUSDT,0.133,0.1339,0.1271,0.1297,523496191.0,68490030.5126,100557.0
2022-03-02,Binance,DOGEUSDT,0.134,0.1373,0.1306,0.133,672511452.0,89853516.1337,116521.0
2022-03-01,Binance,DOGEUSDT,0.1334,0.139,0.1297,0.134,925222290.0,123564983.0935,158151.0
2022-02-28,Binance,DOGEUSDT,0.123,0.1349,0.1213,0.1335,734786347.0,93226670.4512,122865.0
2022-02-27,Binance,DOGEUSDT,0.1276,0.1284,0.1209,0.1229,635411701.0,79466421.6328,98850.0
2022-02-26,Binance,DOGEUSDT,0.1276,0.1306,0.1257,0.1276,531223949.0,67936605.6052,87364.0
2022-02-25,Binance,DOGEUSDT,0.1241,0.1284,0.1205,0.1276,799509758.0,99339704.0152,131729.0
2022-02-24,Binance,DOGEUSDT,0.1273,0.1277,0.1065,0.1241,2457565179.9,285892016.455516,340480.0
2022-02-23,Binance,DOGEUSDT,0.1313,0.1356,0.1272,0.1273,608946632.0,80213055.0623,88771.0
2022-02-22,Binance,DOGEUSDT,0.1283,0.1318,0.1238,0.1313,711049048.0,91140316.2741,105668.0
2022-02-21,Binance,DOGEUSDT,0.1367,0.1419,0.1271,0.1282,1003925366.0,136174984.9356,144334.0
2022-02-20,Binance,DOGEUSDT,0.1409,0.1411,0.135,0.1366,508576015.0,69748594.557,82037.0
2022-02-19,Binance,DOGEUSDT,0.1386,0.1465,0.1384,0.1409,677612304.0,96251390.2328,119164.0
2022-02-18,Binance,DOGEUSDT,0.1383,0.1422,0.136,0.1386,619882904.0,86323668.0815,100190.0
2022-02-17,Binance,DOGEUSDT,0.1487,0.15,0.1368,0.1383,740203412.0,106248232.2278,141390.0
2022-02-16,Binance,DOGEUSDT,0.1517,0.1517,0.1462,0.1487,432478291.0,64397688.0138,98490.0
2022-02-15,Binance,DOGEUSDT,0.1458,0.1524,0.1448,0.1517,600243216.0,89684396.7507,125329.0
2022-02-14,Binance,DOGEUSDT,0.1481,0.1506,0.1427,0.1457,901483820.0,131524397.0247,158846.0
2022-02-13,Binance,DOGEUSDT,0.1443,0.158,0.1437,0.148,1586345314.0,241312989.5697,296082.0
2022-02-12,Binance,DOGEUSDT,0.1446,0.1475,0.1402,0.1444,573672346.0,82327832.1591,117786.0
2022-02-11,Binance,DOGEUSDT,0.1515,0.1543,0.1419,0.1446,706523003.0,105560457.2996,154473.0
2022-02-10,Binance,DOGEUSDT,0.1594,0.1607,0.15,0.1514,921972005.0,143685718.0366,208286.0
2022-02-09,Binance,DOGEUSDT,0.1582,0.1624,0.1542,0.1594,691842118.0,109484358.685,163418.0
2022-02-08,Binance,DOGEUSDT,0.1653,0.1711,0.1529,0.1581,1273034951.0,204348469.3536,312226.0
2022-02-07,Binance,DOGEUSDT,0.154,0.1731,0.1513,0.1653,1810847856.0,293541596.5885,464947.0
2022-02-06,Binance,DOGEUSDT,0.1468,0.1559,0.1445,0.1539,705984242.0,106084049.9773,191837.0
2022-02-05,Binance,DOGEUSDT,0.1479,0.1507,0.1447,0.1469,526695035.0,78083669.3031,157132.0
2022-02-04,Binance,DOGEUSDT,0.138,0.1481,0.1369,0.1478,562305646.0,79672789.3674,144888.0
2022-02-03,Binance,DOGEUSDT,0.1369,0.1389,0.1346,0.1379,384297073.0,52515119.2962,102345.0
2022-02-02,Binance,DOGEUSDT,0.1423,0.1466,0.135,0.137,491750010.0,69462097.1151,153061.0
2022-02-01,Binance,DOGEUSDT,0.1416,0.1444,0.1408,0.1423,374440012.0,53367321.6631,113926.0
2022-01-31,Binance,DOGEUSDT,0.1392,0.1426,0.1363,0.1415,365107026.0,50863765.1392,104382.0
2022-01-30,Binance,DOGEUSDT,0.1429,0.1438,0.138,0.1391,341622629.0,48248673.1056,100186.0
2022-01-29,Binance,DOGEUSDT,0.1415,0.1442,0.1403,0.143,339117872.0,48327531.0195,100888.0
2022-01-28,Binance,DOGEUSDT,0.1415,0.1426,0.1377,0.1414,464231063.0,65093571.55,134663.0
2022-01-27,Binance,DOGEUSDT,0.1431,0.1459,0.1362,0.1414,677890025.0,95591229.4124,178577.0
2022-01-26,Binance,DOGEUSDT,0.1427,0.1534,0.1409,0.1431,1324673854.0,195069981.4125,323716.0
2022-01-25,Binance,DOGEUSDT,0.1373,0.1506,0.1325,0.1427,1316136672.0,185529039.4845,329252.0
2022-01-24,Binance,DOGEUSDT,0.1417,0.1418,0.1256,0.1373,1607720454.0,212415108.1292,315848.0
2022-01-23,Binance,DOGEUSDT,0.1333,0.1447,0.132,0.1418,1196841624.0,165845229.2333,264793.0
2022-01-22,Binance,DOGEUSDT,0.142,0.1453,0.12,0.1332,2241546261.6,295060612.1658983,463517.0
2022-01-21,Binance,DOGEUSDT,0.1553,0.1576,0.1399,0.1419,1503858051.0,224735013.2596,364233.0
2022-01-20,Binance,DOGEUSDT,0.1616,0.1693,0.1536,0.1553,763530515.0,123916671.2321,209516.0
2022-01-19,Binance,DOGEUSDT,0.1651,0.1696,0.1589,0.1615,867134554.0,142010625.8198,228221.0
2022-01-18,Binance,DOGEUSDT,0.1708,0.1743,0.1616,0.1651,945110452.0,157263745.6347,261221.0
2022-01-17,Binance,DOGEUSDT,0.1766,0.1784,0.1656,0.1708,1091483397.0,185872598.3903,294432.0
2022-01-16,Binance,DOGEUSDT,0.1845,0.1847,0.1734,0.1766,1069094552.0,191535560.1624,295928.0
2022-01-15,Binance,DOGEUSDT,0.1832,0.1948,0.1815,0.1845,1633943311.0,308140647.2091,433639.0
2022-01-14,Binance,DOGEUSDT,0.1716,0.2148,0.1703,0.1832,5406672589.0,1034712134.3893,1616626.0
2022-01-13,Binance,DOGEUSDT,0.1627,0.1781,0.1613,0.1717,2116971492.0,358114424.2763,608901.0
2022-01-12,Binance,DOGEUSDT,0.1538,0.1636,0.1511,0.1628,911010585.0,143396864.3384,216889.0
2022-01-11,Binance,DOGEUSDT,0.143,0.167,0.1417,0.1538,1691718365.0,261232755.9332,414265.0
2022-01-10,Binance,DOGEUSDT,0.1505,0.1522,0.1368,0.1431,845047878.0,121825858.8591,195011.0
2022-01-09,Binance,DOGEUSDT,0.1509,0.1539,0.1486,0.1505,381170543.0,57712544.2089,92096.0
2022-01-08,Binance,DOGEUSDT,0.1551,0.1579,0.1451,0.1509,582238373.0,88691615.3809,145534.0
2022-01-07,Binance,DOGEUSDT,0.16,0.1604,0.1489,0.155,1079690606.0,165985187.7182,238457.0
2022-01-06,Binance,DOGEUSDT,0.1591,0.1621,0.1539,0.1599,705767171.0,111252225.6206,163053.0
2022-01-05,Binance,DOGEUSDT,0.1685,0.171,0.1472,0.159,1084632258.0,175586840.1573,307998.0
2022-01-04,Binance,DOGEUSDT,0.1703,0.1726,0.1665,0.1684,496439208.0,84445791.1798,127545.0
2022-01-03,Binance,DOGEUSDT,0.1745,0.1745,0.1674,0.1703,460985351.0,78769279.941,139249.0
2022-01-02,Binance,DOGEUSDT,0.1731,0.1763,0.1705,0.1745,312955886.0,54232018.27,103674.0
2022-01-01,Binance,DOGEUSDT,0.1703,0.1737,0.1697,0.1732,297504077.0,51118607.6971,78125.0
2021-12-31,Binance,DOGEUSDT,0.171,0.1758,0.1661,0.1703,572705101.0,98370383.9899,152444.0
2021-12-30,Binance,DOGEUSDT,0.168,0.1758,0.1651,0.1711,524275170.0,89910272.5192,153194.0
2021-12-29,Binance,DOGEUSDT,0.1738,0.1773,0.1661,0.168,716005365.0,123220165.937,212435.0
2021-12-28,Binance,DOGEUSDT,0.1879,0.188,0.1716,0.1739,979781920.0,175401657.4792,269089.0
2021-12-27,Binance,DOGEUSDT,0.1898,0.1928,0.1863,0.1879,613110414.0,116692687.3609,168262.0
2021-12-26,Binance,DOGEUSDT,0.1908,0.1925,0.1849,0.1898,537153520.0,101438456.6451,177174.0
2021-12-25,Binance,DOGEUSDT,0.1862,0.1957,0.1847,0.1908,883688963.0,168076719.3973,266869.0
2021-12-24,Binance,DOGEUSDT,0.1851,0.1955,0.1791,0.1862,1245243107.0,232804232.8805,384375.0
2021-12-23,Binance,DOGEUSDT,0.173,0.1851,0.1712,0.185,1027458506.0,183498382.2527,277776.0
2021-12-22,Binance,DOGEUSDT,0.1708,0.1799,0.1697,0.173,885691231.0,154399902.6538,237658.0
2021-12-21,Binance,DOGEUSDT,0.1671,0.1724,0.1657,0.1707,514233887.0,87347665.2781,145562.0
2021-12-20,Binance,DOGEUSDT,0.1695,0.1708,0.161,0.1671,823398873.0,136335890.5978,204021.0
2021-12-19,Binance,DOGEUSDT,0.1723,0.1746,0.1691,0.1694,479149291.0,82264945.656,119876.0
2021-12-18,Binance,DOGEUSDT,0.1684,0.1757,0.1659,0.1723,594262965.0,101910893.0598,153484.0
2021-12-17,Binance,DOGEUSDT,0.1732,0.1766,0.1614,0.1685,1033871332.0,175363100.3527,269528.0
2021-12-16,Binance,DOGEUSDT,0.1808,0.1853,0.1723,0.1732,1077785070.0,193396915.8299,286034.0
2021-12-15,Binance,DOGEUSDT,0.1909,0.1912,0.1703,0.1808,2177343912.0,391861093.2135,611631.0
2021-12-14,Binance,DOGEUSDT,0.1574,0.2204,0.1549,0.1909,7338444571.0,1422980144.51515,2081987.0
2021-12-13,Binance,DOGEUSDT,0.1696,0.1704,0.1514,0.1573,972416861.0,155604545.4369,239379.0
2021-12-12,Binance,DOGEUSDT,0.1689,0.1738,0.1656,0.1697,499912432.0,84602890.4418,138604.0
2021-12-11,Binance,DOGEUSDT,0.1641,0.17,0.1612,0.1689,654792769.0,109062931.8055,151183.0
2021-12-10,Binance,DOGEUSDT,0.1691,0.1748,0.1632,0.1641,743981315.0,125683654.8777,210728.0
2021-12-09,Binance,DOGEUSDT,0.1791,0.1833,0.1685,0.1691,974195305.0,171167695.3426,261310.0
2021-12-08,Binance,DOGEUSDT,0.1762,0.1821,0.172,0.179,870067110.0,154635859.7141,224241.0
2021-12-07,Binance,DOGEUSDT,0.1775,0.1839,0.1746,0.1762,1069148248.0,191634274.3707,288209.0
2021-12-06,Binance,DOGEUSDT,0.1712,0.1804,0.1591,0.1776,1661970370.0,280449023.3629,378696.0
2021-12-05,Binance,DOGEUSDT,0.1781,0.1812,0.1617,0.1712,1381389600.0,237176316.5858,331601.0
2021-12-04,Binance,DOGEUSDT,0.1998,0.2004,0.131,0.1781,5303849448.2,875284516.1417613,1244383.0
2021-12-03,Binance,DOGEUSDT,0.2095,0.2122,0.1902,0.1999,1011968037.0,205650078.4186,327994.0
2021-12-02,Binance,DOGEUSDT,0.2093,0.2233,0.2011,0.2095,1689895075.0,361735596.985,503109.0
2021-12-01,Binance,DOGEUSDT,0.2147,0.2189,0.2058,0.2093,803902283.0,171402297.5238,253469.0
2021-11-30,Binance,DOGEUSDT,0.2149,0.2275,0.2125,0.2147,1617695220.0,355085720.0633,525493.0
2021-11-29,Binance,DOGEUSDT,0.2072,0.227,0.2025,0.215,1857437869.0,398639243.043,529452.0
2021-11-28,Binance,DOGEUSDT,0.2049,0.2074,0.1907,0.2073,858901257.0,171491689.5437,248262.0
2021-11-27,Binance,DOGEUSDT,0.2016,0.21,0.2005,0.2049,908852823.0,187032695.7527,242164.0
2021-11-26,Binance,DOGEUSDT,0.221,0.2217,0.186,0.2016,2305030656.3,466544938.32194304,638750.0
2021-11-25,Binance,DOGEUSDT,0.217,0.2289,0.2138,0.2209,1097415948.0,241902116.9485,364136.0
2021-11-24,Binance,DOGEUSDT,0.2267,0.2304,0.2106,0.217,1150989995.0,251378365.1216,365117.0
2021-11-23,Binance,DOGEUSDT,0.2194,0.2369,0.2132,0.2266,1648276631.0,373654997.7593,581401.0
2021-11-22,Binance,DOGEUSDT,0.2256,0.2273,0.2163,0.2195,715429215.0,158579701.9328,276869.0
2021-11-21,Binance,DOGEUSDT,0.233,0.2334,0.225,0.2255,584498069.0,133720139.5311,212559.0
2021-11-20,Binance,DOGEUSDT,0.2328,0.2357,0.2249,0.233,638393250.0,147517458.1282,237113.0
2021-11-19,Binance,DOGEUSDT,0.2209,0.2369,0.2155,0.2329,1011256982.0,229179438.9675,331987.0
2021-11-18,Binance,DOGEUSDT,0.2373,0.2413,0.215,0.2208,1424059825.0,323967645.2554,406185.0
2021-11-17,Binance,DOGEUSDT,0.2364,0.2413,0.2293,0.2374,1016537117.0,239701999.6177,388896.0
2021-11-16,Binance,DOGEUSDT,0.2567,0.2567,0.2225,0.2365,1931306150.0,464932527.1623,608934.0
2021-11-15,Binance,DOGEUSDT,0.2628,0.2654,0.2553,0.2566,784663988.0,204474518.9287,269404.0
2021-11-14,Binance,DOGEUSDT,0.2612,0.2719,0.2597,0.2628,1109308026.0,292076559.7848,353541.0
2021-11-13,Binance,DOGEUSDT,0.2594,0.2624,0.2542,0.2613,730909452.0,188926935.4335,225638.0
2021-11-12,Binance,DOGEUSDT,0.2604,0.2686,0.2484,0.2593,1227134455.0,315947740.7727,372462.0
2021-11-11,Binance,DOGEUSDT,0.2553,0.2716,0.2529,0.2605,1356541795.0,354517007.4081,438607.0
2021-11-10,Binance,DOGEUSDT,0.2737,0.2775,0.235,0.2553,2600272877.0,684007226.3518,852520.0
2021-11-09,Binance,DOGEUSDT,0.282,0.2905,0.2708,0.2736,1854893482.0,518094770.8618,646406.0
2021-11-08,Binance,DOGEUSDT,0.2664,0.2973,0.2644,0.2819,3420674489.0,962706185.2348,1371770.0
2021-11-07,Binance,DOGEUSDT,0.2618,0.2698,0.2584,0.2664,912146975.0,240830810.9384,325685.0
2021-11-06,Binance,DOGEUSDT,0.2608,0.2676,0.25,0.2618,1135857725.0,294677203.5243,382989.0
2021-11-05,Binance,DOGEUSDT,0.263,0.2709,0.2547,0.2609,1282376452.0,335836842.645,430630.0
2021-11-04,Binance,DOGEUSDT,0.2689,0.2709,0.2539,0.263,1446957670.0,379245534.2193,508172.0
2021-11-03,Binance,DOGEUSDT,0.2739,0.2776,0.262,0.2689,1607498166.0,434655291.645,571605.0
2021-11-02,Binance,DOGEUSDT,0.2716,0.281,0.2666,0.2739,1912493294.0,523498212.0015,647160.0
2021-11-01,Binance,DOGEUSDT,0.28,0.2866,0.2631,0.2716,2497093967.0,681411474.9541,891801.0
2021-10-31,Binance,DOGEUSDT,0.269,0.2852,0.252,0.28,3857354566.0,1037320524.5614,1238053.0
2021-10-30,Binance,DOGEUSDT,0.2882,0.295,0.258,0.269,3441001301.0,956948768.8788,994098.0
2021-10-29,Binance,DOGEUSDT,0.2997,0.307,0.2752,0.2882,4977184874.0,1449528504.8188999,1689593.0
2021-10-28,Binance,DOGEUSDT,0.2379,0.34,0.2324,0.2997,17320109431.0,5219930976.425217,7627669.0
2021-10-27,Binance,DOGEUSDT,0.2558,0.2636,0.2169,0.2379,5223432326.0,1272871769.4095,1531106.0
2021-10-26,Binance,DOGEUSDT,0.2651,0.2743,0.252,0.2559,2132162373.0,566841835.4023,727385.0
2021-10-25,Binance,DOGEUSDT,0.2757,0.2805,0.2585,0.2651,2939692178.0,786761841.7586,954998.0
2021-10-24,Binance,DOGEUSDT,0.2511,0.2832,0.2457,0.2756,4887922846.0,1279675115.8172,1832059.0
2021-10-23,Binance,DOGEUSDT,0.2446,0.254,0.24,0.2511,1258672648.0,311513097.8664,408341.0
2021-10-22,Binance,DOGEUSDT,0.2425,0.2549,0.2352,0.2446,1553243637.0,380298925.4511,498045.0
2021-10-21,Binance,DOGEUSDT,0.2548,0.2584,0.2382,0.2424,1573673715.0,393363316.2761,432968.0
2021-10-20,Binance,DOGEUSDT,0.2454,0.262,0.2421,0.2548,1638568849.0,412204555.7587,488016.0
2021-10-19,Binance,DOGEUSDT,0.2474,0.255,0.2399,0.2454,1415459318.0,348466072.2453,424087.0
2021-10-18,Binance,DOGEUSDT,0.2377,0.273,0.237,0.2474,4909224967.0,1256772812.2268,1657639.0
2021-10-17,Binance,DOGEUSDT,0.2373,0.2421,0.2252,0.2378,1210409235.0,285692592.6714,321995.0
2021-10-16,Binance,DOGEUSDT,0.2341,0.2459,0.2337,0.2372,1224144433.0,292786694.9621,397218.0
2021-10-15,Binance,DOGEUSDT,0.2325,0.2436,0.2239,0.234,1457540715.0,339393961.8634,448040.0
2021-10-14,Binance,DOGEUSDT,0.2325,0.2403,0.2311,0.2325,1098049682.0,258753618.1737,309024.0
2021-10-13,Binance,DOGEUSDT,0.226,0.2342,0.2203,0.2326,1044380785.0,236627812.1845,274739.0
2021-10-12,Binance,DOGEUSDT,0.2312,0.2318,0.216,0.2261,1030470079.0,230081402.5814,292420.0
2021-10-11,Binance,DOGEUSDT,0.2287,0.2394,0.2249,0.2312,1072711057.0,250141411.2954,298401.0
2021-10-10,Binance,DOGEUSDT,0.2467,0.2487,0.226,0.2288,977648960.0,235428475.557,301360.0
2021-10-09,Binance,DOGEUSDT,0.2442,0.2527,0.2407,0.2467,1073585552.0,265083202.339,302173.0
2021-10-08,Binance,DOGEUSDT,0.2429,0.2549,0.2414,0.2441,1381822126.0,341183059.2546,439671.0
2021-10-07,Binance,DOGEUSDT,0.2542,0.257,0.2357,0.2428,2142393485.0,526371407.1848,684345.0
2021-10-06,Binance,DOGEUSDT,0.2517,0.2719,0.2422,0.2541,3681509190.0,937240922.1354,1031825.0
2021-10-05,Binance,DOGEUSDT,0.2415,0.268,0.2325,0.2516,3796153741.0,952019073.9664,1140858.0
2021-10-04,Binance,DOGEUSDT,0.2218,0.249,0.2119,0.2414,3281218340.0,758280391.1533,878495.0
2021-10-03,Binance,DOGEUSDT,0.2186,0.2266,0.2155,0.2218,697996641.0,154246564.9132,193891.0
2021-10-02,Binance,DOGEUSDT,0.2227,0.225,0.2151,0.2185,726979560.0,160184235.4605,193514.0
2021-10-01,Binance,DOGEUSDT,0.2043,0.2253,0.2018,0.2226,1029403020.0,219547713.5179,310097.0
2021-09-30,Binance,DOGEUSDT,0.1987,0.206,0.1976,0.2042,525345573.0,106147967.7293,143533.0
2021-09-29,Binance,DOGEUSDT,0.1966,0.2043,0.1946,0.1987,508197881.0,101260063.7077,111893.0
2021-09-28,Binance,DOGEUSDT,0.1998,0.2027,0.196,0.1965,478010126.0,95483638.9411,106109.0
2021-09-27,Binance,DOGEUSDT,0.205,0.2093,0.1996,0.1997,447272392.0,91574177.3443,114509.0
2021-09-26,Binance,DOGEUSDT,0.2084,0.2089,0.194,0.205,778024870.7,157519709.582092,174384.0
2021-09-25,Binance,DOGEUSDT,0.2092,0.214,0.2043,0.2083,648108334.0,135245750.1268,179510.0
2021-09-24,Binance,DOGEUSDT,0.2245,0.2291,0.1965,0.2091,1446332143.9,303553065.915496,326750.0
2021-09-23,Binance,DOGEUSDT,0.2244,0.2273,0.2175,0.2246,809134784.0,180164367.1764,186777.0
2021-09-22,Binance,DOGEUSDT,0.2008,0.2304,0.1999,0.2245,1505717159.7,322392479.6739,344339.0
2021-09-21,Binance,DOGEUSDT,0.2086,0.2185,0.1976,0.2009,1475472637.8,304987868.418026,303144.0
2021-09-20,Binance,DOGEUSDT,0.2331,0.2335,0.1988,0.2086,1842218251.9,394048468.11675,405118.0
2021-09-19,Binance,DOGEUSDT,0.2414,0.2415,0.2307,0.2331,486273037.0,115252029.3655,127437.0
2021-09-18,Binance,DOGEUSDT,0.2401,0.2474,0.2379,0.2413,532008968.0,129164187.2491,140898.0
2021-09-17,Binance,DOGEUSDT,0.2419,0.2599,0.2373,0.2401,1532347235.0,379559281.6859,423427.0
2021-09-16,Binance,DOGEUSDT,0.2477,0.2479,0.2329,0.2418,767085717.0,185504087.1676,205861.0
2021-09-15,Binance,DOGEUSDT,0.2406,0.2484,0.2388,0.2476,624731884.0,151898288.6084,184628.0
2021-09-14,Binance,DOGEUSDT,0.2359,0.2417,0.2335,0.2406,600777341.0,142920878.2602,161582.0
2021-09-13,Binance,DOGEUSDT,0.2504,0.2523,0.2281,0.2358,1194502511.0,283614884.6006,292444.0
2021-09-12,Binance,DOGEUSDT,0.241,0.2551,0.2387,0.2502,824439503.0,203304943.3593,225601.0
2021-09-11,Binance,DOGEUSDT,0.2398,0.2479,0.2376,0.241,574961334.0,139714407.491,157807.0
2021-09-10,Binance,DOGEUSDT,0.2525,0.262,0.2353,0.2397,1039971873.0,256488140.4472,288292.0
2021-09-09,Binance,DOGEUSDT,0.2566,0.2597,0.2486,0.2525,972908690.0,247597398.9575,280534.0
2021-09-08,Binance,DOGEUSDT,0.2553,0.2635,0.2332,0.2567,2036725778.0,510772656.434,532364.0
2021-09-07,Binance,DOGEUSDT,0.3091,0.3114,0.2145,0.2552,4143609594.1,1093324011.936163,1155610.0
2021-09-06,Binance,DOGEUSDT,0.3144,0.3199,0.2997,0.309,1327741283.1,411842890.431976,484314.0
2021-09-05,Binance,DOGEUSDT,0.2993,0.3155,0.296,0.3143,1273101183.7,388890887.95692706,446100.0
2021-09-04,Binance,DOGEUSDT,0.2961,0.3087,0.2929,0.2992,1170386591.0,351086766.7671,409866.0
2021-09-03,Binance,DOGEUSDT,0.2946,0.3047,0.287,0.2961,1248795134.0,370327334.0621,412188.0
2021-09-02,Binance,DOGEUSDT,0.2944,0.31,0.2917,0.2947,1859879704.7,559826638.10634,664845.0
2021-09-01,Binance,DOGEUSDT,0.2782,0.295,0.2728,0.2943,1077645215.0,306153073.6131,377442.0
2021-08-31,Binance,DOGEUSDT,0.2719,0.286,0.2696,0.2781,994391602.0,275796352.7792,326296.0
2021-08-30,Binance,DOGEUSDT,0.2809,0.2905,0.2698,0.272,994923907.0,277765719.4784,311173.0
2021-08-29,Binance,DOGEUSDT,0.286,0.2918,0.2764,0.2809,758831427.0,214101374.1037,229161.0
2021-08-28,Binance,DOGEUSDT,0.2944,0.2995,0.283,0.286,813242385.1,235148683.902022,267926.0
2021-08-27,Binance,DOGEUSDT,0.2684,0.2951,0.265,0.2944,1345067751.7,375916392.10523105,381840.0
2021-08-26,Binance,DOGEUSDT,0.29254,0.29645,0.2641,0.2684,1401204832.1,387132430.935584,427306.0
2021-08-25,Binance,DOGEUSDT,0.28862,0.29789,0.27948,0.29255,1658742148.8,479310656.42824495,559436.0
2021-08-24,Binance,DOGEUSDT,0.31775,0.31968,0.27433,0.28864,2336380653.8,699766438.9686711,796722.0
2021-08-23,Binance,DOGEUSDT,0.31467,0.328,0.3128,0.31783,1842154214.4,589609143.608936,683664.0
2021-08-22,Binance,DOGEUSDT,0.31666,0.32159,0.305,0.31467,1401118643.8,439943524.68662304,490785.0
2021-08-21,Binance,DOGEUSDT,0.32733,0.33,0.31313,0.31662,1751965697.2,564595301.081642,656408.0
2021-08-20,Binance,DOGEUSDT,0.31777,0.3364,0.31373,0.32733,2177517962.3,703117739.037877,881561.0
2021-08-19,Binance,DOGEUSDT,0.30321,0.31943,0.29355,0.31778,2386616242.5,727935173.079268,851309.0
2021-08-18,Binance,DOGEUSDT,0.2993,0.325,0.2775,0.3032,4089557667.2,1232998199.510053,1342922.0
2021-08-17,Binance,DOGEUSDT,0.31946,0.34021,0.29452,0.29933,3520234606.5,1129087958.006729,1480283.0
2021-08-16,Binance,DOGEUSDT,0.33996,0.3517,0.31001,0.31956,4130699106.8,1377064266.900456,2015571.0
2021-08-15,Binance,DOGEUSDT,0.29399,0.3495,0.2862,0.33984,4964816125.0,1544241159.1948588,2093790.0
2021-08-14,Binance,DOGEUSDT,0.2867,0.29864,0.2757,0.29402,3131790645.4,901636552.542844,1111559.0
2021-08-13,Binance,DOGEUSDT,0.26405,0.28756,0.26121,0.28667,2142420241.3,592227760.814491,708956.0
2021-08-12,Binance,DOGEUSDT,0.26448,0.2949,0.25165,0.26401,3923287429.8,1064711859.986252,1310291.0
2021-08-11,Binance,DOGEUSDT,0.25734,0.28295,0.25626,0.26445,3712761104.7,1004804670.805948,1252602.0
2021-08-10,Binance,DOGEUSDT,0.2561,0.26321,0.24513,0.25732,2588076619.6,659012619.404047,1065587.0
2021-08-09,Binance,DOGEUSDT,0.23996,0.26666,0.23048,0.25609,3702865258.6,928109307.89706,1327292.0
2021-08-08,Binance,DOGEUSDT,0.26184,0.28377,0.235,0.23996,5791158603.5,1496730706.919715,2487438.0
2021-08-07,Binance,DOGEUSDT,0.20482,0.2628,0.20358,0.26189,5158338816.2,1201706313.6060178,1965825.0
2021-08-06,Binance,DOGEUSDT,0.20094,0.212,0.19841,0.20482,1263420290.4,257269083.174165,362869.0
2021-08-05,Binance,DOGEUSDT,0.20152,0.20258,0.1943,0.20095,946707300.6,188155415.653537,284653.0
2021-08-04,Binance,DOGEUSDT,0.19626,0.20326,0.19416,0.20153,873261017.4,173866598.174591,264451.0
2021-08-03,Binance,DOGEUSDT,0.20325,0.2051,0.1931,0.19626,977103235.1,193410947.608331,297960.0
2021-08-02,Binance,DOGEUSDT,0.2042,0.20998,0.2018,0.20327,896401081.3,183847136.445562,276220.0
2021-08-01,Binance,DOGEUSDT,0.20764,0.21799,0.20082,0.20424,1550637730.2,327413782.117151,478322.0
2021-07-31,Binance,DOGEUSDT,0.20872,0.2145,0.20476,0.20765,1177482439.7,245268650.460207,356965.0
2021-07-30,Binance,DOGEUSDT,0.20503,0.21065,0.19587,0.20873,1260492016.3,257289553.34457,382098.0
2021-07-29,Binance,DOGEUSDT,0.20571,0.20664,0.2003,0.20502,875707720.8,178588860.479987,263435.0
2021-07-28,Binance,DOGEUSDT,0.20586,0.21386,0.20161,0.20574,1698684418.6,351384949.013336,499045.0
2021-07-27,Binance,DOGEUSDT,0.20363,0.2095,0.19506,0.20585,2030159664.4,409976210.815394,587233.0
2021-07-26,Binance,DOGEUSDT,0.19788,0.23314,0.19679,0.20362,4546455511.8,986674155.365353,1485286.0
2021-07-25,Binance,DOGEUSDT,0.19689,0.20076,0.19105,0.19793,1122436168.6,220142764.721492,357958.0
2021-07-24,Binance,DOGEUSDT,0.1949,0.2045,0.19117,0.19688,1627615706.2,318970652.714052,496570.0
2021-07-23,Binance,DOGEUSDT,0.19119,0.19977,0.18292,0.19489,1352326692.4,258932536.475054,398516.0
2021-07-22,Binance,DOGEUSDT,0.19045,0.19646,0.18632,0.19123,1393922167.5,266620497.729589,500806.0
2021-07-21,Binance,DOGEUSDT,0.17048,0.21442,0.16836,0.19046,4505979384.2,868579035.1998991,1556914.0
2021-07-20,Binance,DOGEUSDT,0.17362,0.17997,0.15988,0.17047,1865041957.2,314175778.978752,616158.0
2021-07-19,Binance,DOGEUSDT,0.18156,0.18429,0.17025,0.17362,1079953391.4,189731806.229248,316141.0
2021-07-18,Binance,DOGEUSDT,0.18738,0.19605,0.18019,0.18157,1344894101.6,252407070.042161,726039.0
2021-07-17,Binance,DOGEUSDT,0.17203,0.2053,0.16884,0.18734,2572720766.9,476953686.134632,826391.0
2021-07-16,Binance,DOGEUSDT,0.18534,0.18833,0.17118,0.17202,1185633674.2,213123708.47093,359394.0
2021-07-15,Binance,DOGEUSDT,0.19759,0.20089,0.18051,0.18534,966797093.3,183033118.154018,334500.0
2021-07-14,Binance,DOGEUSDT,0.19995,0.20479,0.18725,0.19761,1247947078.4,244169787.718541,400372.0
2021-07-13,Binance,DOGEUSDT,0.20776,0.20893,0.19749,0.19997,916221269.9,185691879.132141,283012.0
2021-07-12,Binance,DOGEUSDT,0.21597,0.219,0.20394,0.20775,805441341.2,170528117.522791,266418.0
2021-07-11,Binance,DOGEUSDT,0.21376,0.21917,0.21061,0.21597,551263176.4,118250421.311816,192606.0
2021-07-10,Binance,DOGEUSDT,0.21966,0.22812,0.2097,0.21375,919482894.5,199891824.799821,318346.0
2021-07-09,Binance,DOGEUSDT,0.20708,0.22986,0.19521,0.21963,2291127903.5,494599179.10863906,738815.0
2021-07-08,Binance,DOGEUSDT,0.22386,0.22481,0.20148,0.2069,1487061330.1,317654933.33246,468220.0
2021-07-07,Binance,DOGEUSDT,0.23418,0.23862,0.22084,0.22386,952129896.6,220956362.021876,324605.0
2021-07-06,Binance,DOGEUSDT,0.23117,0.2423,0.22931,0.23417,981368400.5,230653732.357931,354214.0
2021-07-05,Binance,DOGEUSDT,0.24636,0.249,0.22547,0.2311,1181584860.3,279530327.169704,405908.0
2021-07-04,Binance,DOGEUSDT,0.24634,0.253,0.24324,0.24643,823044174.7,204457205.01117,300227.0
2021-07-03,Binance,DOGEUSDT,0.24498,0.25039,0.242,0.24636,759251070.1,187380352.28658,282977.0
2021-07-02,Binance,DOGEUSDT,0.2438,0.24916,0.23839,0.24505,1081847381.6,262656840.602636,384814.0
2021-07-01,Binance,DOGEUSDT,0.2539,0.2614,0.23817,0.24381,2253058516.9,563323804.093321,882860.0
2021-06-30,Binance,DOGEUSDT,0.26349,0.26391,0.23778,0.25391,1610075649.0,404216370.608146,580217.0
2021-06-29,Binance,DOGEUSDT,0.25709,0.27573,0.25248,0.26349,1927372368.1,508993341.640565,708135.0
2021-06-28,Binance,DOGEUSDT,0.26462,0.26735,0.2505,0.25707,1734504424.8,445938066.672712,582036.0
2021-06-27,Binance,DOGEUSDT,0.24583,0.26753,0.24002,0.2645,1968559379.6,488208471.524009,648905.0
2021-06-26,Binance,DOGEUSDT,0.23748,0.2554,0.23057,0.24583,2653188955.6,638512739.709672,832962.0
2021-06-25,Binance,DOGEUSDT,0.26374,0.28959,0.22886,0.23745,5942192455.5,1530052695.0320601,2011394.0
2021-06-24,Binance,DOGEUSDT,0.23475,0.26953,0.222,0.26377,3579998951.2,867149608.0178579,1121990.0
2021-06-23,Binance,DOGEUSDT,0.19075,0.2485,0.18046,0.23468,5839514040.0,1294917735.360637,1747926.0
2021-06-22,Binance,DOGEUSDT,0.17873,0.2174,0.16322,0.19072,7520083611.8,1415591893.187838,2191025.0
2021-06-21,Binance,DOGEUSDT,0.28054,0.28138,0.1649,0.17873,7023706752.6,1512324576.062972,2208676.0
2021-06-20,Binance,DOGEUSDT,0.28563,0.28988,0.2551,0.28054,1528605029.5,417251181.030502,599650.0
2021-06-19,Binance,DOGEUSDT,0.29321,0.29791,0.28558,0.28567,624846001.4,182075119.813571,299882.0
2021-06-18,Binance,DOGEUSDT,0.30619,0.30766,0.28,0.29328,1314700190.7,387111436.640776,610268.0
2021-06-17,Binance,DOGEUSDT,0.30774,0.31413,0.3026,0.30619,680701230.2,209708643.760903,638720.0
2021-06-16,Binance,DOGEUSDT,0.32025,0.32146,0.30505,0.30775,888434880.9,278178346.025103,427203.0
2021-06-15,Binance,DOGEUSDT,0.32769,0.33069,0.31642,0.32028,1015598512.1,328973312.222017,451937.0
2021-06-14,Binance,DOGEUSDT,0.32392,0.33777,0.32,0.32767,1310349921.9,427464905.683143,573977.0
2021-06-13,Binance,DOGEUSDT,0.31221,0.33,0.30744,0.32394,1042596039.8,330077979.841595,463552.0
2021-06-12,Binance,DOGEUSDT,0.31874,0.31932,0.3,0.31216,1217468360.1,376935028.779552,567919.0
2021-06-11,Binance,DOGEUSDT,0.32613,0.3338,0.31069,0.3187,1204137023.4,387381244.039598,596213.0
2021-06-10,Binance,DOGEUSDT,0.34323,0.34515,0.3225,0.32606,1348789846.5,450294287.047062,638851.0
2021-06-09,Binance,DOGEUSDT,0.32592,0.3548,0.31227,0.34318,2068160059.0,686262143.62793,1006828.0
2021-06-08,Binance,DOGEUSDT,0.3315,0.34183,0.29526,0.32586,2908803652.9,937981423.706459,1202588.0
2021-06-07,Binance,DOGEUSDT,0.37143,0.37999,0.3275,0.33146,2064211543.4,738436804.027521,931913.0
2021-06-06,Binance,DOGEUSDT,0.3713,0.37703,0.36634,0.37143,1194622756.0,443275634.88520896,526215.0
2021-06-05,Binance,DOGEUSDT,0.37628,0.395,0.35974,0.3713,2396911157.1,906142939.806796,1160376.0
2021-06-04,Binance,DOGEUSDT,0.40078,0.40249,0.35,0.37628,4035854544.9,1511197709.619608,1967784.0
2021-06-03,Binance,DOGEUSDT,0.42344,0.442,0.37722,0.40078,5070741840.7,2081980882.664896,2376407.0
2021-06-02,Binance,DOGEUSDT,0.37007,0.44834,0.3511,0.42338,8351828077.5,3391548375.979291,4089764.0
2021-06-01,Binance,DOGEUSDT,0.32558,0.38476,0.31121,0.37006,4488851727.4,1539365573.587394,2062609.0
2021-05-31,Binance,DOGEUSDT,0.30179,0.32991,0.29386,0.32557,1897905257.4,590220155.7794471,956702.0
2021-05-30,Binance,DOGEUSDT,0.30273,0.31079,0.28653,0.30179,1514854219.6,456904273.28267,762600.0
2021-05-29,Binance,DOGEUSDT,0.31122,0.31794,0.28,0.3028,2016681043.4,604028126.9125551,951711.0
2021-05-28,Binance,DOGEUSDT,0.33404,0.34754,0.30052,0.31123,2620384686.8,835028567.128456,1285560.0
2021-05-27,Binance,DOGEUSDT,0.35291,0.35309,0.327,0.33403,1794158136.6,606077540.3159289,880120.0
2021-05-26,Binance,DOGEUSDT,0.34597,0.36671,0.33632,0.35284,2385684153.7,836823564.893542,1143462.0
2021-05-25,Binance,DOGEUSDT,0.36589,0.38,0.32141,0.34598,3709319825.9,1290339194.015137,1728572.0
2021-05-24,Binance,DOGEUSDT,0.30623,0.375,0.29511,0.36589,4854625486.1,1622543381.1110659,2115478.0
2021-05-23,Binance,DOGEUSDT,0.34199,0.35094,0.24782,0.30633,5634274411.3,1694353083.695992,2225617.0
2021-05-22,Binance,DOGEUSDT,0.35778,0.364,0.31672,0.34199,3793145642.7,1296677856.1095111,1580773.0
2021-05-21,Binance,DOGEUSDT,0.39747,0.41198,0.31357,0.35778,5243254333.5,1919714241.4557552,2152582.0
2021-05-20,Binance,DOGEUSDT,0.32972,0.435,0.29402,0.39758,8529470589.6,3228872934.525454,3500199.0
2021-05-19,Binance,DOGEUSDT,0.47574,0.4794,0.21111,0.32945,11489907654.4,4257937939.407248,4364035.0
2021-05-18,Binance,DOGEUSDT,0.48745,0.51536,0.46783,0.47574,3039758659.2,1484173045.552554,1508863.0
2021-05-17,Binance,DOGEUSDT,0.51371,0.5162,0.45555,0.4875,4268994077.1,2090450149.3003168,2076288.0
2021-05-16,Binance,DOGEUSDT,0.50838,0.5489,0.45,0.5137,5377121653.3,2771252995.852487,2642957.0
2021-05-15,Binance,DOGEUSDT,0.5599,0.56405,0.49009,0.50855,5232752313.5,2726061153.795944,2720094.0
2021-05-14,Binance,DOGEUSDT,0.48927,0.59,0.46412,0.55971,10623296337.0,5673675115.225913,5532162.0
2021-05-13,Binance,DOGEUSDT,0.39142,0.52,0.3516,0.48945,10449387293.9,4439890149.835361,4375843.0
2021-05-12,Binance,DOGEUSDT,0.49353,0.522,0.38203,0.3916,5372061299.6,2528938533.379784,2732855.0
2021-05-11,Binance,DOGEUSDT,0.4505,0.5485,0.4429,0.49326,7553577270.2,3754742638.307908,3915491.0
2021-05-10,Binance,DOGEUSDT,0.57082,0.5726,0.41844,0.45074,9677354634.4,4835708631.584844,4752157.0
2021-05-09,Binance,DOGEUSDT,0.63708,0.70009,0.416,0.57063,26072068896.0,13700746154.471424,11885014.0
2021-05-08,Binance,DOGEUSDT,0.68982,0.73995,0.6,0.63708,11387955620.8,7747900489.935063,6792303.0
2021-05-07,Binance,DOGEUSDT,0.58099,0.733,0.51717,0.68982,12586268621.3,7913188757.076493,6994765.0
2021-05-06,Binance,DOGEUSDT,0.654,0.665,0.54,0.58106,8546432048.7,5141600296.098981,4677603.0
2021-05-05,Binance,DOGEUSDT,0.53854,0.69663,0.51668,0.654,19076895175.699997,12015346384.69828,9882092.0
2021-05-04,Binance,DOGEUSDT,0.44142,0.61186,0.3979,0.53854,21282557921.9,10991175995.06588,9356151.0
2021-05-03,Binance,DOGEUSDT,0.37459,0.4479,0.37386,0.44142,6428014853.9,2634576988.6366687,2767515.0
2021-05-02,Binance,DOGEUSDT,0.39086,0.39999,0.362,0.37397,5092764030.1,1945860025.3982823,2146577.0
2021-05-01,Binance,DOGEUSDT,0.33746,0.3975,0.32756,0.39087,7062340392.2,2565562030.783488,2859785.0
2021-04-30,Binance,DOGEUSDT,0.30479,0.34,0.30213,0.33746,4042637011.8,1300700805.621522,1545398.0
2021-04-29,Binance,DOGEUSDT,0.32321,0.32604,0.2955,0.30479,4149329330.8,1288996523.47688,1590953.0
2021-04-28,Binance,DOGEUSDT,0.27227,0.348,0.25511,0.32311,13418044375.1,4127506947.043767,4369045.0
2021-04-27,Binance,DOGEUSDT,0.27161,0.27994,0.2644,0.27232,3367212939.4,915557060.9827,1161483.0
2021-04-26,Binance,DOGEUSDT,0.25159,0.28077,0.247,0.27161,4881379028.6,1300919365.7131891,1510469.0
2021-04-25,Binance,DOGEUSDT,0.2700802,0.289296,0.224,0.25159,5726007353.4,1494606069.759707,1766875.0
2021-04-24,Binance,DOGEUSDT,0.2499997,0.28999,0.2278,0.27,10626242110.0,2815368838.4189563,2850151.0
2021-04-23,Binance,DOGEUSDT,0.2606616,0.2695,0.1597278,0.2498155,17170003022.0,3793899186.9896293,3543795.0
2021-04-22,Binance,DOGEUSDT,0.3058074,0.3093988,0.253,0.2606615,11199121834.0,3143644626.2063494,3082633.0
2021-04-21,Binance,DOGEUSDT,0.3173205,0.347661,0.2960052,0.3058251,9460395395.0,3001086851.0056615,3222391.0
2021-04-20,Binance,DOGEUSDT,0.4088997,0.4246216,0.27,0.3173205,20969142688.0,7496151720.012265,6620082.0
2021-04-19,Binance,DOGEUSDT,0.3225953,0.435546,0.308,0.408903,20873394140.0,7979055252.120003,7253139.0
2021-04-18,Binance,DOGEUSDT,0.2824945,0.351,0.2397,0.3223299,18379866877.0,5649877858.710049,5357605.0
2021-04-17,Binance,DOGEUSDT,0.3653855,0.38125,0.231,0.2822532,24857057931.000004,7340151088.863383,7061910.0
2021-04-16,Binance,DOGEUSDT,0.1825003,0.45,0.1791,0.3654434,57510545356.0,17598561857.084927,15330777.0
2021-04-15,Binance,DOGEUSDT,0.1214319,0.1918922,0.1197878,0.1823599,24615971220.0,3798354274.6583285,4100775.0
2021-04-14,Binance,DOGEUSDT,0.0944011,0.1453955,0.092118,0.1214329,36680989724.0,4533760110.148282,4752126.0
2021-04-13,Binance,DOGEUSDT,0.0707001,0.0962255,0.0706409,0.094402,13605840277.0,1150528560.8092735,1480741.0
2021-04-12,Binance,DOGEUSDT,0.0743335,0.0754791,0.0685,0.0707343,4300356226.0,308153107.9320194,501854.0
2021-04-11,Binance,DOGEUSDT,0.0637167,0.08,0.0633959,0.07433,14967931146.0,1086957189.926594,1469552.0
2021-04-10,Binance,DOGEUSDT,0.0616103,0.0657518,0.0609445,0.0637167,2780510108.0,176163810.5132709,350422.0
2021-04-09,Binance,DOGEUSDT,0.0617837,0.0642733,0.0604712,0.0615878,2149603024.0,133399414.8241929,257855.0
2021-04-08,Binance,DOGEUSDT,0.058777,0.062324,0.0586319,0.0617838,1745571706.0,106529561.8225929,197168.0
2021-04-07,Binance,DOGEUSDT,0.0644047,0.06744,0.0571267,0.0587769,4840051853.0,300318590.6799273,495207.0
2021-04-06,Binance,DOGEUSDT,0.0599779,0.066,0.0579904,0.0644047,4762148739.0,291318993.84994125,471431.0
2021-04-05,Binance,DOGEUSDT,0.0573806,0.0607069,0.0562315,0.0599992,2638868932.0,153310198.8425072,276465.0
2021-04-04,Binance,DOGEUSDT,0.0555,0.0582181,0.0550864,0.0573943,1563798693.0,88757335.8049424,163617.0
2021-04-03,Binance,DOGEUSDT,0.0575887,0.0595516,0.0555,0.0555113,2066362739.0,120193448.1379378,222342.0
2021-04-02,Binance,DOGEUSDT,0.0621509,0.062905,0.0572,0.0575849,3415466916.0,201997465.3962734,340187.0
2021-04-01,Binance,DOGEUSDT,0.0537835,0.07135,0.0534999,0.062151,15242021778.0,950503156.7964712,1319823.0
2021-03-31,Binance,DOGEUSDT,0.0540014,0.0545,0.0513424,0.0537699,1085164149.0,57976066.9450801,130375.0
2021-03-30,Binance,DOGEUSDT,0.054124,0.0556267,0.053328,0.0540003,1399307591.0,76243721.2844334,149471.0
2021-03-29,Binance,DOGEUSDT,0.0536634,0.0547123,0.053202,0.054124,977387405.0,52812128.3322573,108929.0
2021-03-28,Binance,DOGEUSDT,0.054422,0.0549,0.0529496,0.0536656,675382127.0,36449896.8217207,76244.0
2021-03-27,Binance,DOGEUSDT,0.0539203,0.05545,0.053386,0.054436,1176365221.0,64055028.989443,127735.0
2021-03-26,Binance,DOGEUSDT,0.051266,0.054038,0.051232,0.053931,873797527.0,46115820.1782318,98925.0
2021-03-25,Binance,DOGEUSDT,0.0514996,0.0524498,0.0495798,0.051266,1665397693.0,85124881.9756103,165838.0
2021-03-24,Binance,DOGEUSDT,0.0534234,0.0567995,0.05075,0.0514996,1666398121.0,90593325.8599657,184895.0
2021-03-23,Binance,DOGEUSDT,0.0548901,0.0561052,0.0525963,0.0533532,1437944729.0,78273619.9837251,152031.0
2021-03-22,Binance,DOGEUSDT,0.0574888,0.0579777,0.0544234,0.054888,1270766976.0,72099418.1852098,148484.0
2021-03-21,Binance,DOGEUSDT,0.0588396,0.0595555,0.0567,0.0574781,1204263965.0,69728332.4730059,139742.0
2021-03-20,Binance,DOGEUSDT,0.0582624,0.060625,0.05797,0.0588186,1939829246.0,115208115.0275983,219094.0
2021-03-19,Binance,DOGEUSDT,0.0573629,0.0599,0.0563741,0.0582472,1691688848.0,98776358.3043535,189338.0
2021-03-18,Binance,DOGEUSDT,0.0578925,0.0592896,0.0568896,0.0573485,1338098958.0,77716103.9318458,161709.0
2021-03-17,Binance,DOGEUSDT,0.0586389,0.0589584,0.0565314,0.057892,1162146770.0,67133708.7247826,144497.0
2021-03-16,Binance,DOGEUSDT,0.0570152,0.0591427,0.0552668,0.0586507,2003574159.0,115129471.6074091,231483.0
2021-03-15,Binance,DOGEUSDT,0.058221,0.0597745,0.055,0.0569691,2409422648.0,137448374.3726104,252909.0
2021-03-14,Binance,DOGEUSDT,0.0627887,0.0636789,0.05817,0.058221,5115194076.0,312606153.2823332,486183.0
2021-03-13,Binance,DOGEUSDT,0.0552769,0.063,0.0546635,0.0627892,3660176589.0,213962931.76605728,343175.0
2021-03-12,Binance,DOGEUSDT,0.0559117,0.057,0.054051,0.0552731,1821925239.0,100981130.2117094,174808.0
2021-03-11,Binance,DOGEUSDT,0.0558831,0.05698,0.0542647,0.0559286,1647182774.0,91430790.3438152,173149.0
2021-03-10,Binance,DOGEUSDT,0.0579432,0.0587592,0.0545,0.0558692,2390746818.0,134539050.8313732,243374.0
2021-03-09,Binance,DOGEUSDT,0.0629582,0.0630025,0.056,0.0579117,4412560062.0,258124645.045454,399139.0
2021-03-08,Binance,DOGEUSDT,0.0519481,0.063075,0.0515505,0.0629738,7572972187.0,427497381.64150494,625336.0
2021-03-07,Binance,DOGEUSDT,0.0509242,0.0524716,0.0504286,0.0519871,1494562661.0,76760646.0087566,149443.0
2021-03-06,Binance,DOGEUSDT,0.0495247,0.0525801,0.049084,0.0509588,2749264710.0,140483759.2302573,247431.0
2021-03-05,Binance,DOGEUSDT,0.0499866,0.051079,0.0479661,0.0495285,1714962753.0,84868540.6945717,157317.0
2021-03-04,Binance,DOGEUSDT,0.0504337,0.0511539,0.04765,0.0499865,1943532071.0,96941941.9915692,200317.0
2021-03-03,Binance,DOGEUSDT,0.0504021,0.0521972,0.0499556,0.0504146,1841086026.0,94065344.1068412,211662.0
2021-03-02,Binance,DOGEUSDT,0.0505754,0.05249,0.0491004,0.050364,2378364146.0,121080500.8885478,229304.0
2021-03-01,Binance,DOGEUSDT,0.0481447,0.052505,0.0478589,0.0505933,2752580452.0,137616113.3882762,256074.0
2021-02-28,Binance,DOGEUSDT,0.0500705,0.0502426,0.0446561,0.0481582,2384823456.0,113697423.678798,247197.0
2021-02-27,Binance,DOGEUSDT,0.0504727,0.0521,0.0491,0.0500725,2268877377.0,114596093.3163827,235269.0
2021-02-26,Binance,DOGEUSDT,0.0499157,0.0526032,0.0484,0.0504768,3147923785.0,158841435.8437252,314233.0
2021-02-25,Binance,DOGEUSDT,0.0567907,0.0581,0.0495002,0.0499138,4913047375.0,267223961.0244736,505765.0
2021-02-24,Binance,DOGEUSDT,0.047692,0.060586,0.0459034,0.0567911,11172353520.0,621730728.0181977,831386.0
2021-02-23,Binance,DOGEUSDT,0.0536093,0.0538776,0.0413332,0.0476562,5958874372.0,282213611.3365493,490261.0
2021-02-22,Binance,DOGEUSDT,0.0559921,0.0608037,0.0461003,0.0535557,8420498923.0,466845349.95601857,703059.0
2021-02-21,Binance,DOGEUSDT,0.0541567,0.06,0.05325,0.0560183,5548376495.0,311455781.124786,513479.0
2021-02-20,Binance,DOGEUSDT,0.055033,0.0607,0.051,0.0541708,7359009281.0,413584686.0256424,658599.0
2021-02-19,Binance,DOGEUSDT,0.0587991,0.059719,0.0536581,0.055033,6405564988.0,359792909.7944324,533751.0
2021-02-18,Binance,DOGEUSDT,0.0494987,0.0645617,0.0489,0.0587991,13034098004.0,731591169.6860939,911899.0
2021-02-17,Binance,DOGEUSDT,0.0535231,0.055109,0.0478,0.0495187,6168131231.0,320372512.8496111,489256.0
2021-02-16,Binance,DOGEUSDT,0.0564643,0.0598452,0.0506003,0.053476,6643077510.0,371098231.83136034,588680.0
2021-02-15,Binance,DOGEUSDT,0.0626878,0.0642,0.0474935,0.0565,11321001492.0,643507499.5968802,934597.0
2021-02-14,Binance,DOGEUSDT,0.0662372,0.0664663,0.055558,0.0626783,8229158262.0,505104220.62686145,728150.0
2021-02-13,Binance,DOGEUSDT,0.069778,0.071709,0.0656,0.0662405,3844449349.0,263584986.3452668,417138.0
2021-02-12,Binance,DOGEUSDT,0.0695853,0.07298,0.0608,0.0697675,7517732599.0,507077180.7427374,701278.0
2021-02-11,Binance,DOGEUSDT,0.0725523,0.0755622,0.068,0.069583,6327153991.0,453685536.5096476,634870.0
2021-02-10,Binance,DOGEUSDT,0.0700122,0.0816496,0.066,0.0725527,14156312430.0,1050071778.774112,1275440.0
2021-02-09,Binance,DOGEUSDT,0.0787384,0.0838001,0.063,0.0700121,14602698981.0,1089211456.7688608,1444133.0
2021-02-08,Binance,DOGEUSDT,0.0779851,0.0853555,0.0622214,0.0787,26387019347.000004,1990495067.3870275,2431050.0
2021-02-07,Binance,DOGEUSDT,0.0576579,0.087297,0.0531446,0.0779247,38837846298.0,2612686246.9613566,2995593.0
2021-02-06,Binance,DOGEUSDT,0.0467527,0.0588683,0.0444191,0.0576559,17252485844.0,886595382.8653998,1072831.0
2021-02-05,Binance,DOGEUSDT,0.0528149,0.05434,0.0431516,0.0467193,16560079172.0,779694455.1143,1061483.0
2021-02-04,Binance,DOGEUSDT,0.0372327,0.0598,0.0358367,0.0529081,48795642519.0,2387322857.3977294,2832253.0
2021-02-03,Binance,DOGEUSDT,0.0313489,0.0397836,0.0307918,0.0372597,12960787222.0,451012972.0003796,748334.0
2021-02-02,Binance,DOGEUSDT,0.0348233,0.035294,0.02877,0.0313489,11550248752.0,370671609.45931345,693054.0
2021-02-01,Binance,DOGEUSDT,0.0369623,0.0438268,0.0328615,0.0348173,23868437622.0,922559206.5573555,1467462.0
2021-01-31,Binance,DOGEUSDT,0.0282428,0.0494843,0.0267661,0.037,44577797729.0,1572475064.0149825,2293658.0
2021-01-30,Binance,DOGEUSDT,0.0459059,0.0508804,0.0222001,0.02826,54559388569.0,1751521301.144739,2662492.0
2021-01-29,Binance,DOGEUSDT,0.036442,0.0875,0.0313,0.0459059,109073693231.0,5748142275.432065,6250186.0
2021-01-28,Binance,DOGEUSDT,0.0074104,0.0374849,0.007288,0.0364995,102989795103.0,1938869679.5635488,2652895.0
2021-01-27,Binance,DOGEUSDT,0.0082472,0.0082482,0.007257,0.0074124,1121405247.0,8553151.6891376,41353.0
2021-01-26,Binance,DOGEUSDT,0.0083341,0.0084615,0.0079523,0.0082472,719489035.0,5925180.4140416,27103.0
2021-01-25,Binance,DOGEUSDT,0.0087206,0.0089172,0.0081795,0.0083509,998144121.0,8601352.0169376,37248.0
2021-01-24,Binance,DOGEUSDT,0.0085822,0.0089672,0.0085,0.0087135,901503263.0,7849064.0023121,32121.0
2021-01-23,Binance,DOGEUSDT,0.0085092,0.0088324,0.00835,0.0085779,718712164.0,6183251.8110549,27661.0
2021-01-22,Binance,DOGEUSDT,0.0081581,0.0087708,0.0075639,0.0085075,1152693965.0,9567366.9519378,40557.0
2021-01-21,Binance,DOGEUSDT,0.0090589,0.0091,0.0080301,0.0081581,1237702943.0,10504059.6352161,41955.0
2021-01-20,Binance,DOGEUSDT,0.0090428,0.009144,0.0085,0.0090487,1162054114.0,10341390.2182261,43447.0
2021-01-19,Binance,DOGEUSDT,0.0091782,0.0096757,0.00896,0.0090428,1749440421.0,16244066.2843052,58040.0
2021-01-18,Binance,DOGEUSDT,0.0090987,0.00932,0.008935,0.0091782,1156154741.0,10552816.6173754,49935.0
2021-01-17,Binance,DOGEUSDT,0.0092374,0.0093957,0.008779,0.0090987,1438377582.0,13119003.3142249,50359.0
2021-01-16,Binance,DOGEUSDT,0.0093568,0.0095675,0.0090727,0.0092374,1640096206.0,15250091.0413073,51617.0
2021-01-15,Binance,DOGEUSDT,0.0093931,0.0098443,0.0083123,0.0093525,3236586057.0,30023112.3881896,94536.0
2021-01-14,Binance,DOGEUSDT,0.008679,0.0101,0.0083105,0.0093907,4000190243.0,37038378.339407,101607.0
2021-01-13,Binance,DOGEUSDT,0.0080806,0.0087,0.00777,0.0086738,1818357046.0,14838553.6293008,51263.0
2021-01-12,Binance,DOGEUSDT,0.0088104,0.0091394,0.0078217,0.0080807,2526092815.0,21200652.2527321,69536.0
2021-01-11,Binance,DOGEUSDT,0.0098162,0.0098455,0.0067094,0.0088326,5827520561.0,47919909.959903,144427.0
2021-01-10,Binance,DOGEUSDT,0.010189,0.0109155,0.0089534,0.00982,3113405972.0,31586520.5036338,109466.0
2021-01-09,Binance,DOGEUSDT,0.0097475,0.01079,0.0096486,0.0101789,3706408260.0,37738955.057632,110343.0
2021-01-08,Binance,DOGEUSDT,0.0097517,0.010318,0.0088047,0.00974,2971766597.0,28396997.9331221,88342.0
2021-01-07,Binance,DOGEUSDT,0.0104187,0.0105735,0.0087999,0.0097439,3523998014.0,35331222.2150858,108126.0
2021-01-06,Binance,DOGEUSDT,0.0099771,0.011,0.0095521,0.01042,6108894506.0,62484629.7756072,167592.0
2021-01-05,Binance,DOGEUSDT,0.0097721,0.0102822,0.0088501,0.00997,5427135672.0,51895031.4792406,147886.0
2021-01-04,Binance,DOGEUSDT,0.0098188,0.0115198,0.0076,0.0097613,14328029441.0,136732888.6335106,356510.0
2021-01-03,Binance,DOGEUSDT,0.0105245,0.01405,0.0092693,0.0098209,29648808916.0,341440834.36692446,731105.0
2021-01-02,Binance,DOGEUSDT,0.0056783,0.013988,0.005524,0.0105264,46333347255.0,431242829.9358908,852634.0
