Datetime,Exchange,Symbol_Pair,Open,High,Low,Close,Volume_in_MATIC,Volume_USDT,Tradecount
2022-12-27,Binance,MATICUSDT,0.8154,0.8196,0.7973,0.8063,36924059.6,29914021.35104,67763.0
2022-12-26,Binance,MATICUSDT,0.7952,0.8168,0.7936,0.8154,27562698.7,22150194.31359,52842.0
2022-12-25,Binance,MATICUSDT,0.7956,0.7991,0.7853,0.795,21488619.9,17021958.3634,40931.0
2022-12-24,Binance,MATICUSDT,0.7992,0.8011,0.793,0.7958,16152930.6,12878966.91154,32994.0
2022-12-23,Binance,MATICUSDT,0.7966,0.8072,0.7906,0.7991,37371721.9,29879025.8964,70475.0
2022-12-22,Binance,MATICUSDT,0.7939,0.7976,0.7698,0.7966,47522907.2,37389458.4831,77652.0
2022-12-21,Binance,MATICUSDT,0.8012,0.8036,0.7857,0.7938,37724415.8,29938651.61776,65627.0
2022-12-20,Binance,MATICUSDT,0.7736,0.8088,0.7678,0.8012,75702229.4,60226813.83826,124900.0
2022-12-19,Binance,MATICUSDT,0.8127,0.8218,0.757,0.7737,82625037.1,65210500.02081,151058.0
2022-12-18,Binance,MATICUSDT,0.8156,0.8264,0.8026,0.8126,35962632.2,29278435.66487,66379.0
2022-12-17,Binance,MATICUSDT,0.7953,0.8188,0.7816,0.8156,59801878.4,48035418.84564,109204.0
2022-12-16,Binance,MATICUSDT,0.8787,0.891,0.7813,0.7953,101403720.7,84944651.10726,205947.0
2022-12-15,Binance,MATICUSDT,0.9029,0.9062,0.8721,0.8787,50583863.6,45010226.88415,98715.0
2022-12-14,Binance,MATICUSDT,0.9244,0.9383,0.8936,0.9026,72757384.5,66826851.56437,137799.0
2022-12-13,Binance,MATICUSDT,0.9107,0.9419,0.8789,0.9244,102623490.4,93676118.41158,196244.0
2022-12-12,Binance,MATICUSDT,0.8921,0.9128,0.87,0.9107,53203041.9,47274002.32296,107075.0
2022-12-11,Binance,MATICUSDT,0.9082,0.915,0.8888,0.8922,25372990.4,22939861.87814,56067.0
2022-12-10,Binance,MATICUSDT,0.9098,0.9167,0.9004,0.9082,28182643.9,25564028.28951,56963.0
2022-12-09,Binance,MATICUSDT,0.9276,0.9347,0.9081,0.9097,46265511.1,42629091.53356,94917.0
2022-12-07,Binance,MATICUSDT,0.9178,0.9199,0.8708,0.8973,73597178.6,65421084.6981,140761.0
2022-12-06,Binance,MATICUSDT,0.9117,0.9212,0.894,0.9176,50335479.4,45816001.18293,98233.0
2022-12-05,Binance,MATICUSDT,0.9211,0.9452,0.8998,0.9116,70042641.7,64542421.86749,142462.0
2022-12-04,Binance,MATICUSDT,0.9031,0.9233,0.9011,0.9212,32103473.7,29356707.64993,74187.0
2022-12-03,Binance,MATICUSDT,0.9485,0.9502,0.8997,0.9029,46360672.4,42822462.85727,103572.0
2022-12-02,Binance,MATICUSDT,0.9089,0.949,0.8977,0.9488,75021481.8,69007443.53004,160435.0
2022-12-01,Binance,MATICUSDT,0.933,0.9452,0.9057,0.9089,95499520.3,88168489.0016,234985.0
2022-11-30,Binance,MATICUSDT,0.8385,0.9444,0.837,0.933,105463856.6,93468625.63814,249032.0
2022-11-29,Binance,MATICUSDT,0.8212,0.8469,0.8133,0.8384,46886705.5,39158223.70357,116164.0
2022-11-28,Binance,MATICUSDT,0.8438,0.8491,0.8042,0.8213,67820385.3,55704715.11197,158116.0
2022-11-27,Binance,MATICUSDT,0.8464,0.8662,0.8406,0.844,40179484.6,34378233.13948,94835.0
2022-11-26,Binance,MATICUSDT,0.8442,0.8718,0.8385,0.8464,50094639.3,42924500.52187,125729.0
2022-11-25,Binance,MATICUSDT,0.8489,0.8496,0.8196,0.8442,51619516.3,43218765.79239,127325.0
2022-11-24,Binance,MATICUSDT,0.8614,0.8914,0.8421,0.8489,83489471.7,71933486.97543,185013.0
2022-11-23,Binance,MATICUSDT,0.8514,0.8732,0.8363,0.8614,110245680.9,94330703.9727,244970.0
2022-11-22,Binance,MATICUSDT,0.7961,0.8668,0.7784,0.8513,175588937.2,145661370.73012,376967.0
2022-11-21,Binance,MATICUSDT,0.8069,0.821,0.764,0.796,160051447.3,127219052.33744,362044.0
2022-11-20,Binance,MATICUSDT,0.8761,0.8817,0.799,0.8069,103107522.1,86193444.43571,228006.0
2022-11-19,Binance,MATICUSDT,0.8795,0.8834,0.8497,0.8762,48707549.2,42177338.56298,119656.0
2022-11-18,Binance,MATICUSDT,0.8743,0.8997,0.8682,0.8795,67124443.7,59437822.78536,166500.0
2022-11-17,Binance,MATICUSDT,0.8981,0.9123,0.8626,0.8743,101835293.2,89998051.19366,252240.0
2022-11-16,Binance,MATICUSDT,0.9418,0.9565,0.8788,0.8981,101978756.0,92817749.67376,293974.0
2022-11-15,Binance,MATICUSDT,0.9177,0.9735,0.9067,0.9417,138509381.4,130636205.43733,413893.0
2022-11-14,Binance,MATICUSDT,0.8894,0.9631,0.8318,0.9177,229867545.8,209006671.9448,681630.0
2022-11-13,Binance,MATICUSDT,0.9396,0.9686,0.8648,0.8894,123531551.9,112373833.89994,424702.0
2022-11-12,Binance,MATICUSDT,1.0645,1.068,0.9263,0.9396,168096609.6,163354807.87907,557169.0
2022-11-11,Binance,MATICUSDT,1.1245,1.1608,0.9663,1.0643,252229352.6,266262995.78373,773998.0
2022-11-10,Binance,MATICUSDT,0.8165,1.1621,0.8004,1.1245,439582528.4,441008190.0146,1270612.0
2022-11-09,Binance,MATICUSDT,1.0442,1.0708,0.7624,0.8165,380019927.5,344263814.56267,1127566.0
2022-11-08,Binance,MATICUSDT,1.2574,1.275,0.9,1.044,429018153.6,476943590.18661,1332502.0
2022-11-07,Binance,MATICUSDT,1.1348,1.291,1.1291,1.2574,240665299.2,294128622.1443,749780.0
2022-11-06,Binance,MATICUSDT,1.1849,1.215,1.1326,1.135,108660119.2,126637668.85627,338156.0
2022-11-05,Binance,MATICUSDT,1.1691,1.3071,1.1531,1.1846,189393717.4,229520531.60225,604349.0
2022-11-04,Binance,MATICUSDT,0.9512,1.199,0.9505,1.1692,300277375.5,333583998.29469,1053988.0
2022-11-03,Binance,MATICUSDT,0.8733,0.9843,0.8684,0.9512,174644970.2,165610833.17746,425593.0
2022-11-02,Binance,MATICUSDT,0.8739,0.8915,0.837,0.8734,110965532.1,95616698.73952,266551.0
2022-11-01,Binance,MATICUSDT,0.9026,0.9094,0.8724,0.8739,47627967.5,42535770.50381,116156.0
2022-10-31,Binance,MATICUSDT,0.9084,0.9298,0.8931,0.9026,59360219.5,54011618.4496,133600.0
2022-10-30,Binance,MATICUSDT,0.9335,0.9488,0.8986,0.9084,64416028.0,59478237.58939,145441.0
2022-10-29,Binance,MATICUSDT,0.9443,0.9593,0.9257,0.9336,65433748.5,61531901.88421,148630.0
2022-10-28,Binance,MATICUSDT,0.9036,0.9469,0.8942,0.9444,69963617.8,64301555.616,154968.0
2022-10-27,Binance,MATICUSDT,0.9372,0.948,0.8936,0.9036,97730707.3,90484632.0595,213259.0
2022-10-26,Binance,MATICUSDT,0.9176,0.968,0.9176,0.9373,104834000.1,98876903.22136,229922.0
2022-10-25,Binance,MATICUSDT,0.8932,0.9487,0.8747,0.9176,98785228.7,89878448.57472,249750.0
2022-10-24,Binance,MATICUSDT,0.8986,0.9088,0.8719,0.8931,92087558.5,82089448.80911,212540.0
2022-10-23,Binance,MATICUSDT,0.8319,0.9047,0.8204,0.8986,69369080.0,59403999.41001,147240.0
2022-10-22,Binance,MATICUSDT,0.8321,0.8407,0.8127,0.8319,37710089.0,31214389.25404,77096.0
2022-10-21,Binance,MATICUSDT,0.8094,0.8336,0.7747,0.832,74134213.3,59664873.0068,165226.0
2022-10-20,Binance,MATICUSDT,0.8445,0.8483,0.8054,0.8094,71430587.0,59315490.42902,170248.0
2022-10-19,Binance,MATICUSDT,0.864,0.8812,0.8398,0.8445,69116601.3,59716273.42669,178729.0
2022-10-18,Binance,MATICUSDT,0.8483,0.8814,0.8357,0.8642,98636927.7,84786951.97127,221246.0
2022-10-17,Binance,MATICUSDT,0.7983,0.85,0.7958,0.8482,49566523.7,41055443.32148,125170.0
2022-10-16,Binance,MATICUSDT,0.7892,0.8099,0.7881,0.7984,21642765.8,17273966.70842,60394.0
2022-10-15,Binance,MATICUSDT,0.7933,0.81,0.7859,0.7892,27921576.1,22271252.08863,80660.0
2022-10-14,Binance,MATICUSDT,0.7748,0.8228,0.7747,0.7933,56700990.9,45514763.05958,138600.0
2022-10-13,Binance,MATICUSDT,0.7827,0.7875,0.7156,0.775,70217913.9,52764022.02755,168725.0
2022-10-12,Binance,MATICUSDT,0.7909,0.8018,0.7819,0.7829,25450425.7,20160912.25043,59487.0
2022-10-11,Binance,MATICUSDT,0.8136,0.8136,0.7845,0.7909,47553455.4,38034777.67489,93930.0
2022-10-10,Binance,MATICUSDT,0.8255,0.8431,0.8116,0.8136,52677506.3,43767935.13103,98118.0
2022-10-09,Binance,MATICUSDT,0.8144,0.8299,0.808,0.8255,22036160.2,18092252.52006,43695.0
2022-10-08,Binance,MATICUSDT,0.8314,0.835,0.8081,0.8144,22349110.0,18336713.47901,47179.0
2022-10-07,Binance,MATICUSDT,0.8335,0.8482,0.8186,0.8315,43204613.6,36126776.05471,88529.0
2022-10-06,Binance,MATICUSDT,0.8512,0.8596,0.8303,0.8336,56063871.0,47326051.97601,101241.0
2022-10-05,Binance,MATICUSDT,0.8351,0.8607,0.8209,0.8512,71309080.5,59855646.51876,132095.0
2022-10-04,Binance,MATICUSDT,0.8002,0.8437,0.7999,0.8351,69927621.7,57871672.90308,130581.0
2022-10-03,Binance,MATICUSDT,0.7632,0.8073,0.7544,0.8002,64369980.3,50463164.61171,117450.0
2022-10-02,Binance,MATICUSDT,0.7669,0.7838,0.7611,0.7631,36168037.1,27919950.85221,70344.0
2022-10-01,Binance,MATICUSDT,0.7781,0.7813,0.7593,0.767,25219685.5,19442983.89553,53974.0
2022-09-30,Binance,MATICUSDT,0.7635,0.7897,0.7605,0.7778,74769580.5,57971958.08167,142495.0
2022-09-29,Binance,MATICUSDT,0.7473,0.7648,0.7311,0.7631,59553845.5,44545926.96782,110870.0
2022-09-28,Binance,MATICUSDT,0.739,0.7549,0.712,0.7473,55942554.1,41115362.67441,117617.0
2022-09-27,Binance,MATICUSDT,0.7557,0.7937,0.7261,0.7389,99429969.0,76024934.68091,181056.0
2022-09-26,Binance,MATICUSDT,0.7395,0.7616,0.7262,0.7557,66516406.6,49571658.45858,140893.0
2022-09-25,Binance,MATICUSDT,0.7528,0.7671,0.731,0.7397,37385050.3,28122616.59885,82484.0
2022-09-24,Binance,MATICUSDT,0.7784,0.7824,0.75,0.7527,42348151.6,32588484.5922,92391.0
2022-09-23,Binance,MATICUSDT,0.7523,0.7855,0.7228,0.7784,84151419.4,63177624.97537,173950.0
2022-09-22,Binance,MATICUSDT,0.7006,0.7628,0.7003,0.7521,70671776.6,52268747.86924,146806.0
2022-09-21,Binance,MATICUSDT,0.7333,0.778,0.6901,0.7007,95101361.4,69705588.86644,218083.0
2022-09-20,Binance,MATICUSDT,0.7653,0.7692,0.73,0.7333,48949348.2,36651726.31034,109759.0
2022-09-19,Binance,MATICUSDT,0.7533,0.7754,0.7248,0.7655,73085404.0,54821951.52659,179668.0
2022-09-18,Binance,MATICUSDT,0.828,0.8367,0.75,0.7533,64802222.7,51932252.56498,145785.0
2022-09-17,Binance,MATICUSDT,0.8068,0.8311,0.8049,0.8279,27039758.3,22105313.19655,66821.0
2022-09-16,Binance,MATICUSDT,0.8252,0.8313,0.7873,0.8069,52889683.6,42776715.43352,142528.0
2022-09-15,Binance,MATICUSDT,0.8646,0.8761,0.8175,0.8251,72521132.7,61277913.72155,186030.0
2022-09-14,Binance,MATICUSDT,0.846,0.8682,0.8302,0.8645,59338753.1,50573516.80836,149172.0
2022-09-13,Binance,MATICUSDT,0.9301,0.9436,0.8389,0.8461,120684228.2,107593345.62798,305391.0
2022-09-12,Binance,MATICUSDT,0.8934,0.9404,0.8717,0.9301,102118481.7,93200538.44075,271807.0
2022-09-11,Binance,MATICUSDT,0.9057,0.9179,0.8757,0.8934,36101767.7,32341304.47381,103177.0
2022-09-10,Binance,MATICUSDT,0.8905,0.912,0.8779,0.906,58175444.0,51994210.08095,151895.0
2022-09-09,Binance,MATICUSDT,0.8449,0.901,0.8421,0.8905,71296589.8,62738367.78249,175307.0
2022-09-08,Binance,MATICUSDT,0.8405,0.8499,0.8157,0.8448,55903954.3,46657445.60446,136224.0
2022-09-07,Binance,MATICUSDT,0.8156,0.8513,0.7913,0.8404,74934469.5,61253641.83122,168654.0
2022-09-06,Binance,MATICUSDT,0.882,0.924,0.8112,0.8157,118115918.3,102927279.72122,253106.0
2022-09-05,Binance,MATICUSDT,0.895,0.9034,0.862,0.8819,44151340.3,38781040.01225,109307.0
2022-09-04,Binance,MATICUSDT,0.8889,0.8989,0.8718,0.8951,38935337.9,34451560.19908,109200.0
2022-09-03,Binance,MATICUSDT,0.872,0.8903,0.8665,0.889,42944128.2,37707804.64416,111468.0
2022-09-02,Binance,MATICUSDT,0.8844,0.9136,0.8627,0.8719,91872437.5,81541758.70542,225002.0
2022-09-01,Binance,MATICUSDT,0.8322,0.8956,0.8218,0.8844,108922083.8,92848142.79035,269589.0
2022-08-31,Binance,MATICUSDT,0.8153,0.8567,0.8153,0.8323,80353318.7,66928748.85478,214619.0
2022-08-30,Binance,MATICUSDT,0.8165,0.8441,0.7827,0.8153,85386455.6,69640191.08685,204794.0
2022-08-29,Binance,MATICUSDT,0.7827,0.8211,0.7617,0.8168,102998979.9,81763154.68603,253410.0
2022-08-28,Binance,MATICUSDT,0.8049,0.834,0.7771,0.7824,76338584.1,62018176.19172,200269.0
2022-08-27,Binance,MATICUSDT,0.765,0.815,0.7556,0.8049,88047062.7,69473746.98244,219475.0
2022-08-26,Binance,MATICUSDT,0.8182,0.8471,0.7535,0.7651,119906082.3,96001351.42714,281406.0
2022-08-25,Binance,MATICUSDT,0.8136,0.8323,0.8048,0.8183,43571146.1,35684531.51941,129902.0
2022-08-24,Binance,MATICUSDT,0.8322,0.84,0.8022,0.8136,52393901.7,42949526.77086,144850.0
2022-08-23,Binance,MATICUSDT,0.81,0.8369,0.7912,0.8322,62552984.7,51090466.5037,163612.0
2022-08-22,Binance,MATICUSDT,0.8206,0.8229,0.7685,0.8099,67647891.8,53671558.01167,193056.0
2022-08-21,Binance,MATICUSDT,0.7862,0.83,0.7784,0.8205,64321326.0,51783650.46859,169093.0
2022-08-20,Binance,MATICUSDT,0.7696,0.8169,0.7582,0.7863,84249101.2,66504388.3069,215501.0
2022-08-19,Binance,MATICUSDT,0.8571,0.8581,0.7634,0.7695,137111673.1,109513746.6255,347556.0
2022-08-18,Binance,MATICUSDT,0.8848,0.9101,0.8545,0.857,68345203.7,60800111.71691,174054.0
2022-08-17,Binance,MATICUSDT,0.9344,0.9642,0.8771,0.8848,77598129.4,71142548.08048,225096.0
2022-08-16,Binance,MATICUSDT,0.9505,0.9681,0.9239,0.9343,57048653.0,53926224.99189,168512.0
2022-08-15,Binance,MATICUSDT,1.0004,1.0343,0.9315,0.9505,83213360.7,80951849.18403,252055.0
2022-08-14,Binance,MATICUSDT,1.0256,1.0545,0.9856,1.0005,78877164.7,80430512.12108,282602.0
2022-08-13,Binance,MATICUSDT,0.9345,1.0342,0.9291,1.0256,141368074.5,140972717.14597,396064.0
2022-08-12,Binance,MATICUSDT,0.921,0.9352,0.9056,0.9344,37271224.2,34333855.82704,115088.0
2022-08-11,Binance,MATICUSDT,0.9382,0.9562,0.9154,0.9211,61842165.8,57990414.38113,189581.0
2022-08-10,Binance,MATICUSDT,0.8908,0.941,0.8706,0.9381,72354681.1,66248369.54975,206751.0
2022-08-09,Binance,MATICUSDT,0.9219,0.9311,0.8688,0.8908,54242401.2,48864331.11455,146832.0
2022-08-08,Binance,MATICUSDT,0.907,0.9519,0.9047,0.9218,71561793.0,66594130.53479,187416.0
2022-08-07,Binance,MATICUSDT,0.9078,0.925,0.8923,0.907,33628213.0,30604731.17666,97152.0
2022-08-06,Binance,MATICUSDT,0.9278,0.9417,0.9024,0.9076,43833487.9,40507609.21789,128460.0
2022-08-05,Binance,MATICUSDT,0.8915,0.9379,0.889,0.928,70273119.4,64398405.74391,202894.0
2022-08-04,Binance,MATICUSDT,0.8883,0.9121,0.8753,0.8915,56731489.7,50662343.20831,177767.0
2022-08-03,Binance,MATICUSDT,0.8767,0.926,0.8564,0.8883,76434171.5,68742559.84679,225139.0
2022-08-02,Binance,MATICUSDT,0.8914,0.9064,0.848,0.8768,107527361.2,94019856.63419,269258.0
2022-08-01,Binance,MATICUSDT,0.9277,0.9468,0.8777,0.8914,102473447.0,93332676.55915,265266.0
2022-07-31,Binance,MATICUSDT,0.931,1.0197,0.9107,0.9279,139366466.4,133495719.11202,362912.0
2022-07-30,Binance,MATICUSDT,0.9388,0.9838,0.9133,0.9309,106413447.5,100833072.77511,275994.0
2022-07-29,Binance,MATICUSDT,0.934,0.9931,0.9045,0.9387,183513393.1,174367921.46818,464552.0
2022-07-28,Binance,MATICUSDT,0.8966,0.975,0.8448,0.9339,236707802.1,214645558.55582,543258.0
2022-07-27,Binance,MATICUSDT,0.7833,0.8987,0.762,0.8968,199984258.7,165866260.96866,455367.0
2022-07-26,Binance,MATICUSDT,0.7703,0.7849,0.7221,0.7833,154988735.0,116698567.22685,327371.0
2022-07-25,Binance,MATICUSDT,0.8794,0.8849,0.7677,0.7703,145057895.3,119903483.45084,330730.0
2022-07-24,Binance,MATICUSDT,0.8712,0.9092,0.8459,0.8795,102480809.3,89912586.23383,249876.0
2022-07-23,Binance,MATICUSDT,0.8507,0.8891,0.814,0.8712,100257262.1,85093060.63921,241681.0
2022-07-22,Binance,MATICUSDT,0.9057,0.935,0.845,0.8508,161751526.1,144230596.90405,394096.0
2022-07-21,Binance,MATICUSDT,0.8318,0.9289,0.7966,0.9057,242710579.0,210937746.819,538109.0
2022-07-20,Binance,MATICUSDT,0.9254,0.9534,0.8108,0.8318,238403566.3,212017695.41889,552301.0
2022-07-19,Binance,MATICUSDT,0.9587,0.98,0.8832,0.9255,259104558.4,238807081.12739,627631.0
2022-07-18,Binance,MATICUSDT,0.7529,0.9849,0.745,0.9583,385575448.9,345839133.03676,883684.0
2022-07-17,Binance,MATICUSDT,0.7292,0.79,0.7187,0.7529,155085808.8,118077971.39904,315931.0
2022-07-16,Binance,MATICUSDT,0.7034,0.7443,0.6825,0.7292,129325811.6,92480110.23415,249207.0
2022-07-15,Binance,MATICUSDT,0.7096,0.735,0.677,0.7037,231240627.9,162301427.67107,453950.0
2022-07-14,Binance,MATICUSDT,0.6391,0.719,0.6129,0.7096,371814316.7,243456273.48287,709188.0
2022-07-13,Binance,MATICUSDT,0.5362,0.6454,0.5203,0.6389,254696666.1,144699512.72263,444235.0
2022-07-12,Binance,MATICUSDT,0.563,0.5934,0.5345,0.5362,183829595.0,104807125.86082,342561.0
2022-07-11,Binance,MATICUSDT,0.5717,0.5984,0.5363,0.563,168479902.2,95385324.26201,312769.0
2022-07-10,Binance,MATICUSDT,0.5899,0.5902,0.5526,0.5717,85080378.2,48608939.47257,154374.0
2022-07-09,Binance,MATICUSDT,0.6058,0.6119,0.5822,0.5899,100052940.6,59471019.92621,178698.0
2022-07-08,Binance,MATICUSDT,0.563,0.6199,0.5554,0.6059,273623248.2,159227520.28273,432974.0
2022-07-07,Binance,MATICUSDT,0.5256,0.573,0.5113,0.5628,185981194.0,100966097.79446,249378.0
2022-07-06,Binance,MATICUSDT,0.5127,0.5308,0.4929,0.5257,242883092.8,124897854.23826,303334.0
2022-07-05,Binance,MATICUSDT,0.4917,0.5355,0.4857,0.5127,335931980.8,171920866.82535,412806.0
2022-07-04,Binance,MATICUSDT,0.4621,0.4953,0.4513,0.4918,166121678.0,78184587.05269,189049.0
2022-07-03,Binance,MATICUSDT,0.4931,0.4942,0.4491,0.4621,170900076.3,80454806.79457,200466.0
2022-07-02,Binance,MATICUSDT,0.4621,0.4963,0.4486,0.493,183222500.6,85850458.48002,180390.0
2022-07-01,Binance,MATICUSDT,0.4808,0.4982,0.4496,0.4621,296499618.2,140719600.79108,328379.0
2022-06-30,Binance,MATICUSDT,0.4975,0.4978,0.418,0.4808,412893672.1,187518199.76218,431976.0
2022-06-29,Binance,MATICUSDT,0.5108,0.5465,0.4851,0.4974,372676557.3,192177708.71653,423546.0
2022-06-28,Binance,MATICUSDT,0.532,0.575,0.504,0.5107,227581109.8,120823795.51794,259299.0
2022-06-27,Binance,MATICUSDT,0.559,0.597,0.52,0.532,146468480.2,81487665.7357,142966.0
2022-06-26,Binance,MATICUSDT,0.601,0.627,0.556,0.559,99737778.1,59186344.4163,134298.0
2022-06-25,Binance,MATICUSDT,0.607,0.627,0.566,0.601,130443259.3,77921716.4726,174410.0
2022-06-24,Binance,MATICUSDT,0.562,0.631,0.562,0.607,247314217.9,147654377.5611,283826.0
2022-06-23,Binance,MATICUSDT,0.456,0.574,0.455,0.562,334375172.2,171316930.8414,336961.0
2022-06-22,Binance,MATICUSDT,0.42,0.472,0.394,0.455,156352169.3,67666970.4848,151358.0
2022-06-21,Binance,MATICUSDT,0.4,0.455,0.392,0.42,150058307.5,64570144.5278,128693.0
2022-06-20,Binance,MATICUSDT,0.384,0.411,0.359,0.4,114184332.3,44466812.3621,104544.0
2022-06-19,Binance,MATICUSDT,0.346,0.385,0.327,0.384,112312742.8,39550390.2744,99575.0
2022-06-18,Binance,MATICUSDT,0.4,0.408,0.316,0.346,138954523.7,49525769.420384,119658.0
2022-06-17,Binance,MATICUSDT,0.383,0.409,0.378,0.399,55750718.0,22093052.2978,57913.0
2022-06-16,Binance,MATICUSDT,0.439,0.446,0.375,0.384,97621973.2,39353203.4737,96223.0
2022-06-15,Binance,MATICUSDT,0.415,0.441,0.363,0.44,176633425.2,69159792.652746,182684.0
2022-06-14,Binance,MATICUSDT,0.431,0.454,0.396,0.415,158226148.4,67277439.562099,160756.0
2022-06-13,Binance,MATICUSDT,0.496,0.504,0.404,0.43,197124489.8,86655354.787753,195527.0
2022-06-12,Binance,MATICUSDT,0.541,0.547,0.496,0.497,86742685.9,45119047.752376,99373.0
2022-06-11,Binance,MATICUSDT,0.594,0.607,0.531,0.54,66207911.0,37383833.643,86128.0
2022-06-10,Binance,MATICUSDT,0.634,0.663,0.59,0.594,84427247.7,52795041.731,102926.0
2022-06-09,Binance,MATICUSDT,0.607,0.652,0.602,0.634,47864999.0,30095235.2572,65718.0
2022-06-08,Binance,MATICUSDT,0.618,0.633,0.601,0.606,52731186.4,32355851.153,66320.0
2022-06-07,Binance,MATICUSDT,0.632,0.634,0.583,0.617,61113363.7,36929254.3587,76962.0
2022-06-06,Binance,MATICUSDT,0.598,0.656,0.595,0.633,72763913.4,46291459.065,88415.0
2022-06-05,Binance,MATICUSDT,0.596,0.607,0.584,0.598,24801520.7,14745185.0236,33077.0
2022-06-04,Binance,MATICUSDT,0.589,0.601,0.576,0.596,22906167.9,13534544.8721,35125.0
2022-06-03,Binance,MATICUSDT,0.62,0.621,0.576,0.589,38172169.4,22653419.3494,52061.0
2022-06-02,Binance,MATICUSDT,0.6,0.622,0.591,0.62,55084190.6,33294187.4856,65391.0
2022-06-01,Binance,MATICUSDT,0.662,0.671,0.585,0.6,92155393.9,58036692.6676,102364.0
2022-05-31,Binance,MATICUSDT,0.657,0.684,0.643,0.663,96486653.0,63868709.5746,114486.0
2022-05-30,Binance,MATICUSDT,0.599,0.661,0.595,0.658,86675025.6,54923779.9093,95848.0
2022-05-29,Binance,MATICUSDT,0.588,0.602,0.574,0.6,45902271.0,27024438.3395,49649.0
2022-05-28,Binance,MATICUSDT,0.574,0.597,0.568,0.588,46464580.8,27136842.2494,52602.0
2022-05-27,Binance,MATICUSDT,0.598,0.611,0.564,0.574,97233765.3,56892613.8977,114782.0
2022-05-26,Binance,MATICUSDT,0.645,0.661,0.576,0.598,121100003.7,74551441.0543,129737.0
2022-05-25,Binance,MATICUSDT,0.664,0.674,0.628,0.646,67784409.4,43923726.2168,78224.0
2022-05-24,Binance,MATICUSDT,0.642,0.669,0.611,0.663,75641116.0,48328186.54,87041.0
2022-05-23,Binance,MATICUSDT,0.676,0.701,0.635,0.641,87343768.4,59127785.8404,104005.0
2022-05-22,Binance,MATICUSDT,0.65,0.683,0.64,0.676,45693696.3,30263396.7093,59706.0
2022-05-21,Binance,MATICUSDT,0.634,0.66,0.621,0.65,35782020.1,22984384.2677,53578.0
2022-05-20,Binance,MATICUSDT,0.659,0.68,0.617,0.634,76951665.1,49890493.3654,93338.0
2022-05-19,Binance,MATICUSDT,0.626,0.674,0.609,0.659,107205341.4,68573350.0552,122352.0
2022-05-18,Binance,MATICUSDT,0.727,0.738,0.623,0.626,100406529.9,67356669.3625,125846.0
2022-05-17,Binance,MATICUSDT,0.678,0.736,0.674,0.726,114713520.1,80824456.39,137882.0
2022-05-16,Binance,MATICUSDT,0.743,0.743,0.658,0.677,133481571.8,91808945.6781,154335.0
2022-05-15,Binance,MATICUSDT,0.685,0.744,0.656,0.742,101688983.5,70178363.7259,129381.0
2022-05-14,Binance,MATICUSDT,0.667,0.712,0.615,0.686,131101411.8,86686991.5334,156804.0
2022-05-13,Binance,MATICUSDT,0.601,0.753,0.59,0.667,231738849.1,160157111.4968,272209.0
2022-05-12,Binance,MATICUSDT,0.676,0.718,0.501,0.6,330454002.9,196071124.370607,424753.0
2022-05-11,Binance,MATICUSDT,0.889,0.912,0.602,0.675,401657138.8,311074858.843609,590504.0
2022-05-10,Binance,MATICUSDT,0.81,0.99,0.79,0.889,272210112.0,246387187.9669,373612.0
2022-05-09,Binance,MATICUSDT,0.977,0.992,0.788,0.81,142192703.4,124714130.677373,224379.0
2022-05-08,Binance,MATICUSDT,1.02,1.03,0.96,0.977,61694844.0,60980198.940414,113736.0
2022-05-07,Binance,MATICUSDT,1.043,1.067,0.992,1.019,66643246.5,69038334.669904,102190.0
2022-05-06,Binance,MATICUSDT,1.065,1.077,1.011,1.043,88663343.3,92812372.7427,130418.0
2022-05-05,Binance,MATICUSDT,1.173,1.187,1.029,1.064,86554618.8,95327757.3036,153343.0
2022-05-04,Binance,MATICUSDT,1.077,1.174,1.07,1.173,77380068.2,86537431.8118,122605.0
2022-05-03,Binance,MATICUSDT,1.077,1.117,1.054,1.076,53733584.2,58565136.1942,87943.0
2022-05-02,Binance,MATICUSDT,1.099,1.121,1.036,1.077,73093982.3,79121152.6797,139994.0
2022-05-01,Binance,MATICUSDT,1.033,1.124,1.014,1.099,83369235.4,89760871.3249,162378.0
2022-04-30,Binance,MATICUSDT,1.141,1.166,1.011,1.032,67942141.7,74539161.394068,132767.0
2022-04-29,Binance,MATICUSDT,1.238,1.246,1.127,1.14,73403513.3,86724659.5493,133082.0
2022-04-28,Binance,MATICUSDT,1.257,1.28,1.226,1.237,45259868.3,56660663.9847,100505.0
2022-04-27,Binance,MATICUSDT,1.244,1.292,1.235,1.257,40904675.4,51622614.8362,91003.0
2022-04-26,Binance,MATICUSDT,1.353,1.362,1.224,1.244,51779339.1,66810539.4127,131555.0
2022-04-25,Binance,MATICUSDT,1.343,1.356,1.263,1.353,61468472.3,80180660.8861,146221.0
2022-04-24,Binance,MATICUSDT,1.363,1.375,1.332,1.343,27580279.1,37286208.49,68763.0
2022-04-23,Binance,MATICUSDT,1.397,1.412,1.343,1.362,42684882.1,58770038.4596,107764.0
2022-04-22,Binance,MATICUSDT,1.377,1.506,1.371,1.398,130745946.0,189115931.4101,304808.0
2022-04-21,Binance,MATICUSDT,1.417,1.468,1.358,1.378,52021660.2,74154515.1651,138974.0
2022-04-20,Binance,MATICUSDT,1.427,1.466,1.396,1.417,50063787.8,71783547.7646,128363.0
2022-04-19,Binance,MATICUSDT,1.418,1.45,1.393,1.427,45777866.8,65011396.4748,125666.0
2022-04-18,Binance,MATICUSDT,1.336,1.426,1.293,1.418,62938926.6,85279697.0123,164800.0
2022-04-17,Binance,MATICUSDT,1.388,1.39,1.332,1.337,20188054.4,27665464.0913,61509.0
2022-04-16,Binance,MATICUSDT,1.398,1.403,1.365,1.388,15800872.8,21902116.6498,50852.0
2022-04-15,Binance,MATICUSDT,1.374,1.399,1.366,1.398,20365967.4,28239956.3968,61179.0
2022-04-14,Binance,MATICUSDT,1.42,1.444,1.352,1.374,36971813.3,51521315.921,101742.0
2022-04-13,Binance,MATICUSDT,1.394,1.438,1.365,1.42,42580666.7,60077054.3713,120024.0
2022-04-12,Binance,MATICUSDT,1.334,1.475,1.326,1.394,64754216.8,90793144.1795,181824.0
2022-04-11,Binance,MATICUSDT,1.427,1.44,1.313,1.334,51505755.2,70694203.2178,154234.0
2022-04-10,Binance,MATICUSDT,1.463,1.49,1.419,1.427,19402659.4,28313425.1674,69332.0
2022-04-09,Binance,MATICUSDT,1.434,1.468,1.426,1.463,21720943.1,31467937.4368,64074.0
2022-04-08,Binance,MATICUSDT,1.511,1.527,1.423,1.434,41686592.7,62065759.7553,120355.0
2022-04-07,Binance,MATICUSDT,1.458,1.52,1.437,1.511,46712069.4,69178264.052,135766.0
2022-04-06,Binance,MATICUSDT,1.593,1.593,1.453,1.457,70018240.2,107004048.0287,230473.0
2022-04-05,Binance,MATICUSDT,1.647,1.676,1.587,1.592,37581796.0,61227667.9351,126787.0
2022-04-04,Binance,MATICUSDT,1.687,1.689,1.606,1.648,43208078.2,71340229.3073,148960.0
2022-04-03,Binance,MATICUSDT,1.653,1.713,1.632,1.688,36786552.8,61728276.6938,136241.0
2022-04-02,Binance,MATICUSDT,1.695,1.729,1.646,1.653,55583003.2,94277846.0615,181492.0
2022-04-01,Binance,MATICUSDT,1.617,1.712,1.559,1.695,63365270.9,104102060.0079,207367.0
2022-03-31,Binance,MATICUSDT,1.682,1.75,1.608,1.618,70232470.8,118169847.2491,245390.0
2022-03-30,Binance,MATICUSDT,1.675,1.727,1.627,1.682,59119929.3,99503275.1437,194421.0
2022-03-29,Binance,MATICUSDT,1.657,1.737,1.634,1.675,55407333.3,93975549.7553,191342.0
2022-03-28,Binance,MATICUSDT,1.695,1.745,1.649,1.657,60874912.8,103893773.1644,249355.0
2022-03-27,Binance,MATICUSDT,1.612,1.695,1.602,1.695,38088458.8,62647759.3517,147266.0
2022-03-26,Binance,MATICUSDT,1.579,1.616,1.567,1.611,22458476.1,35767475.4433,72648.0
2022-03-25,Binance,MATICUSDT,1.63,1.664,1.563,1.578,56585178.3,91717943.6236,191719.0
2022-03-24,Binance,MATICUSDT,1.556,1.637,1.544,1.629,63085734.6,100684756.3115,210920.0
2022-03-23,Binance,MATICUSDT,1.507,1.559,1.492,1.556,44521965.5,67874143.6481,138352.0
2022-03-22,Binance,MATICUSDT,1.465,1.534,1.458,1.506,49106145.2,73992373.5187,131261.0
2022-03-21,Binance,MATICUSDT,1.466,1.498,1.442,1.465,39193447.1,57580052.0502,103702.0
2022-03-20,Binance,MATICUSDT,1.53,1.537,1.458,1.465,30710783.6,45773851.0884,97352.0
2022-03-19,Binance,MATICUSDT,1.497,1.542,1.497,1.529,39958797.6,60761493.6104,129563.0
2022-03-18,Binance,MATICUSDT,1.447,1.51,1.417,1.497,47850822.3,69551652.9262,133593.0
2022-03-17,Binance,MATICUSDT,1.468,1.499,1.437,1.446,47442509.1,69308064.0111,125926.0
2022-03-16,Binance,MATICUSDT,1.378,1.471,1.355,1.467,68598098.2,96302335.8127,180772.0
2022-03-15,Binance,MATICUSDT,1.379,1.41,1.33,1.378,40716252.8,55685294.7183,114810.0
2022-03-14,Binance,MATICUSDT,1.361,1.394,1.329,1.379,52468420.4,71481919.3487,134769.0
2022-03-13,Binance,MATICUSDT,1.397,1.421,1.352,1.36,30337041.0,42303197.6572,84571.0
2022-03-12,Binance,MATICUSDT,1.405,1.435,1.394,1.396,33504349.3,47381803.6254,76970.0
2022-03-11,Binance,MATICUSDT,1.436,1.473,1.403,1.404,64984054.5,93035431.9854,145362.0
2022-03-10,Binance,MATICUSDT,1.505,1.511,1.4,1.437,76047008.1,109256272.6365,192962.0
2022-03-09,Binance,MATICUSDT,1.446,1.545,1.444,1.505,76279564.0,115180647.1103,187631.0
2022-03-08,Binance,MATICUSDT,1.41,1.475,1.403,1.447,67592015.3,97801065.1481,161319.0
2022-03-07,Binance,MATICUSDT,1.435,1.496,1.369,1.411,85656899.3,122316853.0312,205694.0
2022-03-06,Binance,MATICUSDT,1.508,1.519,1.431,1.435,44816887.7,66014445.713,113735.0
2022-03-05,Binance,MATICUSDT,1.477,1.516,1.448,1.508,41939605.6,62302818.6671,107629.0
2022-03-04,Binance,MATICUSDT,1.585,1.587,1.452,1.478,77638012.4,118152251.5778,201426.0
2022-03-03,Binance,MATICUSDT,1.636,1.652,1.544,1.586,75342727.8,120342787.4757,198155.0
2022-03-02,Binance,MATICUSDT,1.621,1.699,1.582,1.637,106926527.0,175620449.2354,307594.0
2022-03-01,Binance,MATICUSDT,1.613,1.664,1.554,1.621,112875726.8,181565593.3901,302963.0
2022-02-28,Binance,MATICUSDT,1.453,1.618,1.422,1.614,89337683.7,135244621.7815,251249.0
2022-02-27,Binance,MATICUSDT,1.517,1.547,1.422,1.453,84362806.0,124895915.2868,200801.0
2022-02-26,Binance,MATICUSDT,1.55,1.595,1.503,1.516,70500809.8,108699862.0571,165130.0
2022-02-25,Binance,MATICUSDT,1.44,1.575,1.403,1.551,124723235.9,184584973.9512,280329.0
2022-02-24,Binance,MATICUSDT,1.436,1.515,1.245,1.441,272876939.5,367906659.5139,510363.0
2022-02-23,Binance,MATICUSDT,1.462,1.595,1.432,1.436,117998438.6,179395820.8372,273132.0
2022-02-22,Binance,MATICUSDT,1.404,1.475,1.345,1.462,114722815.6,162179882.8648,235769.0
2022-02-21,Binance,MATICUSDT,1.511,1.615,1.4,1.405,135844993.9,205801397.4814,304334.0
2022-02-20,Binance,MATICUSDT,1.633,1.636,1.492,1.512,69747934.7,107741186.9308,186872.0
2022-02-19,Binance,MATICUSDT,1.592,1.643,1.558,1.632,43942448.1,70575805.5566,159313.0
2022-02-18,Binance,MATICUSDT,1.661,1.713,1.581,1.593,72127998.5,118592270.091,225736.0
2022-02-17,Binance,MATICUSDT,1.836,1.864,1.646,1.661,77223017.1,135097933.0461,326340.0
2022-02-16,Binance,MATICUSDT,1.871,1.878,1.731,1.836,79187974.4,143526425.8652,305550.0
2022-02-15,Binance,MATICUSDT,1.656,1.879,1.652,1.871,79165758.4,140546416.1564,309088.0
2022-02-14,Binance,MATICUSDT,1.659,1.679,1.594,1.656,68720224.6,112205537.6222,209721.0
2022-02-13,Binance,MATICUSDT,1.702,1.724,1.643,1.659,39312030.0,66443749.3079,130943.0
2022-02-12,Binance,MATICUSDT,1.715,1.765,1.641,1.701,66680406.3,113239383.8018,226075.0
2022-02-11,Binance,MATICUSDT,1.895,1.899,1.675,1.716,116727590.6,211277231.4098,367080.0
2022-02-10,Binance,MATICUSDT,2.037,2.101,1.87,1.896,127157847.1,250743109.1648,540875.0
2022-02-09,Binance,MATICUSDT,1.942,2.06,1.889,2.037,92733530.6,183681820.1451,368224.0
2022-02-08,Binance,MATICUSDT,2.018,2.048,1.859,1.941,132565496.2,258391627.7998,551598.0
2022-02-07,Binance,MATICUSDT,1.738,2.1,1.698,2.018,171047453.1,327696751.0774,791275.0
2022-02-06,Binance,MATICUSDT,1.711,1.754,1.666,1.738,46183793.8,79126698.5035,191708.0
2022-02-05,Binance,MATICUSDT,1.694,1.758,1.673,1.711,64562494.1,111044679.6526,271875.0
2022-02-04,Binance,MATICUSDT,1.556,1.696,1.535,1.694,72339034.2,116747423.8831,259124.0
2022-02-03,Binance,MATICUSDT,1.539,1.562,1.475,1.556,62800626.4,95206576.1674,208880.0
2022-02-02,Binance,MATICUSDT,1.647,1.665,1.521,1.538,59423987.6,94785223.3568,226406.0
2022-02-01,Binance,MATICUSDT,1.642,1.679,1.613,1.647,65117122.0,107209047.1717,250932.0
2022-01-31,Binance,MATICUSDT,1.604,1.652,1.523,1.641,67978844.0,107807686.4361,227972.0
2022-01-30,Binance,MATICUSDT,1.697,1.709,1.576,1.604,60973806.8,99978189.4367,213529.0
2022-01-29,Binance,MATICUSDT,1.673,1.74,1.649,1.696,59414339.5,101047242.7168,240072.0
2022-01-28,Binance,MATICUSDT,1.589,1.702,1.563,1.673,113781512.2,186260518.7519,382391.0
2022-01-27,Binance,MATICUSDT,1.589,1.668,1.496,1.589,135671959.5,214492059.1195,415751.0
2022-01-26,Binance,MATICUSDT,1.558,1.822,1.525,1.59,207512832.0,343969788.0074,662240.0
2022-01-25,Binance,MATICUSDT,1.506,1.611,1.41,1.559,134168952.6,200816467.3062,384960.0
2022-01-24,Binance,MATICUSDT,1.617,1.617,1.306,1.506,226249382.0,320777352.3694,539349.0
2022-01-23,Binance,MATICUSDT,1.537,1.67,1.509,1.617,124415371.7,197308890.4989,348627.0
2022-01-22,Binance,MATICUSDT,1.698,1.756,1.396,1.536,257211366.6,400754989.567,651068.0
2022-01-21,Binance,MATICUSDT,1.959,2.026,1.64,1.699,203319818.1,373938339.6528,702240.0
2022-01-20,Binance,MATICUSDT,2.03,2.194,1.951,1.96,91995626.7,192004602.5625,366706.0
2022-01-19,Binance,MATICUSDT,2.121,2.143,2.013,2.03,92522186.7,192206020.097,348139.0
2022-01-18,Binance,MATICUSDT,2.219,2.245,2.056,2.121,110374557.1,236804044.2324,413640.0
2022-01-17,Binance,MATICUSDT,2.332,2.452,2.163,2.219,114289288.7,265763269.9908,592925.0
2022-01-16,Binance,MATICUSDT,2.346,2.373,2.282,2.332,49800594.2,115869595.8344,239436.0
2022-01-15,Binance,MATICUSDT,2.334,2.398,2.295,2.346,54115900.4,127414017.3063,289132.0
2022-01-14,Binance,MATICUSDT,2.264,2.351,2.168,2.334,81154863.5,184074507.9739,368529.0
2022-01-13,Binance,MATICUSDT,2.397,2.441,2.24,2.265,96342184.4,226402907.2935,504164.0
2022-01-12,Binance,MATICUSDT,2.361,2.449,2.305,2.398,105446906.5,249034763.2087,544906.0
2022-01-11,Binance,MATICUSDT,2.072,2.373,2.046,2.36,133945252.3,299455676.8309,614124.0
2022-01-10,Binance,MATICUSDT,2.114,2.149,1.919,2.071,105243094.3,214051182.3974,447916.0
2022-01-09,Binance,MATICUSDT,1.984,2.169,1.96,2.114,65727897.0,135305006.166,286950.0
2022-01-08,Binance,MATICUSDT,2.054,2.145,1.9,1.985,82923797.9,167644714.8186,359121.0
2022-01-07,Binance,MATICUSDT,2.251,2.266,2.042,2.053,119757574.2,254895011.6821,541861.0
2022-01-06,Binance,MATICUSDT,2.182,2.3,2.068,2.251,119331816.3,259085533.8823,544706.0
2022-01-05,Binance,MATICUSDT,2.366,2.452,2.02,2.182,116397377.1,264804541.4657,561202.0
2022-01-04,Binance,MATICUSDT,2.434,2.508,2.352,2.365,75096431.9,182892650.0835,369192.0
2022-01-03,Binance,MATICUSDT,2.55,2.552,2.361,2.432,65676503.5,161778141.9744,306028.0
2022-01-02,Binance,MATICUSDT,2.572,2.59,2.496,2.55,49037033.7,124377674.5418,207816.0
2022-01-01,Binance,MATICUSDT,2.524,2.605,2.502,2.572,51305956.1,131097147.8654,280260.0
2021-12-31,Binance,MATICUSDT,2.554,2.673,2.44,2.524,103470702.5,264754055.8207,544823.0
2021-12-30,Binance,MATICUSDT,2.475,2.597,2.414,2.553,108588043.0,272597718.1935,515375.0
2021-12-29,Binance,MATICUSDT,2.492,2.618,2.406,2.474,141095031.4,356632381.958,725861.0
2021-12-28,Binance,MATICUSDT,2.728,2.733,2.443,2.492,160784463.4,416763807.3861,905704.0
2021-12-27,Binance,MATICUSDT,2.876,2.923,2.711,2.728,104338949.1,294599767.797897,845858.0
2021-12-26,Binance,MATICUSDT,2.638,2.888,2.611,2.876,176197638.9,488095314.51976496,1716291.0
2021-12-25,Binance,MATICUSDT,2.468,2.69,2.429,2.639,86664472.0,222754838.8067,593369.0
2021-12-24,Binance,MATICUSDT,2.684,2.685,2.424,2.467,113433896.5,291782164.8753,724205.0
2021-12-23,Binance,MATICUSDT,2.501,2.734,2.462,2.683,225055521.6,588009016.072682,1836923.0
2021-12-22,Binance,MATICUSDT,2.372,2.653,2.367,2.501,215598006.7,547865077.357542,1902897.0
2021-12-21,Binance,MATICUSDT,2.13,2.412,2.107,2.372,148482305.1,340736398.9218,769245.0
2021-12-20,Binance,MATICUSDT,2.221,2.249,2.046,2.13,123178008.1,262248592.8137,517956.0
2021-12-19,Binance,MATICUSDT,2.234,2.291,2.162,2.222,104595349.9,233305171.9399,464964.0
2021-12-18,Binance,MATICUSDT,2.128,2.26,2.054,2.234,123331491.5,268682933.3096,565637.0
2021-12-17,Binance,MATICUSDT,2.07,2.161,1.936,2.127,149995578.1,309648301.8316,594354.0
2021-12-16,Binance,MATICUSDT,2.13,2.208,2.063,2.07,160540603.7,343689148.2742,652885.0
2021-12-15,Binance,MATICUSDT,1.941,2.226,1.829,2.129,258170340.2,520674345.9897,1049476.0
2021-12-14,Binance,MATICUSDT,1.817,1.947,1.735,1.94,162227967.4,298115836.4671,551669.0
2021-12-13,Binance,MATICUSDT,2.083,2.094,1.75,1.817,207420092.9,390487512.2889,637366.0
2021-12-12,Binance,MATICUSDT,2.14,2.142,2.026,2.084,95119674.7,198000563.7872,353210.0
2021-12-11,Binance,MATICUSDT,2.092,2.165,2.008,2.139,165319153.3,346281759.5097,590767.0
2021-12-10,Binance,MATICUSDT,2.084,2.291,2.038,2.092,337275662.1,730950303.683,1210963.0
2021-12-09,Binance,MATICUSDT,2.422,2.439,2.06,2.085,332563226.0,742699346.3629,1316855.0
2021-12-08,Binance,MATICUSDT,2.346,2.579,2.222,2.421,392870710.7,950361031.385511,2382382.0
2021-12-07,Binance,MATICUSDT,2.277,2.521,2.234,2.344,441159675.4,1040290904.951902,2784376.0
2021-12-06,Binance,MATICUSDT,2.05,2.32,1.7,2.277,420599480.7,834055923.97,1644597.0
2021-12-05,Binance,MATICUSDT,1.974,2.199,1.882,2.051,310626335.9,634901759.8574,1254071.0
2021-12-04,Binance,MATICUSDT,2.269,2.317,1.547,1.975,482545184.2,928601762.9987,1823414.0
2021-12-03,Binance,MATICUSDT,2.122,2.4,2.069,2.27,403426374.8,902987473.791217,3153682.0
2021-12-02,Binance,MATICUSDT,2.006,2.202,1.948,2.123,337936048.8,706092806.1073,2354531.0
2021-12-01,Binance,MATICUSDT,1.784,2.094,1.77,2.005,236434812.7,465389291.3717,1649355.0
2021-11-30,Binance,MATICUSDT,1.817,1.88,1.696,1.785,125119085.1,223987169.6737,701347.0
2021-11-29,Binance,MATICUSDT,1.652,1.834,1.629,1.816,84572444.8,145436066.3733,415230.0
2021-11-28,Binance,MATICUSDT,1.612,1.665,1.492,1.652,75447073.9,118934403.9194,311126.0
2021-11-27,Binance,MATICUSDT,1.639,1.726,1.587,1.613,56978913.2,94961596.6272,256584.0
2021-11-26,Binance,MATICUSDT,1.926,1.967,1.589,1.64,179444731.6,308904748.5787,944494.0
2021-11-25,Binance,MATICUSDT,1.685,1.94,1.67,1.925,151610100.3,277077661.1614,1171532.0
2021-11-24,Binance,MATICUSDT,1.75,1.838,1.648,1.686,128867765.0,222609344.8792,768143.0
2021-11-23,Binance,MATICUSDT,1.559,1.763,1.542,1.751,104048764.3,172050269.7271,571491.0
2021-11-22,Binance,MATICUSDT,1.598,1.621,1.525,1.559,59193702.9,92759160.5734,263060.0
2021-11-21,Binance,MATICUSDT,1.663,1.667,1.594,1.598,40091995.6,65256005.1371,169142.0
2021-11-20,Binance,MATICUSDT,1.622,1.679,1.559,1.664,57718268.7,93467078.2554,246068.0
2021-11-19,Binance,MATICUSDT,1.495,1.625,1.478,1.622,63171530.6,98694099.5225,257377.0
2021-11-18,Binance,MATICUSDT,1.636,1.702,1.443,1.494,99523642.4,154771929.1308,360596.0
2021-11-17,Binance,MATICUSDT,1.559,1.674,1.488,1.637,85437294.7,134232670.1524,355269.0
2021-11-16,Binance,MATICUSDT,1.694,1.694,1.463,1.559,133099353.4,209794910.3364,473352.0
2021-11-15,Binance,MATICUSDT,1.728,1.767,1.688,1.694,49314398.2,85300702.9869,205453.0
2021-11-14,Binance,MATICUSDT,1.751,1.775,1.686,1.728,43426724.1,74985472.1374,159737.0
2021-11-13,Binance,MATICUSDT,1.716,1.771,1.698,1.75,45150953.8,78230848.5643,191860.0
2021-11-12,Binance,MATICUSDT,1.754,1.777,1.636,1.715,75687048.3,129212603.5839,312016.0
2021-11-11,Binance,MATICUSDT,1.699,1.79,1.664,1.754,83483387.3,144467440.8244,356707.0
2021-11-10,Binance,MATICUSDT,1.775,1.893,1.527,1.7,187475989.5,328663728.4074,841276.0
2021-11-09,Binance,MATICUSDT,1.892,1.895,1.754,1.775,182663697.5,335535563.8987,546828.0
2021-11-08,Binance,MATICUSDT,1.885,1.942,1.861,1.893,105927582.7,200532590.5436,389265.0
2021-11-07,Binance,MATICUSDT,1.884,1.915,1.851,1.886,50189890.7,94628102.7517,204441.0
2021-11-06,Binance,MATICUSDT,1.896,1.926,1.809,1.883,52407084.3,98013811.8371,231829.0
2021-11-05,Binance,MATICUSDT,1.915,1.95,1.865,1.896,62769656.5,119482290.2178,252128.0
2021-11-04,Binance,MATICUSDT,2.038,2.04,1.862,1.916,100166794.9,195294608.5077,395231.0
2021-11-03,Binance,MATICUSDT,1.939,2.15,1.937,2.039,193807414.1,395129562.1172,1115874.0
2021-11-02,Binance,MATICUSDT,1.903,1.97,1.862,1.939,115942949.8,221899195.9839,387234.0
2021-11-01,Binance,MATICUSDT,1.939,1.971,1.834,1.902,109597754.7,208308318.0244,429158.0
2021-10-31,Binance,MATICUSDT,1.869,1.984,1.792,1.939,142641786.1,269536709.0784,620410.0
2021-10-30,Binance,MATICUSDT,2.022,2.028,1.826,1.869,133509266.0,256254373.8247,435420.0
2021-10-29,Binance,MATICUSDT,2.134,2.22,1.919,2.022,266151399.6,543304288.842311,1135633.0
2021-10-28,Binance,MATICUSDT,1.755,2.178,1.755,2.134,411270337.7,802716879.662257,2191109.0
2021-10-27,Binance,MATICUSDT,1.734,1.939,1.6,1.757,404527907.5,722796513.695992,1695519.0
2021-10-26,Binance,MATICUSDT,1.674,1.858,1.656,1.734,220852197.6,392702771.37995905,1147078.0
2021-10-25,Binance,MATICUSDT,1.571,1.682,1.562,1.673,108512793.8,177675658.3712,431374.0
2021-10-24,Binance,MATICUSDT,1.64,1.645,1.525,1.571,110034818.5,173921260.2605,328445.0
2021-10-23,Binance,MATICUSDT,1.518,1.677,1.497,1.641,167979804.6,270126168.5537,621278.0
2021-10-22,Binance,MATICUSDT,1.504,1.578,1.491,1.517,105142554.4,161195953.9795,314880.0
2021-10-21,Binance,MATICUSDT,1.534,1.631,1.479,1.505,136960924.8,211982684.5621,571030.0
2021-10-20,Binance,MATICUSDT,1.471,1.549,1.445,1.534,104789299.4,157384364.5325,301399.0
2021-10-19,Binance,MATICUSDT,1.48,1.525,1.435,1.472,82095015.5,121585757.1851,220048.0
2021-10-18,Binance,MATICUSDT,1.457,1.618,1.442,1.479,196488722.5,298885258.5734,615440.0
2021-10-17,Binance,MATICUSDT,1.507,1.549,1.407,1.457,97437722.6,144072367.827,295486.0
2021-10-16,Binance,MATICUSDT,1.594,1.605,1.488,1.507,195439941.9,300437549.2563,596504.0
2021-10-15,Binance,MATICUSDT,1.264,1.634,1.234,1.594,726029359.1,1083600369.9929,2264577.0
2021-10-14,Binance,MATICUSDT,1.241,1.29,1.228,1.264,67744720.0,85404464.8287,189495.0
2021-10-13,Binance,MATICUSDT,1.223,1.263,1.188,1.241,70321411.8,86051816.6687,186003.0
2021-10-12,Binance,MATICUSDT,1.243,1.243,1.152,1.223,82875206.1,99348685.4191,233692.0
2021-10-11,Binance,MATICUSDT,1.243,1.309,1.213,1.242,64238057.1,81017466.3512,182825.0
2021-10-10,Binance,MATICUSDT,1.351,1.358,1.233,1.244,69972921.9,91499432.2894,198332.0
2021-10-09,Binance,MATICUSDT,1.344,1.383,1.327,1.352,68478479.5,92604421.9149,168073.0
2021-10-08,Binance,MATICUSDT,1.277,1.44,1.27,1.344,186129635.1,255219377.6575,597962.0
2021-10-07,Binance,MATICUSDT,1.257,1.31,1.228,1.276,92713633.8,118118950.8899,283296.0
2021-10-06,Binance,MATICUSDT,1.314,1.319,1.202,1.257,119351850.0,151244914.8309,298502.0
2021-10-05,Binance,MATICUSDT,1.275,1.34,1.265,1.315,85020452.9,110906323.2568,218952.0
2021-10-04,Binance,MATICUSDT,1.326,1.327,1.235,1.275,111714716.2,142395816.8824,259259.0
2021-10-03,Binance,MATICUSDT,1.292,1.346,1.274,1.326,100812246.8,132611243.3565,250295.0
2021-10-02,Binance,MATICUSDT,1.266,1.356,1.223,1.292,94079891.6,120546449.6849,305036.0
2021-10-01,Binance,MATICUSDT,1.127,1.268,1.126,1.266,127648568.6,154822788.0628,336213.0
2021-09-30,Binance,MATICUSDT,1.1,1.15,1.094,1.128,79629849.0,89433449.4661,175118.0
2021-09-29,Binance,MATICUSDT,1.05,1.112,1.043,1.099,73483897.1,79857542.0506,132093.0
2021-09-28,Binance,MATICUSDT,1.085,1.112,1.046,1.05,70008132.7,75322513.5707,125689.0
2021-09-27,Binance,MATICUSDT,1.123,1.17,1.082,1.084,79992092.5,89978349.6711,160134.0
2021-09-26,Binance,MATICUSDT,1.12,1.167,1.03,1.123,114121246.6,126041510.2062,229336.0
2021-09-25,Binance,MATICUSDT,1.127,1.145,1.082,1.121,73679011.0,82490068.4741,162466.0
2021-09-24,Binance,MATICUSDT,1.225,1.23,1.047,1.126,147894771.3,167224244.899,303967.0
2021-09-23,Binance,MATICUSDT,1.23,1.245,1.176,1.225,92389284.5,112258701.9265,199223.0
2021-09-22,Binance,MATICUSDT,1.047,1.235,1.029,1.23,160509158.5,182396234.311466,307633.0
2021-09-21,Binance,MATICUSDT,1.135,1.187,1.015,1.047,212680253.6,236478230.82555,370218.0
2021-09-20,Binance,MATICUSDT,1.315,1.319,1.096,1.135,222246591.0,265361740.23609,457216.0
2021-09-19,Binance,MATICUSDT,1.365,1.372,1.301,1.315,65396253.9,87654589.4652,154404.0
2021-09-18,Binance,MATICUSDT,1.423,1.44,1.335,1.366,99338561.9,137838111.8751,238938.0
2021-09-17,Binance,MATICUSDT,1.383,1.442,1.3,1.422,134936963.2,184880753.5514,328418.0
2021-09-16,Binance,MATICUSDT,1.416,1.5,1.347,1.384,179037601.8,257494304.3211,482885.0
2021-09-15,Binance,MATICUSDT,1.318,1.42,1.316,1.416,108101078.6,147169273.8688,315414.0
2021-09-14,Binance,MATICUSDT,1.248,1.347,1.187,1.318,131588358.1,169886601.4442,332862.0
2021-09-13,Binance,MATICUSDT,1.328,1.35,1.196,1.248,146911214.7,183916187.595,374006.0
2021-09-12,Binance,MATICUSDT,1.316,1.373,1.222,1.328,109044545.6,145010065.5857,279043.0
2021-09-11,Binance,MATICUSDT,1.304,1.372,1.276,1.316,105837460.3,140076036.7437,247552.0
2021-09-10,Binance,MATICUSDT,1.367,1.5,1.266,1.304,206827240.3,282346976.6573,509199.0
2021-09-09,Binance,MATICUSDT,1.334,1.455,1.282,1.367,209323000.1,288163497.7519,484583.0
2021-09-08,Binance,MATICUSDT,1.361,1.382,1.183,1.334,281137276.4,364596628.2118,520945.0
2021-09-07,Binance,MATICUSDT,1.643,1.698,1.111,1.362,561949825.6,795011093.07806,1074182.0
2021-09-06,Binance,MATICUSDT,1.68,1.718,1.561,1.643,186068467.4,306754165.4607,440979.0
2021-09-05,Binance,MATICUSDT,1.738,1.798,1.634,1.68,277681074.8,475826953.562746,758443.0
2021-09-04,Binance,MATICUSDT,1.457,1.744,1.446,1.739,321325026.8,518306903.65958893,1072844.0
2021-09-03,Binance,MATICUSDT,1.445,1.502,1.403,1.457,122433630.3,178556357.6324,295022.0
2021-09-02,Binance,MATICUSDT,1.47,1.52,1.428,1.445,143859302.6,212141996.6134,336157.0
2021-09-01,Binance,MATICUSDT,1.337,1.5,1.31,1.47,262482700.2,373057183.4063,533910.0
2021-08-31,Binance,MATICUSDT,1.318,1.417,1.301,1.336,179349793.5,242763590.652773,323433.0
2021-08-30,Binance,MATICUSDT,1.419,1.421,1.304,1.319,146994160.6,201980400.918678,293920.0
2021-08-29,Binance,MATICUSDT,1.458,1.483,1.394,1.418,85334115.2,121836813.1203,186603.0
2021-08-28,Binance,MATICUSDT,1.519,1.53,1.441,1.458,78274762.8,115379983.933195,172141.0
2021-08-27,Binance,MATICUSDT,1.372,1.52,1.35,1.518,142531594.6,205121627.972264,285307.0
2021-08-26,Binance,MATICUSDT,1.52701,1.54773,1.362,1.372,143533351.4,204490387.631408,330417.0
2021-08-25,Binance,MATICUSDT,1.47434,1.55352,1.41934,1.52737,130368043.8,194773893.518112,362409.0
2021-08-24,Binance,MATICUSDT,1.62367,1.63,1.43515,1.47371,168472769.1,258650411.211406,471419.0
2021-08-23,Binance,MATICUSDT,1.62299,1.68612,1.59006,1.62482,149791238.6,245022116.983697,455939.0
2021-08-22,Binance,MATICUSDT,1.583,1.6686,1.55557,1.62299,163992144.0,264746854.613749,489880.0
2021-08-21,Binance,MATICUSDT,1.54942,1.7,1.51182,1.58324,260862252.0,426229904.507578,939213.0
2021-08-20,Binance,MATICUSDT,1.47055,1.56893,1.45067,1.54956,232074045.3,351271525.031377,701283.0
2021-08-19,Binance,MATICUSDT,1.33419,1.4707,1.3004,1.47056,167895431.9,229015151.778672,462843.0
2021-08-18,Binance,MATICUSDT,1.34998,1.40949,1.27189,1.33364,207837866.4,279317102.970451,472457.0
2021-08-17,Binance,MATICUSDT,1.41924,1.533,1.33,1.34998,248378838.6,356880741.124994,626779.0
2021-08-16,Binance,MATICUSDT,1.46666,1.56,1.4135,1.41963,250983686.7,375336418.621882,650355.0
2021-08-15,Binance,MATICUSDT,1.44134,1.486,1.36739,1.46666,165026629.9,235544572.499776,418776.0
2021-08-14,Binance,MATICUSDT,1.511,1.51249,1.40301,1.4416,206977533.2,300710949.238061,464497.0
2021-08-13,Binance,MATICUSDT,1.32168,1.51597,1.31454,1.51075,293333695.2,420668682.510064,717990.0
2021-08-12,Binance,MATICUSDT,1.37148,1.47929,1.25,1.32175,367785059.4,497628515.354106,856301.0
2021-08-11,Binance,MATICUSDT,1.15642,1.42709,1.15256,1.37115,489110484.5,644861436.8522489,1191571.0
2021-08-10,Binance,MATICUSDT,1.12626,1.17888,1.10852,1.15611,198586008.1,226869072.349308,410525.0
2021-08-09,Binance,MATICUSDT,1.08142,1.15861,1.03802,1.12629,171591288.4,190295205.664906,358290.0
2021-08-08,Binance,MATICUSDT,1.16647,1.1796,1.06844,1.08129,165071670.0,186372988.746331,330580.0
2021-08-07,Binance,MATICUSDT,1.08096,1.19662,1.06858,1.16618,276589477.7,317024563.896899,590549.0
2021-08-06,Binance,MATICUSDT,1.06561,1.09797,1.03515,1.08093,119365962.6,127347294.338209,246517.0
2021-08-05,Binance,MATICUSDT,1.05341,1.07453,1.011,1.06558,138199453.0,144707902.609999,254041.0
2021-08-04,Binance,MATICUSDT,1.02249,1.07096,1.00844,1.05387,112676829.2,117364997.166172,202657.0
2021-08-03,Binance,MATICUSDT,1.04553,1.06,1.005,1.02249,109219073.2,111880968.026429,193165.0
2021-08-02,Binance,MATICUSDT,1.04963,1.07994,1.02,1.0454,134379932.5,141557097.014515,233101.0
2021-08-01,Binance,MATICUSDT,1.08248,1.135,1.04118,1.04943,217134999.5,236668490.052593,411985.0
2021-07-31,Binance,MATICUSDT,1.06612,1.1,1.02445,1.08246,149055600.3,157064863.485129,278234.0
2021-07-30,Binance,MATICUSDT,1.02787,1.07133,0.99496,1.06595,176127462.8,181626803.458638,323026.0
2021-07-29,Binance,MATICUSDT,1.01803,1.04341,0.98915,1.02794,114617282.3,115976347.013318,207207.0
2021-07-28,Binance,MATICUSDT,1.04059,1.0586,0.9911,1.01803,200269460.6,205031768.368253,356146.0
2021-07-27,Binance,MATICUSDT,1.01413,1.06346,0.93775,1.04,349544062.7,349673382.346558,576590.0
2021-07-26,Binance,MATICUSDT,0.9391,1.13499,0.93057,1.01403,606612371.0,639487836.9704809,1132883.0
2021-07-25,Binance,MATICUSDT,0.94795,0.9649,0.8859,0.9391,178160974.0,165129030.914048,308105.0
2021-07-24,Binance,MATICUSDT,0.94858,0.98676,0.91023,0.94834,239737503.7,225196971.48729,419089.0
2021-07-23,Binance,MATICUSDT,0.88044,0.95771,0.85917,0.94856,310882779.9,283502201.731753,523378.0
2021-07-22,Binance,MATICUSDT,0.88886,0.93333,0.84266,0.88062,424463228.6,378446517.002879,615243.0
2021-07-21,Binance,MATICUSDT,0.68901,0.945,0.66838,0.88833,713823532.4,596767632.642652,1082702.0
2021-07-20,Binance,MATICUSDT,0.73322,0.7385,0.621,0.68892,370871474.8,251912832.441204,459521.0
2021-07-19,Binance,MATICUSDT,0.79337,0.8,0.72836,0.73285,120374943.1,91786560.555926,188029.0
2021-07-18,Binance,MATICUSDT,0.80124,0.85998,0.789,0.7937,116539208.3,96094385.153279,178970.0
2021-07-17,Binance,MATICUSDT,0.81164,0.82219,0.7829,0.80126,128200443.6,102574059.228671,189155.0
2021-07-16,Binance,MATICUSDT,0.87896,0.89741,0.81,0.81149,122539550.4,103741690.114592,195407.0
2021-07-15,Binance,MATICUSDT,0.92939,0.94568,0.85725,0.87913,116311869.3,104285386.30865,206121.0
2021-07-14,Binance,MATICUSDT,0.94589,0.96594,0.86824,0.92959,157306893.1,144438285.44402,270424.0
2021-07-13,Binance,MATICUSDT,0.99486,0.99573,0.93666,0.94572,104117684.5,100530233.195813,184541.0
2021-07-12,Binance,MATICUSDT,1.04324,1.0495,0.96198,0.99456,115406267.9,116052061.888856,215799.0
2021-07-11,Binance,MATICUSDT,1.03009,1.05989,1.0202,1.04231,57655857.3,59905739.658277,104448.0
2021-07-10,Binance,MATICUSDT,1.05151,1.07165,1.01905,1.0302,77935874.2,81069098.487718,138732.0
2021-07-09,Binance,MATICUSDT,1.04142,1.0695,1.00265,1.052,111501986.4,116076124.720871,192411.0
2021-07-08,Binance,MATICUSDT,1.12801,1.13287,1.0164,1.04172,147649631.4,158860224.953164,273094.0
2021-07-07,Binance,MATICUSDT,1.13028,1.17756,1.12503,1.128,153052469.5,175910436.292245,269911.0
2021-07-06,Binance,MATICUSDT,1.10051,1.1648,1.1,1.13028,139315705.9,157510951.291124,262702.0
2021-07-05,Binance,MATICUSDT,1.14769,1.14999,1.08,1.10063,126985673.8,142075938.692416,240089.0
2021-07-04,Binance,MATICUSDT,1.11819,1.17947,1.09466,1.14733,132086411.3,151639385.310263,284987.0
2021-07-03,Binance,MATICUSDT,1.10201,1.1465,1.0793,1.11802,118486894.7,132981490.535612,244358.0
2021-07-02,Binance,MATICUSDT,1.07275,1.10984,1.04264,1.10263,126537636.7,135665688.658316,235063.0
2021-07-01,Binance,MATICUSDT,1.16874,1.16941,1.05987,1.07275,151549036.0,166424367.136101,283665.0
2021-06-30,Binance,MATICUSDT,1.17223,1.18157,1.07933,1.16878,217466755.0,246053084.046302,388931.0
2021-06-29,Binance,MATICUSDT,1.12095,1.24985,1.115,1.17193,284862170.4,338261720.957593,555464.0
2021-06-28,Binance,MATICUSDT,1.11408,1.16518,1.08637,1.12095,218281146.4,244609639.142226,408255.0
2021-06-27,Binance,MATICUSDT,1.07699,1.11438,1.03411,1.11376,210798965.7,226265377.719375,353972.0
2021-06-26,Binance,MATICUSDT,1.03981,1.1037,1.00531,1.07699,236630568.2,247698708.128032,426525.0
2021-06-25,Binance,MATICUSDT,1.20241,1.2345,1.0368,1.03904,308460097.3,346860646.227411,552581.0
2021-06-24,Binance,MATICUSDT,1.17707,1.24,1.1341,1.20227,263877652.0,314338960.076603,502993.0
2021-06-23,Binance,MATICUSDT,1.07503,1.25,1.0271,1.17646,436699313.8,511881736.98698896,822577.0
2021-06-22,Binance,MATICUSDT,1.09802,1.23821,0.928,1.07596,871420354.0,948027311.378355,1713251.0
2021-06-21,Binance,MATICUSDT,1.39858,1.41083,1.08266,1.09807,477073488.0,598733158.805734,951970.0
2021-06-20,Binance,MATICUSDT,1.35858,1.43821,1.28055,1.39814,258404841.6,350484314.246745,539544.0
2021-06-19,Binance,MATICUSDT,1.37972,1.43257,1.34835,1.35812,231250441.0,321715645.717635,498047.0
2021-06-18,Binance,MATICUSDT,1.50324,1.514,1.30302,1.38,320044401.6,446876439.29772305,621831.0
2021-06-17,Binance,MATICUSDT,1.47892,1.55824,1.45331,1.50324,265325604.4,399639419.11707693,577483.0
2021-06-16,Binance,MATICUSDT,1.62787,1.63989,1.44764,1.4786,356518743.6,552349414.871631,812098.0
2021-06-15,Binance,MATICUSDT,1.54793,1.71,1.533,1.62868,504587100.8,832822413.4208729,1228289.0
2021-06-14,Binance,MATICUSDT,1.46641,1.6,1.41349,1.54737,372135319.2,560866632.355649,956291.0
2021-06-13,Binance,MATICUSDT,1.33717,1.4935,1.31132,1.46641,390005058.6,541894864.815185,902292.0
2021-06-12,Binance,MATICUSDT,1.2502,1.39878,1.16,1.33727,426962681.6,543244708.32438,888635.0
2021-06-11,Binance,MATICUSDT,1.36259,1.38304,1.23,1.2507,246762987.0,327808008.03108,561961.0
2021-06-10,Binance,MATICUSDT,1.49032,1.4999,1.35222,1.36286,274048314.8,390200965.85960495,596988.0
2021-06-09,Binance,MATICUSDT,1.47934,1.53379,1.35222,1.49033,452418224.8,656302943.482614,997131.0
2021-06-08,Binance,MATICUSDT,1.48529,1.52408,1.27644,1.47931,627472738.4,890528552.0757779,1367034.0
2021-06-07,Binance,MATICUSDT,1.58158,1.728,1.456,1.48478,450188736.9,731758626.1529169,1113809.0
2021-06-06,Binance,MATICUSDT,1.52723,1.59126,1.5109,1.58189,218352782.3,339396584.350743,541268.0
2021-06-05,Binance,MATICUSDT,1.63126,1.697,1.44138,1.52665,335352372.9,534660529.951726,866649.0
2021-06-04,Binance,MATICUSDT,1.82434,1.825,1.55009,1.63024,533838609.6,879582801.76937,1469011.0
2021-06-03,Binance,MATICUSDT,1.79913,1.885,1.761,1.82434,311112075.6,566256409.4035089,783839.0
2021-06-02,Binance,MATICUSDT,1.82492,1.89,1.7496,1.7996,363997932.6,661190025.874512,893471.0
2021-06-01,Binance,MATICUSDT,1.87147,1.9852,1.7614,1.82485,490146867.5,917419378.9044249,1306142.0
2021-05-31,Binance,MATICUSDT,1.86425,1.93565,1.744,1.87126,678672722.8,1251737183.0741289,1705196.0
2021-05-30,Binance,MATICUSDT,1.69563,1.9721,1.54815,1.86437,915474203.3,1681369847.653429,2481977.0
2021-05-29,Binance,MATICUSDT,1.81705,1.90715,1.51495,1.69553,855389320.8,1462828045.742309,2162075.0
2021-05-28,Binance,MATICUSDT,2.03874,2.061,1.6633,1.81759,1169728147.4,2186737197.198832,3255174.0
2021-05-27,Binance,MATICUSDT,2.20664,2.26826,1.85605,2.03704,1042765236.9,2182273654.7243366,2932722.0
2021-05-26,Binance,MATICUSDT,1.93365,2.43832,1.83352,2.20646,1479019507.4,3265620613.962228,4262423.0
2021-05-25,Binance,MATICUSDT,1.7473,1.948,1.511,1.93463,1411469800.1,2416797573.3966875,3638992.0
2021-05-24,Binance,MATICUSDT,1.07306,1.98152,1.06163,1.74861,2248051319.4,3470132411.7528353,5095166.0
2021-05-23,Binance,MATICUSDT,1.19293,1.25777,0.74503,1.0731,1361857121.2,1317216041.19759,2049489.0
2021-05-22,Binance,MATICUSDT,1.48351,1.62,1.12521,1.1907,772835088.6,1028112531.189989,1596448.0
2021-05-21,Binance,MATICUSDT,1.82785,1.97,1.19222,1.4835,925730809.1,1464737369.5237708,2086897.0
2021-05-20,Binance,MATICUSDT,1.62,2.19999,1.33,1.83289,1123879996.6,2083222195.6751878,3102412.0
2021-05-19,Binance,MATICUSDT,2.44124,2.64718,1.03447,1.61982,1984362819.0,4105367894.924448,5339444.0
2021-05-18,Binance,MATICUSDT,1.72899,2.7,1.705,2.44124,1185132477.7,2664490309.4573903,3308443.0
2021-05-17,Binance,MATICUSDT,1.72424,1.788,1.48,1.72678,569061849.6,943962279.0130141,1127314.0
2021-05-16,Binance,MATICUSDT,1.59501,1.833,1.46,1.72443,578181529.5,952283376.643364,1158117.0
2021-05-15,Binance,MATICUSDT,1.47357,1.89,1.46509,1.59501,1050153449.4,1805661855.713384,2043895.0
2021-05-14,Binance,MATICUSDT,1.05352,1.51716,1.04242,1.47376,721329895.7,957643476.962281,1278668.0
2021-05-13,Binance,MATICUSDT,1.04911,1.18462,0.95,1.05366,576024615.3,620445585.291959,888130.0
2021-05-12,Binance,MATICUSDT,1.06373,1.22855,1.0,1.05098,743670529.2,850914561.8011299,1245599.0
2021-05-11,Binance,MATICUSDT,0.87522,1.09,0.8,1.06343,493680497.0,465286524.449199,745029.0
2021-05-10,Binance,MATICUSDT,0.96966,1.00709,0.77142,0.8747,431120037.3,396494423.128792,720697.0
2021-05-09,Binance,MATICUSDT,0.84888,1.05798,0.78762,0.96945,1049416756.0,998767265.694542,1461911.0
2021-05-08,Binance,MATICUSDT,0.75017,0.84988,0.73003,0.84888,251853040.2,200159153.427493,391530.0
2021-05-07,Binance,MATICUSDT,0.76126,0.81004,0.73022,0.75002,199810386.9,153679715.344084,314501.0
2021-05-06,Binance,MATICUSDT,0.80977,0.814,0.72166,0.76126,192688668.2,149708884.960686,329825.0
2021-05-05,Binance,MATICUSDT,0.70343,0.83655,0.7005,0.80978,313079558.6,244279433.824899,500569.0
2021-05-04,Binance,MATICUSDT,0.79469,0.79891,0.6872,0.70375,305417946.1,227601691.018459,471523.0
2021-05-03,Binance,MATICUSDT,0.82208,0.87,0.77638,0.79482,300583192.7,246841596.289448,448711.0
2021-05-02,Binance,MATICUSDT,0.78531,0.82795,0.74,0.82132,312057554.6,246364794.022941,471706.0
2021-05-01,Binance,MATICUSDT,0.82044,0.84,0.769,0.78531,392955117.3,316836886.639121,615423.0
2021-04-30,Binance,MATICUSDT,0.89191,0.94707,0.78128,0.82066,799217157.7,691289176.851946,908401.0
2021-04-29,Binance,MATICUSDT,0.77708,0.93,0.74182,0.89196,1177393781.1,992801635.232483,1311925.0
2021-04-28,Binance,MATICUSDT,0.8284,0.8972,0.674,0.777,1837511227.6,1428474910.628828,1800654.0
2021-04-27,Binance,MATICUSDT,0.53654,0.849,0.53429,0.8284,1169955529.2,766562647.533626,1109075.0
2021-04-26,Binance,MATICUSDT,0.38435,0.57554,0.37871,0.53696,1095815368.4,548932921.347604,952475.0
2021-04-25,Binance,MATICUSDT,0.35421,0.405,0.344,0.38426,226117229.0,85616788.030193,185350.0
2021-04-24,Binance,MATICUSDT,0.38151,0.39115,0.33717,0.35421,148419267.3,53793281.880263,142938.0
2021-04-23,Binance,MATICUSDT,0.34929,0.4,0.29501,0.3815,354781884.5,118939081.181886,263133.0
2021-04-22,Binance,MATICUSDT,0.35702,0.42159,0.3434,0.34929,534467505.2,209307361.484824,403211.0
2021-04-21,Binance,MATICUSDT,0.34226,0.38287,0.32767,0.35664,183698864.1,65265465.20459,151774.0
2021-04-20,Binance,MATICUSDT,0.32564,0.35166,0.2963,0.34227,171372502.2,55779753.863007,131469.0
2021-04-19,Binance,MATICUSDT,0.36328,0.38686,0.32452,0.3254,168553438.0,59250526.460781,132434.0
2021-04-18,Binance,MATICUSDT,0.40224,0.40609,0.26055,0.36329,292296111.5,102486988.699933,241931.0
2021-04-17,Binance,MATICUSDT,0.4349,0.43906,0.39914,0.40185,144189818.4,60678769.629167,136343.0
2021-04-16,Binance,MATICUSDT,0.44,0.46738,0.40725,0.43532,260226545.0,111667043.303997,219007.0
2021-04-15,Binance,MATICUSDT,0.41381,0.459,0.40093,0.43962,296099371.1,127668337.614414,263303.0
2021-04-14,Binance,MATICUSDT,0.42281,0.44972,0.36925,0.41376,327156476.6,134288182.172504,274116.0
2021-04-13,Binance,MATICUSDT,0.35733,0.424,0.35722,0.42281,438845709.0,174372691.167538,360767.0
2021-04-12,Binance,MATICUSDT,0.36939,0.373,0.34952,0.35732,89960763.5,32170940.70465,72327.0
2021-04-11,Binance,MATICUSDT,0.35775,0.37,0.35,0.3692,84046681.9,30310043.852138,70806.0
2021-04-10,Binance,MATICUSDT,0.36713,0.37567,0.34751,0.35775,115544460.3,42074723.264013,90750.0
2021-04-09,Binance,MATICUSDT,0.35576,0.3836,0.34968,0.36713,134530015.2,49068865.869543,110825.0
2021-04-08,Binance,MATICUSDT,0.33754,0.361,0.33558,0.3559,119886556.4,41918163.609137,90751.0
2021-04-07,Binance,MATICUSDT,0.3743,0.37609,0.30871,0.33755,226550572.8,78189962.693083,179423.0
2021-04-06,Binance,MATICUSDT,0.37006,0.38979,0.36039,0.37426,223782074.9,84080749.367903,185842.0
2021-04-05,Binance,MATICUSDT,0.36085,0.37094,0.34784,0.37011,151891139.4,54559227.117741,108048.0
2021-04-04,Binance,MATICUSDT,0.35158,0.37216,0.34359,0.36072,112252653.5,40586882.110284,85988.0
2021-04-03,Binance,MATICUSDT,0.38274,0.3986,0.34976,0.35134,177150608.5,66337241.195877,128948.0
2021-04-02,Binance,MATICUSDT,0.36302,0.39545,0.35717,0.38249,190017129.9,71824617.87172,144682.0
2021-04-01,Binance,MATICUSDT,0.36039,0.38,0.35205,0.36343,144495789.5,52873299.252086,117581.0
2021-03-31,Binance,MATICUSDT,0.37118,0.38267,0.33637,0.35995,205426687.5,73761868.123961,157792.0
2021-03-30,Binance,MATICUSDT,0.38445,0.38869,0.36023,0.37122,178760273.1,66670896.704591,135576.0
2021-03-29,Binance,MATICUSDT,0.34591,0.42396,0.33719,0.38456,395274991.0,151259038.504771,279679.0
2021-03-28,Binance,MATICUSDT,0.33195,0.35561,0.32837,0.34624,163937153.1,56015701.584316,117425.0
2021-03-27,Binance,MATICUSDT,0.3361,0.35676,0.331,0.33195,159556262.8,54486127.878409,116051.0
2021-03-26,Binance,MATICUSDT,0.3004,0.34168,0.30017,0.33668,166637476.1,54093432.559062,130915.0
2021-03-25,Binance,MATICUSDT,0.32151,0.33769,0.29743,0.30078,193177201.1,61082646.760989,136964.0
2021-03-24,Binance,MATICUSDT,0.32977,0.37883,0.30136,0.32213,268467295.7,93400578.871538,190197.0
2021-03-23,Binance,MATICUSDT,0.34594,0.36456,0.32557,0.32987,146387420.6,50404678.165545,105919.0
2021-03-22,Binance,MATICUSDT,0.38044,0.38422,0.321,0.34594,152178072.5,55067401.561853,116166.0
2021-03-21,Binance,MATICUSDT,0.38276,0.4095,0.36402,0.38016,152444599.4,58216415.402444,115634.0
2021-03-20,Binance,MATICUSDT,0.40992,0.42,0.38263,0.38276,148386219.5,60078732.714238,106128.0
2021-03-19,Binance,MATICUSDT,0.38919,0.4235,0.375,0.40991,177038122.9,71614401.323021,155344.0
2021-03-18,Binance,MATICUSDT,0.40132,0.43701,0.385,0.38919,221617738.5,90677544.41281,177079.0
2021-03-17,Binance,MATICUSDT,0.37275,0.42676,0.37141,0.40081,418128933.4,168482060.243385,290386.0
2021-03-16,Binance,MATICUSDT,0.39101,0.396,0.34452,0.37275,311878310.7,115546473.16643,207191.0
2021-03-15,Binance,MATICUSDT,0.38041,0.43098,0.37823,0.3911,412939725.4,168502735.105084,311338.0
2021-03-14,Binance,MATICUSDT,0.42526,0.44049,0.37486,0.38043,381854830.2,150295334.369009,260335.0
2021-03-13,Binance,MATICUSDT,0.41356,0.47,0.41057,0.42474,539596767.1,232342988.170044,382276.0
2021-03-12,Binance,MATICUSDT,0.40916,0.505,0.39591,0.41354,1098461833.7,493355769.68306094,722152.0
2021-03-11,Binance,MATICUSDT,0.28671,0.54344,0.27912,0.40884,1398092193.4,533201917.570428,726022.0
2021-03-10,Binance,MATICUSDT,0.29921,0.3405,0.28,0.28678,859362194.3,268081812.897381,459628.0
2021-03-09,Binance,MATICUSDT,0.21747,0.308,0.21544,0.299,899319214.8,239121021.413724,369584.0
2021-03-08,Binance,MATICUSDT,0.21209,0.22148,0.20472,0.21746,182254757.4,38718700.156949,81474.0
2021-03-07,Binance,MATICUSDT,0.21229,0.22249,0.20707,0.21235,159554655.2,34473453.710397,76641.0
2021-03-06,Binance,MATICUSDT,0.21236,0.22919,0.20526,0.21215,223410617.2,48647334.271694,108467.0
2021-03-05,Binance,MATICUSDT,0.19884,0.224,0.18288,0.21233,395489429.1,81395835.766771,173802.0
2021-03-04,Binance,MATICUSDT,0.22278,0.23625,0.19251,0.19877,400721256.0,84972595.814114,184842.0
2021-03-03,Binance,MATICUSDT,0.23227,0.238,0.21846,0.22302,331005470.7,75490900.235816,151391.0
2021-03-02,Binance,MATICUSDT,0.24928,0.2505,0.21026,0.23264,498124592.5,114357176.045126,232165.0
2021-03-01,Binance,MATICUSDT,0.23291,0.25402,0.21607,0.2501,923912729.7,215985392.639073,383171.0
2021-02-28,Binance,MATICUSDT,0.19717,0.23399,0.1716,0.2329,1048606178.3,210981964.835501,360508.0
2021-02-27,Binance,MATICUSDT,0.19067,0.23171,0.18833,0.1971,988975732.9,208931402.462902,365609.0
2021-02-26,Binance,MATICUSDT,0.17564,0.20337,0.15942,0.19036,1129911803.3,202067225.498042,340874.0
2021-02-25,Binance,MATICUSDT,0.16021,0.2218,0.15858,0.17564,1277626457.3,242639835.753785,421465.0
2021-02-24,Binance,MATICUSDT,0.13673,0.17151,0.12724,0.1602,760692851.5,117288403.028254,265234.0
2021-02-23,Binance,MATICUSDT,0.15214,0.15296,0.099,0.13672,872448639.9,111437491.102894,244406.0
2021-02-22,Binance,MATICUSDT,0.16233,0.16757,0.11996,0.15217,794306581.2,119623098.647653,256004.0
2021-02-21,Binance,MATICUSDT,0.14402,0.18471,0.13879,0.16231,788793761.8,130498648.788733,254805.0
2021-02-20,Binance,MATICUSDT,0.15339,0.201,0.13,0.14443,1518699825.9,260674198.813026,501592.0
2021-02-19,Binance,MATICUSDT,0.12237,0.16539,0.1172,0.15327,747308914.1,100661952.60314,207315.0
2021-02-18,Binance,MATICUSDT,0.11215,0.13395,0.11212,0.12214,582538582.7,72899482.38134,173743.0
2021-02-17,Binance,MATICUSDT,0.10864,0.1195,0.09529,0.11213,514912629.2,55580969.615358,136015.0
2021-02-16,Binance,MATICUSDT,0.10749,0.11588,0.10069,0.10899,464345137.3,49852533.026016,121346.0
2021-02-15,Binance,MATICUSDT,0.10055,0.11977,0.08149,0.10717,795291029.1,82506590.795423,198032.0
2021-02-14,Binance,MATICUSDT,0.11155,0.11597,0.09422,0.10002,435675175.3,45667668.790241,116468.0
2021-02-13,Binance,MATICUSDT,0.12069,0.1259,0.10476,0.1115,443818680.2,51314618.898415,133925.0
2021-02-12,Binance,MATICUSDT,0.12332,0.1298,0.11354,0.12071,458722829.4,55895187.62876,133756.0
2021-02-11,Binance,MATICUSDT,0.11587,0.13845,0.112,0.12333,679724272.5,86832273.614364,207425.0
2021-02-10,Binance,MATICUSDT,0.09863,0.1469,0.09635,0.11585,1888825126.6,227908122.540705,507840.0
2021-02-09,Binance,MATICUSDT,0.07115,0.108,0.069,0.09864,1076998438.3,97273744.242395,225694.0
2021-02-08,Binance,MATICUSDT,0.06645,0.08,0.06,0.07118,974652510.9,70007982.489593,174721.0
2021-02-07,Binance,MATICUSDT,0.05255,0.069,0.04783,0.06646,750740437.7,43586298.723382,109112.0
2021-02-06,Binance,MATICUSDT,0.05487,0.05572,0.04646,0.0525,490949915.7,24931191.247154,73458.0
2021-02-05,Binance,MATICUSDT,0.04738,0.05642,0.04571,0.05481,651052079.1,32663607.90696,97532.0
2021-02-04,Binance,MATICUSDT,0.0438,0.0498,0.039,0.04737,538428959.8,23747384.456797,76392.0
2021-02-03,Binance,MATICUSDT,0.04107,0.04439,0.03975,0.04382,293807439.7,12329564.075968,39304.0
2021-02-02,Binance,MATICUSDT,0.04092,0.04139,0.03916,0.04105,216963135.8,8710366.730486,27979.0
2021-02-01,Binance,MATICUSDT,0.03828,0.04138,0.0362,0.0409,348324105.6,13431616.920381,41041.0
2021-01-31,Binance,MATICUSDT,0.03996,0.04038,0.03598,0.03831,325374028.9,12394924.608023,40302.0
2021-01-30,Binance,MATICUSDT,0.04025,0.04689,0.039,0.03999,632562406.3,26574756.526833,67211.0
2021-01-29,Binance,MATICUSDT,0.03858,0.0435,0.0373,0.04016,675782317.9,26921724.13742,80965.0
2021-01-28,Binance,MATICUSDT,0.04175,0.04459,0.03823,0.03856,595524671.2,24939338.432058,62186.0
2021-01-27,Binance,MATICUSDT,0.04335,0.04833,0.03748,0.04175,1282626953.0,54881319.183616,120568.0
2021-01-26,Binance,MATICUSDT,0.03278,0.04478,0.0318,0.0433,1428010609.7,56009138.750055,126243.0
2021-01-25,Binance,MATICUSDT,0.03307,0.03685,0.03272,0.03273,333194082.4,11620254.232355,37990.0
2021-01-24,Binance,MATICUSDT,0.03403,0.0352,0.03215,0.0331,258100225.8,8761032.869801,28447.0
2021-01-23,Binance,MATICUSDT,0.03118,0.03521,0.03054,0.03403,455653448.8,15099357.521527,49916.0
2021-01-22,Binance,MATICUSDT,0.02867,0.03295,0.02635,0.03119,311314570.0,9358892.639548,35009.0
2021-01-21,Binance,MATICUSDT,0.03444,0.03502,0.02813,0.0286,414400685.1,12954629.0009,41323.0
2021-01-20,Binance,MATICUSDT,0.03234,0.0348,0.03021,0.03443,390493898.9,12710366.58819,38439.0
2021-01-19,Binance,MATICUSDT,0.03614,0.03624,0.03188,0.03229,342406920.5,11789349.390855,33710.0
2021-01-18,Binance,MATICUSDT,0.03413,0.038,0.03333,0.03612,381138242.3,13656846.234094,41546.0
2021-01-17,Binance,MATICUSDT,0.03269,0.0348,0.03058,0.03416,352925246.0,11630350.075062,35277.0
2021-01-16,Binance,MATICUSDT,0.03401,0.03637,0.03161,0.03271,404737101.8,13976062.032026,48017.0
2021-01-15,Binance,MATICUSDT,0.03278,0.03685,0.02912,0.03402,507871186.6,16806136.071601,58014.0
2021-01-14,Binance,MATICUSDT,0.02992,0.033,0.029,0.03286,335461457.5,10351766.707561,33583.0
2021-01-13,Binance,MATICUSDT,0.02608,0.03059,0.02467,0.02992,319369040.2,8879113.08919,30984.0
2021-01-12,Binance,MATICUSDT,0.02593,0.0289,0.02501,0.02609,306107664.2,8140350.314385,29646.0
2021-01-11,Binance,MATICUSDT,0.0302,0.03033,0.02281,0.02593,521443324.7,13489660.970132,45393.0
2021-01-10,Binance,MATICUSDT,0.03343,0.03449,0.02732,0.03024,555898080.6,17518575.537691,52073.0
2021-01-09,Binance,MATICUSDT,0.03154,0.0347,0.03052,0.03346,357758188.9,11556014.341383,37045.0
2021-01-08,Binance,MATICUSDT,0.03297,0.035,0.02738,0.03159,691258052.7,22057658.900865,69021.0
2021-01-07,Binance,MATICUSDT,0.03553,0.04033,0.0299,0.03297,1144840735.8,40186264.729131,118224.0
2021-01-06,Binance,MATICUSDT,0.02439,0.03673,0.02385,0.03555,1814721042.2,54685668.188428,147502.0
2021-01-05,Binance,MATICUSDT,0.02468,0.02708,0.02351,0.0244,915763524.6,22784374.650383,75159.0
2021-01-04,Binance,MATICUSDT,0.01997,0.02499,0.01951,0.02468,660725286.7,14533136.559447,60902.0
2021-01-03,Binance,MATICUSDT,0.01906,0.0207,0.01878,0.01997,285691847.8,5591426.969304,28109.0
2021-01-02,Binance,MATICUSDT,0.01776,0.0196,0.01715,0.01904,271358492.5,5022307.06244,26979.0
